sensor, -0.0024,-0.0309,-0.0201, -0.0012,-0.0058,0.0090, 0.0000,0.0000,0.0000,0.0000, 39.6759,17.6453,-4.0894
sensor, -0.0077,-0.0369,-0.0165, -0.0023,-0.0058,0.0058, 0.2268,0.7428,-0.0223,0.6295, 39.6759,17.6453,-4.0894
sensor, -0.0369,-0.0313,-0.0170, -0.0023,-0.0047,0.0079, 0.2269,0.7428,-0.0224,0.6295, 41.0721,16.9464,-3.4088
sensor, -0.0047,-0.0362,0.0100, -0.0012,-0.0037,0.0047, 0.2270,0.7428,-0.0225,0.6295, 41.0721,16.9464,-3.4088
sensor, 0.0009,-0.0233,-0.0285, -0.0023,-0.0047,0.0037, 0.2269,0.7428,-0.0226,0.6295, 41.0721,16.9464,-3.4088
sensor, -0.0095,-0.0355,0.0452, -0.0044,-0.0037,0.0047, 0.2270,0.7428,-0.0227,0.6295, 41.0721,16.9464,-3.4088
sensor, -0.0090,-0.0124,0.0215, -0.0034,-0.0026,0.0047, 0.2269,0.7428,-0.0227,0.6295, 39.6759,17.6453,-4.7684
sensor, 0.0217,-0.0041,0.0086, -0.0044,-0.0015,0.0037, 0.2270,0.7427,-0.0228,0.6296, 39.6759,17.6453,-4.7684
sensor, 0.0143,-0.0182,-0.0078, -0.0034,-0.0015,0.0047, 0.2270,0.7427,-0.0228,0.6296, 39.6759,17.6453,-4.7684
sensor, -0.0001,0.0007,-0.0168, -0.0034,-0.0037,0.0058, 0.2270,0.7427,-0.0228,0.6296, 39.6759,17.6453,-4.7684
sensor, 0.0094,0.0017,0.0147, -0.0044,-0.0015,0.0079, 0.2271,0.7427,-0.0228,0.6295, 38.2782,17.6453,-2.7298
sensor, -0.0316,0.0391,0.0216, -0.0055,-0.0026,0.0068, 0.2271,0.7427,-0.0228,0.6296, 38.2782,17.6453,-2.7298
sensor, -0.0320,0.0640,-0.0043, -0.0044,-0.0047,0.0090, 0.2270,0.7427,-0.0227,0.6296, 38.2782,17.6453,-2.7298
sensor, -0.0526,0.0481,-0.0100, -0.0034,-0.0005,0.0111, 0.2271,0.7426,-0.0226,0.6296, 38.2782,17.6453,-2.7298
sensor, -0.0715,0.0433,-0.0046, -0.0023,-0.0005,0.0132, 0.2271,0.7426,-0.0225,0.6296, 39.6759,16.9464,-2.7298
sensor, -0.0597,0.0555,0.0009, -0.0023,0.0038,0.0132, 0.2271,0.7426,-0.0225,0.6297, 39.6759,16.9464,-2.7298
sensor, -0.0366,0.0291,0.0184, -0.0002,0.0048,0.0122, 0.2272,0.7426,-0.0224,0.6297, 39.6759,16.9464,-2.7298
sensor, -0.0342,0.0551,0.0268, 0.0030,0.0080,0.0100, 0.2272,0.7426,-0.0223,0.6297, 39.6759,16.9464,-2.7298
sensor, -0.0043,0.0866,0.0093, 0.0030,0.0080,0.0100, 0.2272,0.7425,-0.0222,0.6297, 39.6759,18.3441,-3.4088
sensor, 0.0134,0.0497,-0.0093, 0.0062,0.0123,0.0068, 0.2272,0.7425,-0.0222,0.6297, 39.6759,18.3441,-3.4088
sensor, 0.0144,0.0543,0.0050, 0.0094,0.0176,-0.0006, 0.2273,0.7426,-0.0221,0.6297, 39.6759,18.3441,-3.4088
sensor, 0.0140,0.0061,-0.0141, 0.0094,0.0176,-0.0006, 0.2273,0.7426,-0.0220,0.6296, 39.6759,18.3441,-3.4088
sensor, 0.0166,-0.0117,-0.0233, 0.0105,0.0134,-0.0091, 0.2274,0.7426,-0.0221,0.6296, 40.3748,17.6453,-3.4088
sensor, -0.0216,-0.0369,-0.0142, 0.0105,0.0123,-0.0113, 0.2275,0.7426,-0.0222,0.6295, 40.3748,17.6453,-3.4088
sensor, -0.0293,-0.0184,-0.0325, 0.0094,0.0134,-0.0134, 0.2275,0.7427,-0.0223,0.6295, 40.3748,17.6453,-3.4088
sensor, -0.0463,-0.0536,0.0009, 0.0094,0.0134,-0.0134, 0.2275,0.7427,-0.0223,0.6294, 40.3748,17.6453,-3.4088
sensor, -0.0122,-0.0192,0.0247, 0.0116,0.0112,-0.0091, 0.2274,0.7427,-0.0224,0.6294, 41.0721,17.6453,-3.4088
sensor, 0.0091,-0.0696,-0.0340, 0.0094,0.0134,-0.0091, 0.2275,0.7427,-0.0225,0.6294, 41.0721,17.6453,-3.4088
sensor, -0.0163,-0.0679,-0.0115, 0.0094,0.0123,-0.0070, 0.2275,0.7428,-0.0226,0.6293, 41.0721,17.6453,-3.4088
sensor, 0.0351,-0.0336,-0.0185, 0.0105,0.0123,-0.0081, 0.2275,0.7428,-0.0227,0.6293, 41.0721,17.6453,-3.4088
sensor, -0.0024,-0.0450,-0.0308, 0.0073,0.0102,-0.0049, 0.2275,0.7428,-0.0228,0.6292, 38.9771,16.2491,-2.7298
sensor, 0.0376,-0.0403,-0.0523, 0.0083,0.0091,-0.0059, 0.2276,0.7428,-0.0229,0.6292, 38.9771,16.2491,-2.7298
sensor, 0.0540,-0.0522,-0.0035, 0.0105,0.0080,-0.0049, 0.2276,0.7429,-0.0230,0.6291, 38.9771,16.2491,-2.7298
sensor, 0.0433,-0.0687,-0.0304, 0.0094,0.0059,-0.0038, 0.2276,0.7429,-0.0231,0.6291, 38.9771,16.2491,-2.7298
sensor, 0.0573,-0.0530,-0.0043, 0.0062,0.0048,-0.0006, 0.2277,0.7429,-0.0231,0.6290, 39.6759,18.3441,-3.4088
sensor, 0.0201,-0.0476,-0.0421, 0.0073,0.0059,-0.0006, 0.2277,0.7429,-0.0232,0.6290, 39.6759,18.3441,-3.4088
sensor, -0.0030,-0.0506,0.0095, 0.0073,0.0038,0.0015, 0.2278,0.7430,-0.0233,0.6290, 39.6759,18.3441,-3.4088
sensor, 0.0288,-0.0612,0.0169, 0.0083,0.0027,0.0068, 0.2278,0.7430,-0.0234,0.6289, 39.6759,18.3441,-3.4088
sensor, 0.0476,-0.0428,0.0136, 0.0062,0.0017,0.0047, 0.2278,0.7430,-0.0234,0.6289, 38.9771,17.6453,-2.7298
sensor, 0.0250,-0.0270,-0.0192, 0.0041,0.0027,0.0047, 0.2278,0.7430,-0.0234,0.6289, 38.9771,17.6453,-2.7298
sensor, 0.0431,-0.0365,-0.0524, 0.0062,0.0006,0.0058, 0.2278,0.7430,-0.0235,0.6289, 38.9771,17.6453,-2.7298
sensor, -0.0095,-0.0178,-0.0102, 0.0062,-0.0005,0.0047, 0.2279,0.7430,-0.0235,0.6289, 38.9771,17.6453,-2.7298
sensor, 0.0074,-0.0228,-0.0204, 0.0041,-0.0015,0.0047, 0.2279,0.7430,-0.0235,0.6289, 40.3748,17.6453,-4.0894
sensor, 0.0232,-0.0283,-0.0069, 0.0062,-0.0015,0.0058, 0.2280,0.7430,-0.0237,0.6288, 40.3748,17.6453,-4.0894
sensor, 0.0051,-0.0187,0.0089, 0.0052,-0.0005,0.0068, 0.2281,0.7430,-0.0237,0.6288, 40.3748,17.6453,-4.0894
sensor, -0.0027,-0.0036,0.0194, 0.0041,-0.0005,0.0058, 0.2281,0.7430,-0.0237,0.6288, 40.3748,17.6453,-4.0894
sensor, -0.0193,-0.0005,-0.0105, 0.0052,-0.0037,0.0058, 0.2281,0.7429,-0.0237,0.6288, 39.6759,18.3441,-2.7298
sensor, 0.0111,-0.0111,0.0049, 0.0041,-0.0037,0.0058, 0.2281,0.7429,-0.0237,0.6288, 39.6759,18.3441,-2.7298
sensor, -0.0068,-0.0195,-0.0498, 0.0052,-0.0026,0.0058, 0.2281,0.7429,-0.0237,0.6289, 39.6759,18.3441,-2.7298
sensor, 0.0065,0.0025,-0.0175, 0.0073,-0.0015,0.0058, 0.2282,0.7429,-0.0237,0.6288, 39.6759,18.3441,-2.7298
sensor, 0.0022,-0.0194,-0.0209, 0.0083,-0.0026,0.0079, 0.2282,0.7429,-0.0237,0.6288, 39.6759,17.6453,-4.0894
sensor, -0.0018,0.0021,0.0007, 0.0062,-0.0015,0.0068, 0.2285,0.7429,-0.0240,0.6288, 39.6759,17.6453,-4.0894
sensor, -0.0239,-0.0001,-0.0112, 0.0052,-0.0026,0.0037, 0.2285,0.7429,-0.0239,0.6288, 39.6759,17.6453,-4.0894
sensor, 0.0000,-0.0023,0.0090, 0.0062,-0.0015,0.0037, 0.2285,0.7429,-0.0239,0.6288, 39.6759,17.6453,-4.0894
sensor, -0.0003,-0.0266,-0.0195, 0.0062,-0.0015,0.0026, 0.2285,0.7429,-0.0239,0.6288, 39.6759,17.6453,-4.0894
sensor, -0.0273,-0.0115,0.0205, 0.0062,0.0017,0.0026, 0.2287,0.7428,-0.0242,0.6288, 39.6759,17.6453,-4.0894
sensor, -0.0211,-0.0381,-0.0735, 0.0073,0.0027,0.0037, 0.2287,0.7428,-0.0242,0.6288, 39.6759,17.6453,-4.0894
sensor, 0.0111,-0.0273,-0.0204, 0.0073,0.0006,0.0026, 0.2287,0.7428,-0.0242,0.6287, 39.6759,17.6453,-4.0894
sensor, -0.0086,-0.0222,0.0047, 0.0030,0.0006,0.0005, 0.2287,0.7428,-0.0242,0.6287, 40.3748,15.5502,-4.7684
sensor, -0.0124,0.0012,-0.0245, 0.0041,0.0017,0.0037, 0.2292,0.7427,-0.0247,0.6287, 40.3748,15.5502,-4.7684
sensor, 0.0007,-0.0201,-0.0309, 0.0052,0.0006,0.0026, 0.2292,0.7427,-0.0247,0.6287, 40.3748,15.5502,-4.7684
sensor, 0.0083,-0.0212,-0.0084, 0.0073,0.0027,0.0026, 0.2293,0.7427,-0.0247,0.6287, 40.3748,15.5502,-4.7684
sensor, 0.0059,-0.0371,-0.0144, 0.0030,0.0017,-0.0006, 0.2293,0.7427,-0.0247,0.6287, 40.3748,16.9464,-2.7298
sensor, 0.0247,-0.0390,-0.0047, 0.0020,0.0017,-0.0017, 0.2294,0.7427,-0.0248,0.6287, 40.3748,16.9464,-2.7298
sensor, 0.0055,-0.0462,-0.0072, 0.0020,0.0017,-0.0006, 0.2294,0.7427,-0.0248,0.6286, 40.3748,16.9464,-2.7298
sensor, 0.0164,-0.0234,0.0013, 0.0020,0.0027,-0.0017, 0.2294,0.7427,-0.0249,0.6286, 40.3748,16.9464,-2.7298
sensor, 0.0271,-0.0543,-0.0192, -0.0002,0.0048,-0.0038, 0.2294,0.7427,-0.0249,0.6286, 39.6759,18.3441,-4.7684
sensor, -0.0033,-0.0190,-0.0189, -0.0002,0.0017,-0.0027, 0.2297,0.7426,-0.0252,0.6286, 39.6759,18.3441,-4.7684
sensor, 0.0195,-0.0589,-0.0006, -0.0002,0.0017,-0.0038, 0.2297,0.7426,-0.0252,0.6286, 39.6759,18.3441,-4.7684
sensor, 0.0253,-0.0658,-0.0145, -0.0012,-0.0005,-0.0038, 0.2297,0.7426,-0.0252,0.6286, 39.6759,18.3441,-4.7684
sensor, 0.0328,-0.0348,-0.0172, -0.0055,-0.0015,-0.0027, 0.2297,0.7426,-0.0253,0.6286, 38.9771,18.3441,-4.7684
sensor, 0.0191,-0.0478,-0.0159, -0.0066,-0.0005,-0.0006, 0.2300,0.7426,-0.0255,0.6285, 38.9771,18.3441,-4.7684
sensor, -0.0119,-0.0416,-0.0078, -0.0066,0.0006,0.0026, 0.2299,0.7426,-0.0256,0.6285, 38.9771,18.3441,-4.7684
sensor, -0.0080,-0.0229,-0.0264, -0.0076,-0.0037,0.0047, 0.2299,0.7426,-0.0256,0.6285, 38.9771,18.3441,-4.7684
sensor, 0.0039,-0.0238,0.0057, -0.0076,-0.0047,0.0068, 0.2299,0.7426,-0.0256,0.6285, 38.9771,18.3441,-4.7684
sensor, 0.0325,-0.0016,0.0080, -0.0044,-0.0037,0.0132, 0.2299,0.7426,-0.0255,0.6286, 40.3748,16.2491,-4.0894
sensor, 0.0140,0.0141,-0.0223, -0.0044,-0.0047,0.0090, 0.2302,0.7424,-0.0258,0.6286, 40.3748,16.2491,-4.0894
sensor, -0.0049,0.0612,-0.0110, -0.0034,-0.0026,0.0090, 0.2303,0.7424,-0.0257,0.6286, 40.3748,16.2491,-4.0894
sensor, -0.0141,0.0192,-0.0064, -0.0023,-0.0026,0.0068, 0.2303,0.7424,-0.0256,0.6286, 38.9771,17.6453,-3.4088
sensor, -0.0312,0.0545,-0.0443, 0.0009,-0.0005,0.0015, 0.2304,0.7424,-0.0257,0.6286, 38.9771,17.6453,-3.4088
sensor, -0.0553,0.0228,0.0023, -0.0002,-0.0005,0.0015, 0.2304,0.7424,-0.0257,0.6286, 38.9771,17.6453,-3.4088
sensor, -0.0272,-0.0012,-0.0142, -0.0012,0.0017,0.0005, 0.2304,0.7424,-0.0257,0.6286, 38.9771,17.6453,-3.4088
sensor, -0.0267,-0.0079,0.0024, 0.0009,0.0038,-0.0017, 0.2304,0.7424,-0.0257,0.6286, 40.3748,16.9464,-3.4088
sensor, -0.0473,-0.0078,0.0010, 0.0020,0.0059,-0.0006, 0.2306,0.7424,-0.0258,0.6286, 40.3748,16.9464,-3.4088
sensor, -0.0104,0.0135,-0.0187, 0.0030,0.0059,-0.0027, 0.2306,0.7424,-0.0258,0.6285, 40.3748,16.9464,-3.4088
sensor, -0.0033,-0.0512,-0.0262, 0.0030,0.0059,-0.0006, 0.2306,0.7424,-0.0259,0.6285, 40.3748,16.2491,-4.0894
sensor, -0.0086,-0.0237,-0.0138, 0.0009,0.0048,-0.0006, 0.2309,0.7423,-0.0262,0.6285, 40.3748,16.2491,-4.0894
sensor, -0.0101,-0.0076,0.0026, 0.0009,0.0048,-0.0006, 0.2309,0.7423,-0.0262,0.6285, 40.3748,16.2491,-4.0894
sensor, -0.0338,-0.0188,0.0008, 0.0009,0.0048,-0.0006, 0.2310,0.7423,-0.0262,0.6285, 41.0721,16.2491,-2.0493
sensor, 0.0178,-0.0606,-0.0063, 0.0009,0.0048,-0.0027, 0.2310,0.7423,-0.0262,0.6284, 41.0721,16.2491,-2.0493
sensor, -0.0094,-0.0199,-0.0155, 0.0009,0.0048,-0.0017, 0.2310,0.7423,-0.0263,0.6284, 38.9771,16.9464,-3.4088
sensor, -0.0132,-0.0489,-0.0164, -0.0012,0.0038,0.0005, 0.2311,0.7423,-0.0264,0.6284, 38.9771,16.9464,-3.4088
sensor, 0.0332,-0.0532,-0.0329, -0.0012,0.0048,-0.0006, 0.2311,0.7423,-0.0265,0.6284, 38.9771,16.9464,-3.4088
sensor, 0.0397,-0.0176,-0.0191, -0.0012,0.0038,0.0026, 0.2312,0.7423,-0.0265,0.6284, 38.9771,16.9464,-3.4088
sensor, 0.0274,-0.0203,-0.0008, -0.0012,0.0027,0.0026, 0.2312,0.7423,-0.0265,0.6284, 38.9771,18.3441,-4.0894
sensor, 0.0057,-0.0161,-0.0268, -0.0034,0.0017,0.0026, 0.2313,0.7423,-0.0266,0.6283, 38.9771,18.3441,-4.0894
sensor, 0.0261,-0.0332,0.0226, -0.0034,0.0006,0.0005, 0.2313,0.7423,-0.0266,0.6283, 38.9771,18.3441,-4.0894
sensor, 0.0256,-0.0364,-0.0206, -0.0034,-0.0005,0.0026, 0.2313,0.7423,-0.0266,0.6283, 38.9771,18.3441,-4.0894
sensor, -0.0007,-0.0588,-0.0179, -0.0023,-0.0005,0.0026, 0.2313,0.7423,-0.0266,0.6283, 40.3748,17.6453,-2.7298
sensor, 0.0319,-0.0593,-0.0219, -0.0044,-0.0005,0.0015, 0.2314,0.7423,-0.0267,0.6283, 40.3748,17.6453,-2.7298
sensor, 0.0286,-0.0181,-0.0055, -0.0066,-0.0005,0.0037, 0.2314,0.7423,-0.0267,0.6283, 40.3748,17.6453,-2.7298
sensor, 0.0090,-0.0318,0.0220, -0.0034,-0.0015,0.0037, 0.2314,0.7423,-0.0267,0.6283, 40.3748,17.6453,-2.7298
sensor, -0.0113,-0.0388,-0.0342, -0.0055,-0.0026,0.0058, 0.2313,0.7423,-0.0267,0.6283, 38.9771,16.9464,-3.4088
sensor, 0.0170,-0.0112,-0.0275, -0.0076,-0.0005,0.0058, 0.2315,0.7422,-0.0268,0.6283, 38.9771,16.9464,-3.4088
sensor, 0.0097,-0.0025,-0.0073, -0.0066,-0.0026,0.0047, 0.2315,0.7422,-0.0268,0.6283, 38.9771,16.9464,-3.4088
sensor, 0.0075,-0.0322,-0.0211, -0.0055,-0.0026,0.0058, 0.2315,0.7422,-0.0268,0.6283, 38.9771,16.9464,-3.4088
sensor, 0.0094,-0.0204,-0.0330, -0.0066,-0.0026,0.0047, 0.2315,0.7422,-0.0267,0.6283, 39.6759,16.9464,-4.7684
sensor, -0.0037,0.0115,0.0270, -0.0076,-0.0037,0.0047, 0.2318,0.7421,-0.0270,0.6283, 39.6759,16.9464,-4.7684
sensor, 0.0129,-0.0135,-0.0035, -0.0087,-0.0026,0.0037, 0.2318,0.7421,-0.0270,0.6283, 39.6759,16.9464,-4.7684
sensor, -0.0009,-0.0254,0.0094, -0.0066,-0.0026,0.0026, 0.2318,0.7421,-0.0270,0.6283, 39.6759,16.9464,-4.7684
sensor, 0.0083,-0.0371,0.0094, -0.0055,-0.0037,0.0058, 0.2318,0.7421,-0.0270,0.6284, 40.3748,16.2491,-4.0894
sensor, 0.0034,-0.0182,0.0191, -0.0076,-0.0037,0.0068, 0.2321,0.7420,-0.0272,0.6284, 40.3748,16.2491,-4.0894
sensor, -0.0034,-0.0159,-0.0048, -0.0087,-0.0037,0.0026, 0.2321,0.7420,-0.0272,0.6284, 40.3748,16.2491,-4.0894
sensor, -0.0209,-0.0226,0.0268, -0.0076,-0.0026,0.0047, 0.2321,0.7420,-0.0272,0.6284, 40.3748,16.2491,-4.0894
sensor, -0.0219,0.0105,-0.0290, -0.0055,-0.0047,0.0037, 0.2321,0.7420,-0.0272,0.6284, 39.6759,17.6453,-3.4088
sensor, -0.0238,0.0020,0.0167, -0.0055,-0.0047,0.0026, 0.2321,0.7419,-0.0272,0.6284, 39.6759,17.6453,-3.4088
sensor, -0.0073,0.0028,0.0053, -0.0055,-0.0037,0.0058, 0.2321,0.7419,-0.0272,0.6284, 39.6759,17.6453,-3.4088
sensor, -0.0358,0.0034,-0.0032, -0.0044,-0.0015,0.0047, 0.2321,0.7419,-0.0272,0.6284, 39.6759,17.6453,-3.4088
sensor, -0.0183,0.0137,-0.0084, -0.0055,-0.0026,0.0047, 0.2321,0.7419,-0.0272,0.6284, 40.3748,16.9464,-4.0894
sensor, 0.0034,-0.0012,0.0451, -0.0055,0.0006,0.0047, 0.2324,0.7418,-0.0273,0.6284, 40.3748,16.9464,-4.0894
sensor, 0.0004,0.0172,-0.0288, -0.0066,0.0038,0.0037, 0.2323,0.7418,-0.0273,0.6285, 40.3748,16.9464,-4.0894
sensor, -0.0188,-0.0045,0.0052, -0.0066,0.0059,0.0037, 0.2324,0.7418,-0.0273,0.6284, 40.3748,16.9464,-4.0894
sensor, 0.0012,-0.0109,-0.0262, -0.0044,0.0048,0.0037, 0.2324,0.7418,-0.0273,0.6284, 40.3748,15.5502,-3.4088
sensor, -0.0066,0.0005,-0.0051, -0.0044,0.0027,0.0037, 0.2326,0.7418,-0.0275,0.6284, 40.3748,15.5502,-3.4088
sensor, -0.0301,-0.0223,-0.0189, -0.0055,0.0027,0.0026, 0.2326,0.7418,-0.0275,0.6284, 40.3748,15.5502,-3.4088
sensor, -0.0145,-0.0081,0.0032, -0.0055,0.0017,0.0037, 0.2326,0.7418,-0.0275,0.6284, 40.3748,15.5502,-3.4088
sensor, 0.0271,0.0012,-0.0215, -0.0066,0.0006,0.0047, 0.2326,0.7418,-0.0275,0.6284, 38.9771,15.5502,-2.7298
sensor, 0.0330,-0.0348,-0.0036, -0.0055,0.0006,0.0068, 0.2327,0.7417,-0.0276,0.6284, 38.9771,15.5502,-2.7298
sensor, 0.0351,-0.0136,-0.0190, -0.0055,0.0006,0.0068, 0.2328,0.7417,-0.0276,0.6284, 38.9771,15.5502,-2.7298
sensor, 0.0160,-0.0237,-0.0265, -0.0076,-0.0015,0.0068, 0.2328,0.7417,-0.0275,0.6284, 38.9771,15.5502,-2.7298
sensor, -0.0076,-0.0078,-0.0167, -0.0087,-0.0026,0.0058, 0.2328,0.7417,-0.0275,0.6284, 42.4698,17.6453,-2.7298
sensor, 0.0280,-0.0090,0.0041, -0.0087,-0.0005,0.0058, 0.2328,0.7417,-0.0275,0.6284, 42.4698,17.6453,-2.7298
sensor, 0.0087,-0.0286,-0.0026, -0.0066,-0.0015,0.0068, 0.2328,0.7417,-0.0275,0.6284, 42.4698,17.6453,-2.7298
sensor, 0.0124,-0.0044,0.0008, -0.0108,-0.0005,0.0047, 0.2328,0.7417,-0.0275,0.6284, 42.4698,17.6453,-2.7298
sensor, 0.0096,-0.0131,-0.0066, -0.0119,-0.0015,0.0058, 0.2328,0.7417,-0.0275,0.6284, 38.2782,16.9464,-3.4088
sensor, 0.0175,-0.0193,0.0042, -0.0108,-0.0026,0.0058, 0.2329,0.7417,-0.0275,0.6284, 38.2782,16.9464,-3.4088
sensor, -0.0042,-0.0168,-0.0234, -0.0108,-0.0026,0.0100, 0.2329,0.7417,-0.0275,0.6284, 38.2782,16.9464,-3.4088
sensor, 0.0231,-0.0029,-0.0010, -0.0119,-0.0047,0.0079, 0.2329,0.7417,-0.0275,0.6284, 38.2782,16.9464,-3.4088
sensor, 0.0285,-0.0459,-0.0059, -0.0130,-0.0047,0.0068, 0.2329,0.7417,-0.0275,0.6284, 38.9771,17.6453,-4.0894
sensor, -0.0341,-0.0172,-0.0238, -0.0119,-0.0037,0.0068, 0.2330,0.7416,-0.0276,0.6285, 38.9771,17.6453,-4.0894
sensor, -0.0113,-0.0176,-0.0481, -0.0119,-0.0047,0.0068, 0.2330,0.7416,-0.0276,0.6285, 38.9771,17.6453,-4.0894
sensor, -0.0145,0.0051,0.0268, -0.0140,-0.0058,0.0058, 0.2330,0.7416,-0.0275,0.6285, 38.9771,17.6453,-4.0894
sensor, 0.0185,-0.0180,0.0040, -0.0087,-0.0037,0.0058, 0.2330,0.7416,-0.0275,0.6285, 41.0721,16.2491,-4.0894
sensor, 0.0207,0.0117,-0.0089, -0.0108,-0.0047,0.0047, 0.2333,0.7415,-0.0277,0.6285, 41.0721,16.2491,-4.0894
sensor, 0.0057,0.0169,0.0360, -0.0119,-0.0058,0.0037, 0.2333,0.7415,-0.0277,0.6285, 41.0721,16.2491,-4.0894
sensor, 0.0176,0.0228,0.0049, -0.0098,-0.0058,0.0015, 0.2332,0.7415,-0.0276,0.6286, 41.0721,16.2491,-4.0894
sensor, 0.0090,0.0159,-0.0235, -0.0108,-0.0090,-0.0006, 0.2332,0.7414,-0.0276,0.6286, 40.3748,17.6453,-2.7298
sensor, 0.0002,0.0110,-0.0299, -0.0119,-0.0090,-0.0027, 0.2332,0.7414,-0.0275,0.6286, 40.3748,17.6453,-2.7298
sensor, -0.0057,-0.0075,0.0250, -0.0119,-0.0090,-0.0027, 0.2332,0.7414,-0.0275,0.6286, 40.3748,17.6453,-2.7298
sensor, -0.0280,0.0130,0.0417, -0.0119,-0.0069,-0.0017, 0.2331,0.7414,-0.0275,0.6287, 39.6759,16.2491,-2.0493
sensor, -0.0425,0.0250,0.0276, -0.0119,-0.0058,-0.0017, 0.2330,0.7414,-0.0274,0.6287, 39.6759,16.2491,-2.0493
sensor, 0.0039,-0.0035,0.0032, -0.0087,-0.0047,-0.0017, 0.2330,0.7414,-0.0274,0.6287, 39.6759,16.2491,-2.0493
sensor, -0.0189,-0.0045,-0.0089, -0.0130,-0.0047,-0.0006, 0.2330,0.7414,-0.0274,0.6287, 38.9771,17.6453,-4.0894
sensor, -0.0228,0.0151,-0.0141, -0.0098,-0.0069,-0.0006, 0.2331,0.7413,-0.0275,0.6288, 38.9771,17.6453,-4.0894
sensor, -0.0065,0.0136,-0.0165, -0.0098,-0.0047,-0.0006, 0.2331,0.7413,-0.0275,0.6288, 38.9771,17.6453,-4.0894
sensor, 0.0004,-0.0009,0.0184, -0.0087,-0.0026,0.0015, 0.2331,0.7413,-0.0274,0.6288, 39.6759,16.9464,-3.4088
sensor, 0.0000,-0.0024,-0.0239, -0.0098,-0.0037,0.0047, 0.2332,0.7413,-0.0275,0.6288, 39.6759,16.9464,-3.4088
sensor, -0.0172,0.0111,0.0327, -0.0087,-0.0047,0.0026, 0.2332,0.7413,-0.0275,0.6288, 39.6759,16.9464,-3.4088
sensor, -0.0022,0.0006,0.0054, -0.0066,-0.0037,0.0037, 0.2331,0.7412,-0.0275,0.6288, 38.9771,16.2491,-3.4088
sensor, 0.0047,-0.0047,-0.0232, -0.0066,-0.0058,0.0047, 0.2333,0.7412,-0.0276,0.6288, 38.9771,16.2491,-3.4088
sensor, 0.0057,0.0063,-0.0079, -0.0066,-0.0047,0.0100, 0.2333,0.7412,-0.0276,0.6289, 38.9771,16.2491,-3.4088
sensor, -0.0047,-0.0002,-0.0056, -0.0055,-0.0079,0.0090, 0.2333,0.7412,-0.0275,0.6289, 38.9771,16.2491,-3.4088
sensor, -0.0184,0.0240,0.0164, -0.0055,-0.0058,0.0079, 0.2333,0.7412,-0.0275,0.6289, 40.3748,16.2491,-4.7684
sensor, -0.0281,0.0445,-0.0074, -0.0034,-0.0037,0.0079, 0.2336,0.7410,-0.0278,0.6289, 40.3748,16.2491,-4.7684
sensor, -0.0184,-0.0056,0.0187, -0.0023,-0.0058,0.0090, 0.2336,0.7410,-0.0277,0.6289, 40.3748,16.2491,-4.7684
sensor, -0.0186,-0.0219,0.0234, -0.0002,-0.0037,0.0058, 0.2336,0.7410,-0.0277,0.6289, 40.3748,16.2491,-4.7684
sensor, -0.0137,-0.0051,0.0154, -0.0023,-0.0026,0.0058, 0.2336,0.7410,-0.0277,0.6289, 40.3748,16.2491,-3.4088
sensor, -0.0229,0.0035,0.0382, -0.0023,-0.0037,0.0068, 0.2337,0.7410,-0.0278,0.6289, 40.3748,16.2491,-3.4088
sensor, -0.0162,-0.0040,0.0472, -0.0034,-0.0026,0.0068, 0.2337,0.7409,-0.0277,0.6290, 40.3748,16.2491,-3.4088
sensor, 0.0245,0.0061,0.0115, -0.0034,0.0006,0.0047, 0.2337,0.7409,-0.0277,0.6290, 40.3748,16.2491,-3.4088
sensor, 0.0174,0.0034,-0.0243, -0.0044,0.0006,0.0058, 0.2337,0.7409,-0.0277,0.6290, 39.6759,18.3441,-3.4088
sensor, 0.0029,0.0105,0.0082, -0.0034,-0.0015,0.0047, 0.2337,0.7409,-0.0277,0.6290, 39.6759,18.3441,-3.4088
sensor, 0.0196,0.0173,-0.0008, -0.0023,-0.0058,0.0047, 0.2337,0.7409,-0.0277,0.6290, 39.6759,18.3441,-3.4088
sensor, -0.0178,0.0574,-0.0073, -0.0023,-0.0047,0.0068, 0.2337,0.7409,-0.0276,0.6290, 39.6759,18.3441,-3.4088
sensor, -0.0619,0.0138,0.0190, -0.0023,-0.0026,0.0068, 0.2337,0.7409,-0.0276,0.6290, 39.6759,16.2491,-3.4088
sensor, -0.0525,0.0594,-0.0192, -0.0012,-0.0015,0.0068, 0.2339,0.7409,-0.0277,0.6290, 39.6759,16.2491,-3.4088
sensor, -0.0733,0.0421,-0.0056, -0.0012,0.0038,0.0090, 0.2339,0.7408,-0.0276,0.6290, 39.6759,16.2491,-3.4088
sensor, -0.0913,0.0692,0.0316, -0.0002,0.0059,0.0090, 0.2339,0.7408,-0.0276,0.6290, 39.6759,16.2491,-3.4088
sensor, -0.0629,0.0466,0.0048, 0.0020,0.0091,0.0090, 0.2339,0.7408,-0.0276,0.6290, 39.6759,16.9464,-4.0894
sensor, -0.0451,0.0669,0.0614, 0.0030,0.0123,0.0079, 0.2341,0.7408,-0.0277,0.6290, 39.6759,16.9464,-4.0894
sensor, -0.0262,0.0291,0.0472, 0.0062,0.0155,0.0037, 0.2341,0.7408,-0.0277,0.6290, 39.6759,16.9464,-4.0894
sensor, -0.0246,0.0397,0.0223, 0.0073,0.0134,-0.0006, 0.2342,0.7408,-0.0277,0.6290, 39.6759,16.9464,-4.0894
sensor, 0.0090,0.0515,0.0003, 0.0073,0.0134,-0.0059, 0.2342,0.7408,-0.0277,0.6290, 42.4698,16.2491,-3.4088
sensor, 0.0380,0.0804,-0.0182, 0.0083,0.0134,-0.0091, 0.2344,0.7407,-0.0279,0.6290, 42.4698,16.2491,-3.4088
sensor, 0.0054,0.0074,-0.0483, 0.0073,0.0102,-0.0123, 0.2345,0.7408,-0.0279,0.6289, 42.4698,16.2491,-3.4088
sensor, 0.0194,0.0098,-0.0045, 0.0073,0.0070,-0.0123, 0.2345,0.7408,-0.0279,0.6289, 42.4698,16.2491,-3.4088
sensor, -0.0136,-0.0697,-0.0119, 0.0073,0.0102,-0.0134, 0.2345,0.7408,-0.0280,0.6289, 39.6759,16.9464,-3.4088
sensor, -0.0408,-0.0306,-0.0260, 0.0073,0.0102,-0.0102, 0.2346,0.7408,-0.0282,0.6288, 39.6759,16.9464,-3.4088
sensor, -0.0752,-0.0488,-0.0207, 0.0062,0.0123,-0.0081, 0.2347,0.7408,-0.0282,0.6288, 39.6759,16.9464,-3.4088
sensor, -0.0548,-0.0676,0.0170, 0.0062,0.0123,-0.0070, 0.2347,0.7408,-0.0283,0.6288, 39.6759,16.9464,-3.4088
sensor, -0.0250,-0.0692,-0.0189, 0.0030,0.0144,-0.0049, 0.2347,0.7408,-0.0284,0.6287, 40.3748,19.7403,-4.0894
sensor, -0.0214,-0.0486,-0.0296, 0.0030,0.0155,-0.0027, 0.2347,0.7408,-0.0285,0.6287, 40.3748,19.7403,-4.0894
sensor, 0.0054,-0.0341,-0.0059, 0.0041,0.0166,-0.0017, 0.2348,0.7409,-0.0285,0.6287, 40.3748,19.7403,-4.0894
sensor, 0.0117,-0.0364,-0.0505, 0.0030,0.0155,-0.0017, 0.2348,0.7409,-0.0286,0.6286, 40.3748,19.7403,-4.0894
sensor, 0.0219,-0.0641,-0.0277, 0.0009,0.0134,-0.0027, 0.2349,0.7409,-0.0286,0.6286, 38.9771,14.8514,-3.4088
sensor, 0.0320,-0.0516,-0.0206, 0.0009,0.0134,-0.0027, 0.2351,0.7408,-0.0289,0.6285, 38.9771,14.8514,-3.4088
sensor, 0.0242,-0.0461,-0.0182, 0.0020,0.0144,-0.0006, 0.2352,0.7409,-0.0289,0.6285, 38.9771,14.8514,-3.4088
sensor, 0.0348,-0.0495,-0.0459, 0.0009,0.0134,-0.0006, 0.2352,0.7409,-0.0290,0.6284, 38.9771,14.8514,-3.4088
sensor, 0.0420,-0.0416,-0.0058, -0.0002,0.0123,0.0047, 0.2353,0.7409,-0.0290,0.6284, 40.3748,19.0430,-3.4088
sensor, 0.0213,-0.0220,-0.0358, -0.0002,0.0112,0.0068, 0.2353,0.7409,-0.0290,0.6284, 40.3748,19.0430,-3.4088
sensor, 0.0275,-0.0145,-0.0250, -0.0012,0.0080,0.0068, 0.2353,0.7409,-0.0290,0.6283, 40.3748,19.0430,-3.4088
sensor, 0.0529,-0.0195,-0.0419, -0.0023,0.0080,0.0079, 0.2353,0.7409,-0.0290,0.6283, 40.3748,19.0430,-3.4088
sensor, 0.0166,-0.0174,-0.0573, -0.0012,0.0070,0.0079, 0.2354,0.7410,-0.0290,0.6283, 38.2782,16.2491,-4.7684
sensor, 0.0282,0.0019,0.0091, -0.0023,0.0070,0.0079, 0.2358,0.7409,-0.0293,0.6282, 38.2782,16.2491,-4.7684
sensor, 0.0328,-0.0004,0.0015, -0.0002,0.0038,0.0090, 0.2358,0.7409,-0.0293,0.6282, 38.2782,16.2491,-4.7684
sensor, 0.0314,0.0124,-0.0365, 0.0009,0.0038,0.0090, 0.2358,0.7409,-0.0293,0.6282, 38.2782,16.2491,-4.7684
sensor, 0.0043,-0.0004,-0.0302, -0.0023,0.0027,0.0079, 0.2358,0.7409,-0.0292,0.6282, 38.2782,16.2491,-4.7684
sensor, 0.0213,0.0049,0.0093, -0.0002,0.0017,0.0068, 0.2359,0.7409,-0.0292,0.6282, 39.6759,18.3441,-2.0493
sensor, 0.0270,0.0082,-0.0119, -0.0002,0.0017,0.0068, 0.2357,0.7409,-0.0290,0.6282, 39.6759,18.3441,-2.0493
sensor, 0.0070,0.0039,-0.0074, -0.0012,-0.0005,0.0090, 0.2357,0.7410,-0.0290,0.6282, 40.3748,17.6453,-3.4088
sensor, -0.0003,0.0537,-0.0236, -0.0002,0.0006,0.0068, 0.2358,0.7409,-0.0290,0.6282, 40.3748,17.6453,-3.4088
sensor, 0.0041,0.0357,0.0125, 0.0020,-0.0005,0.0068, 0.2358,0.7409,-0.0290,0.6282, 40.3748,17.6453,-3.4088
sensor, 0.0165,0.0268,-0.0402, 0.0020,-0.0015,0.0058, 0.2358,0.7409,-0.0290,0.6282, 40.3748,17.6453,-3.4088
sensor, 0.0012,0.0252,-0.0161, 0.0020,-0.0005,0.0037, 0.2358,0.7409,-0.0289,0.6282, 41.7709,16.9464,-4.0894
sensor, 0.0290,0.0327,0.0012, 0.0030,-0.0005,0.0026, 0.2361,0.7409,-0.0291,0.6281, 41.7709,16.9464,-4.0894
sensor, 0.0442,0.0217,-0.0463, 0.0030,-0.0005,0.0026, 0.2361,0.7409,-0.0291,0.6281, 41.7709,16.9464,-4.0894
sensor, 0.0219,0.0438,-0.0244, 0.0030,-0.0047,0.0005, 0.2361,0.7409,-0.0291,0.6281, 41.7709,16.9464,-4.0894
sensor, 0.0025,0.0037,-0.0385, 0.0052,-0.0026,0.0005, 0.2360,0.7409,-0.0290,0.6281, 40.3748,18.3441,-2.7298
sensor, 0.0042,0.0280,-0.0510, 0.0073,-0.0015,0.0015, 0.2360,0.7409,-0.0290,0.6281, 40.3748,18.3441,-2.7298
sensor, 0.0108,0.0117,-0.0067, 0.0062,-0.0037,0.0015, 0.2360,0.7409,-0.0290,0.6281, 40.3748,18.3441,-2.7298
sensor, 0.0187,0.0087,-0.0330, 0.0073,-0.0069,0.0005, 0.2360,0.7409,-0.0290,0.6281, 40.3748,18.3441,-2.7298
sensor, -0.0051,0.0189,-0.0112, 0.0073,-0.0047,-0.0017, 0.2362,0.7408,-0.0292,0.6281, 38.9771,15.5502,-3.4088
sensor, 0.0167,0.0006,0.0057, 0.0094,-0.0058,-0.0038, 0.2362,0.7408,-0.0292,0.6281, 38.9771,15.5502,-3.4088
sensor, 0.0132,0.0164,0.0194, 0.0116,-0.0058,-0.0049, 0.2362,0.7408,-0.0292,0.6281, 38.9771,15.5502,-3.4088
sensor, 0.0182,0.0127,-0.0242, 0.0105,-0.0047,-0.0038, 0.2362,0.7408,-0.0292,0.6281, 38.9771,15.5502,-3.4088
sensor, 0.0241,0.0016,0.0293, 0.0105,-0.0047,-0.0038, 0.2362,0.7408,-0.0292,0.6281, 39.6759,16.9464,-3.4088
sensor, -0.0062,0.0088,-0.0178, 0.0094,-0.0079,-0.0059, 0.2362,0.7408,-0.0293,0.6281, 39.6759,16.9464,-3.4088
sensor, 0.0498,0.0011,0.0220, 0.0094,-0.0079,-0.0059, 0.2362,0.7408,-0.0293,0.6281, 39.6759,16.9464,-3.4088
sensor, 0.0228,-0.0346,0.0212, 0.0116,-0.0026,-0.0081, 0.2362,0.7408,-0.0293,0.6281, 39.6759,16.9464,-3.4088
sensor, 0.0257,-0.0049,-0.0001, 0.0116,-0.0047,-0.0049, 0.2364,0.7407,-0.0295,0.6281, 40.3748,16.2491,-4.0894
sensor, 0.0199,-0.0098,0.0452, 0.0116,-0.0058,-0.0059, 0.2364,0.7407,-0.0295,0.6281, 40.3748,16.2491,-4.0894
sensor, 0.0338,-0.0166,-0.0289, 0.0094,-0.0058,-0.0027, 0.2364,0.7407,-0.0295,0.6281, 40.3748,16.2491,-4.0894
sensor, 0.0146,-0.0163,0.0124, 0.0105,-0.0069,-0.0006, 0.2364,0.7407,-0.0296,0.6281, 40.3748,16.2491,-4.0894
sensor, 0.0261,0.0168,-0.0132, 0.0105,-0.0069,-0.0006, 0.2364,0.7407,-0.0296,0.6281, 40.3748,17.6453,-4.7684
sensor, -0.0191,0.0044,-0.0040, 0.0094,-0.0069,0.0005, 0.2367,0.7406,-0.0298,0.6281, 40.3748,17.6453,-4.7684
sensor, -0.0118,0.0544,0.0337, 0.0073,-0.0101,0.0037, 0.2366,0.7406,-0.0298,0.6282, 40.3748,17.6453,-4.7684
sensor, 0.0041,0.0515,0.0459, 0.0137,-0.0090,0.0058, 0.2366,0.7406,-0.0297,0.6282, 40.3748,17.6453,-4.7684
sensor, -0.0176,0.1286,0.0147, 0.0190,-0.0101,0.0068, 0.2368,0.7405,-0.0298,0.6282, 39.6759,16.9464,-4.0894
sensor, -0.0187,0.1186,0.0376, 0.0190,-0.0101,0.0068, 0.2368,0.7405,-0.0298,0.6282, 39.6759,16.9464,-4.0894
sensor, 0.0041,0.1396,0.0453, 0.0296,-0.0079,0.0058, 0.2368,0.7405,-0.0296,0.6283, 39.6759,16.9464,-4.0894
sensor, -0.0413,0.1880,0.0269, 0.0296,-0.0079,0.0058, 0.2368,0.7405,-0.0296,0.6283, 39.6759,16.9464,-4.0894
sensor, -0.0183,0.1807,0.0183, 0.0371,-0.0069,0.0015, 0.2368,0.7405,-0.0296,0.6283, 39.6759,16.9464,-4.0894
sensor, -0.0341,0.1466,0.0452, 0.0510,-0.0069,-0.0017, 0.2369,0.7404,-0.0296,0.6283, 38.9771,16.2491,-3.4088
sensor, -0.0266,0.1624,0.0441, 0.0563,-0.0047,-0.0027, 0.2369,0.7404,-0.0296,0.6283, 38.9771,16.2491,-3.4088
sensor, -0.0284,0.1704,0.0286, 0.0605,-0.0037,-0.0027, 0.2369,0.7404,-0.0296,0.6283, 38.9771,16.2491,-3.4088
sensor, -0.0361,0.1117,0.0316, 0.0605,-0.0037,-0.0027, 0.2369,0.7404,-0.0295,0.6283, 38.9771,16.2491,-3.4088
sensor, -0.0507,0.1359,-0.0167, 0.0723,-0.0005,-0.0006, 0.2372,0.7404,-0.0298,0.6283, 40.3748,17.6453,-4.7684
sensor, -0.0185,0.1704,0.0314, 0.0723,-0.0005,-0.0006, 0.2372,0.7404,-0.0298,0.6282, 40.3748,17.6453,-4.7684
sensor, -0.0415,0.1938,0.0034, 0.0861,-0.0026,0.0037, 0.2373,0.7404,-0.0298,0.6282, 40.3748,17.6453,-4.7684
sensor, -0.0071,0.1946,0.0191, 0.0861,-0.0026,0.0037, 0.2373,0.7404,-0.0297,0.6282, 38.9771,16.2491,-2.7298
sensor, 0.0068,0.2455,0.0459, 0.1010,-0.0026,0.0100, 0.2374,0.7404,-0.0297,0.6281, 38.9771,16.2491,-2.7298
sensor, 0.0259,0.3079,0.0378, 0.1010,-0.0026,0.0100, 0.2374,0.7404,-0.0297,0.6281, 38.9771,16.2491,-2.7298
sensor, 0.0100,0.3186,0.0751, 0.1255,-0.0101,0.0111, 0.2375,0.7404,-0.0296,0.6281, 38.9771,16.2491,-2.7298
sensor, 0.0033,0.4015,0.0330, 0.1255,-0.0101,0.0111, 0.2377,0.7404,-0.0297,0.6281, 39.6759,16.9464,-3.4088
sensor, 0.0026,0.4258,0.0684, 0.1564,-0.0101,0.0143, 0.2381,0.7403,-0.0298,0.6280, 39.6759,16.9464,-3.4088
sensor, -0.0150,0.4660,0.1215, 0.1777,-0.0111,0.0175, 0.2387,0.7401,-0.0300,0.6280, 39.6759,16.9464,-3.4088
sensor, -0.0325,0.5179,0.1267, 0.1777,-0.0111,0.0175, 0.2387,0.7401,-0.0300,0.6280, 39.6759,16.9464,-3.4088
sensor, -0.0188,0.5878,0.1717, 0.2267,-0.0165,0.0260, 0.2390,0.7400,-0.0301,0.6279, 39.6759,16.2491,-2.7298
sensor, 0.0049,0.6167,0.1534, 0.2534,-0.0175,0.0313, 0.2394,0.7399,-0.0302,0.6279, 39.6759,16.2491,-2.7298
sensor, -0.0518,0.6638,0.1770, 0.2821,-0.0229,0.0377, 0.2399,0.7398,-0.0303,0.6279, 39.6759,16.2491,-2.7298
sensor, -0.0496,0.7065,0.1932, 0.2821,-0.0229,0.0377, 0.2404,0.7397,-0.0305,0.6278, 39.6759,16.2491,-2.7298
sensor, -0.0569,0.7368,0.1905, 0.3460,-0.0239,0.0473, 0.2410,0.7395,-0.0307,0.6278, 39.6759,18.3441,-3.4088
sensor, -0.1023,0.7381,0.2312, 0.3823,-0.0218,0.0559, 0.2415,0.7394,-0.0309,0.6277, 39.6759,18.3441,-3.4088
sensor, -0.0896,0.8073,0.2404, 0.3823,-0.0218,0.0559, 0.2422,0.7393,-0.0313,0.6276, 39.6759,18.3441,-3.4088
sensor, -0.0932,0.8227,0.2323, 0.4164,-0.0239,0.0601, 0.2430,0.7391,-0.0319,0.6274, 39.6759,18.3441,-3.4088
sensor, -0.0894,0.8784,0.2126, 0.4504,-0.0207,0.0601, 0.2438,0.7390,-0.0325,0.6272, 41.0721,17.6453,-4.7684
sensor, -0.0937,0.9040,0.2608, 0.4877,-0.0196,0.0665, 0.2449,0.7388,-0.0333,0.6270, 41.0721,17.6453,-4.7684
sensor, -0.0798,0.9880,0.2864, 0.5655,-0.0207,0.0750, 0.2458,0.7386,-0.0340,0.6268, 41.0721,17.6453,-4.7684
sensor, -0.0673,1.0258,0.2816, 0.6060,-0.0175,0.0772, 0.2468,0.7385,-0.0348,0.6265, 41.0721,17.6453,-4.7684
sensor, -0.0492,1.1429,0.3491, 0.6518,-0.0165,0.0814, 0.2492,0.7381,-0.0365,0.6259, 41.0721,16.9464,-4.0894
sensor, -0.0365,1.2349,0.3309, 0.6518,-0.0165,0.0814, 0.2492,0.7381,-0.0365,0.6259, 41.0721,16.9464,-4.0894
sensor, 0.0085,1.3085,0.3729, 0.7583,-0.0271,0.0846, 0.2504,0.7379,-0.0375,0.6256, 41.0721,16.9464,-4.0894
sensor, 0.0378,1.3830,0.4045, 0.8190,-0.0324,0.0846, 0.2532,0.7375,-0.0397,0.6249, 41.0721,16.9464,-4.0894
sensor, 0.0441,1.4594,0.4361, 0.8190,-0.0324,0.0846, 0.2532,0.7375,-0.0397,0.6249, 38.9771,16.2491,-4.7684
sensor, 0.1107,1.5700,0.5300, 0.9522,-0.0442,0.0825, 0.2549,0.7372,-0.0411,0.6244, 38.9771,16.2491,-4.7684
sensor, 0.1101,1.5747,0.5281, 1.0204,-0.0516,0.0782, 0.2567,0.7369,-0.0426,0.6240, 38.9771,16.2491,-4.7684
sensor, 0.1138,1.6112,0.5320, 1.1663,-0.0751,0.0718, 0.2588,0.7365,-0.0445,0.6234, 38.9771,16.2491,-4.7684
sensor, 0.0959,1.6074,0.5197, 1.2377,-0.0814,0.0686, 0.2612,0.7361,-0.0468,0.6227, 38.9771,16.2491,-4.7684
sensor, 0.0609,1.5494,0.5558, 1.2377,-0.0814,0.0686, 0.2666,0.7351,-0.0520,0.6212, 39.6759,14.1525,-5.4489
sensor, 0.0972,1.5390,0.6467, 1.3719,-0.0964,0.0601, 0.2693,0.7346,-0.0548,0.6204, 39.6759,14.1525,-5.4489
sensor, 0.0411,1.4740,0.6471, 1.3719,-0.0964,0.0601, 0.2693,0.7346,-0.0548,0.6204, 39.6759,14.1525,-5.4489
sensor, 0.0620,1.4475,0.6571, 1.5764,-0.1102,0.0548, 0.2753,0.7334,-0.0612,0.6185, 39.6759,16.2491,-4.7684
sensor, -0.0112,1.4180,0.6979, 1.5764,-0.1102,0.0548, 0.2753,0.7334,-0.0612,0.6185, 39.6759,16.2491,-4.7684
sensor, -0.0095,1.3913,0.7173, 1.6446,-0.1145,0.0569, 0.2786,0.7327,-0.0647,0.6175, 39.6759,16.2491,-4.7684
sensor, -0.0898,1.3843,0.7372, 1.7106,-0.1177,0.0612, 0.2819,0.7321,-0.0683,0.6164, 39.6759,16.9464,-5.4489
sensor, -0.0955,1.2961,0.8348, 1.9003,-0.1262,0.0686, 0.2854,0.7313,-0.0721,0.6152, 39.6759,16.9464,-5.4489
sensor, -0.1685,1.1794,0.9473, 1.9642,-0.1251,0.0750, 0.2931,0.7296,-0.0806,0.6126, 39.6759,16.9464,-5.4489
sensor, -0.1692,1.1279,0.9793, 2.0292,-0.1251,0.0814, 0.2968,0.7288,-0.0847,0.6113, 39.6759,16.9464,-5.4489
sensor, -0.1993,1.0304,1.0073, 2.1527,-0.1219,0.1006, 0.2968,0.7288,-0.0847,0.6113, 39.6759,14.8514,-4.0894
sensor, -0.1735,0.9558,1.0305, 2.2103,-0.1198,0.1112, 0.3008,0.7279,-0.0892,0.6097, 39.6759,14.8514,-4.0894
sensor, -0.1243,0.8404,1.0527, 2.2614,-0.1187,0.1230, 0.3051,0.7268,-0.0938,0.6081, 41.0721,14.1525,-6.8069
sensor, -0.1246,0.8242,1.1204, 2.2614,-0.1187,0.1230, 0.3099,0.7256,-0.0992,0.6062, 41.0721,14.1525,-6.8069
sensor, -0.1259,0.8025,1.1249, 2.3093,-0.1187,0.1325, 0.3135,0.7247,-0.1030,0.6049, 41.0721,14.1525,-6.8069
sensor, -0.1794,0.7416,1.1727, 2.4095,-0.1240,0.1560, 0.3172,0.7237,-0.1070,0.6034, 41.0721,12.7563,-5.4489
sensor, -0.2144,0.7200,1.2406, 2.4095,-0.1240,0.1560, 0.3210,0.7227,-0.1111,0.6019, 41.0721,12.7563,-5.4489
sensor, -0.2661,0.6767,1.2922, 2.5128,-0.1272,0.1805, 0.3248,0.7216,-0.1152,0.6004, 41.0721,12.7563,-5.4489
sensor, -0.2927,0.6530,1.3565, 2.5128,-0.1272,0.1805, 0.3287,0.7205,-0.1194,0.5988, 41.0721,12.7563,-5.4489
sensor, -0.3513,0.6164,1.4132, 2.5629,-0.1294,0.1965, 0.3327,0.7193,-0.1237,0.5972, 38.9771,11.3602,-6.1279
sensor, -0.3133,0.6015,1.5042, 2.6140,-0.1262,0.2124, 0.3368,0.7180,-0.1281,0.5955, 38.9771,11.3602,-6.1279
sensor, -0.3352,0.5328,1.5626, 2.7184,-0.1187,0.2423, 0.3410,0.7167,-0.1325,0.5937, 38.9771,11.3602,-6.1279
sensor, -0.3397,0.4738,1.6288, 2.7184,-0.1187,0.2423, 0.3452,0.7154,-0.1370,0.5919, 38.9771,11.3602,-6.1279
sensor, -0.3688,0.3857,1.6278, 2.7706,-0.1091,0.2540, 0.3495,0.7139,-0.1415,0.5900, 38.9771,11.3602,-6.1279
sensor, -0.3735,0.3234,1.6526, 2.8665,-0.0964,0.2742, 0.3583,0.7110,-0.1508,0.5860, 41.0721,12.7563,-5.4489
sensor, -0.3787,0.2821,1.6762, 2.9091,-0.0857,0.2817, 0.3628,0.7095,-0.1556,0.5838, 41.0721,12.7563,-5.4489
sensor, -0.3777,0.1877,1.6460, 2.9091,-0.0857,0.2817, 0.3628,0.7095,-0.1556,0.5838, 41.0721,12.7563,-5.4489
sensor, -0.4026,0.1285,1.6649, 2.9804,-0.0665,0.2955, 0.3721,0.7062,-0.1653,0.5792, 39.6759,10.6613,-8.1665
sensor, -0.4529,0.0507,1.6457, 2.9804,-0.0665,0.2955, 0.3721,0.7062,-0.1653,0.5792, 39.6759,10.6613,-8.1665
sensor, -0.4543,0.0118,1.6389, 3.0081,-0.0591,0.3009, 0.3768,0.7045,-0.1702,0.5769, 39.6759,10.6613,-8.1665
sensor, -0.4800,-0.0324,1.7238, 3.0316,-0.0484,0.3073, 0.3862,0.7010,-0.1800,0.5719, 39.6759,10.6613,-8.1665
sensor, -0.4890,-0.0196,1.8007, 3.0763,-0.0186,0.3211, 0.3910,0.6992,-0.1850,0.5693, 39.6759,10.6613,-8.1665
sensor, -0.4408,-0.0428,1.8385, 3.1008,0.0017,0.3264, 0.3958,0.6973,-0.1899,0.5666, 39.6759,10.6613,-8.1665
sensor, -0.3812,-0.1016,1.8849, 3.1210,0.0219,0.3254, 0.3958,0.6973,-0.1899,0.5666, 39.6759,10.6613,-8.1665
sensor, -0.3467,-0.1306,1.9085, 3.1456,0.0400,0.3232, 0.4006,0.6955,-0.1949,0.5638, 39.6759,10.6613,-8.1665
sensor, -0.3513,-0.1833,1.9124, 3.1456,0.0400,0.3232, 0.4054,0.6936,-0.1999,0.5609, 40.3748,7.8674,-5.4489
sensor, -0.3411,-0.2649,1.8472, 3.1860,0.0741,0.3158, 0.4101,0.6917,-0.2048,0.5580, 40.3748,7.8674,-5.4489
sensor, -0.2956,-0.3648,1.7977, 3.2009,0.0901,0.3136, 0.4150,0.6898,-0.2099,0.5549, 40.3748,7.8674,-5.4489
sensor, -0.3355,-0.4429,1.7067, 3.2009,0.0901,0.3136, 0.4199,0.6878,-0.2150,0.5518, 40.3748,7.8674,-5.4489
sensor, -0.3317,-0.4732,1.6608, 3.2254,0.1114,0.3328, 0.4297,0.6837,-0.2251,0.5452, 38.2782,6.4697,-7.4875
sensor, -0.3335,-0.5509,1.7123, 3.2329,0.1124,0.3435, 0.4346,0.6816,-0.2302,0.5418, 38.2782,6.4697,-7.4875
sensor, -0.3708,-0.6485,1.7329, 3.2382,0.1231,0.3563, 0.4395,0.6794,-0.2352,0.5384, 38.2782,6.4697,-7.4875
sensor, -0.3566,-0.6739,1.7537, 3.2404,0.1337,0.3712, 0.4395,0.6794,-0.2352,0.5384, 38.2782,6.4697,-7.4875
sensor, -0.2723,-0.7139,1.7688, 3.2404,0.1337,0.3712, 0.4445,0.6772,-0.2402,0.5350, 39.6759,6.4697,-7.4875
sensor, -0.2047,-0.7116,1.7983, 3.2340,0.1487,0.3935, 0.4543,0.6726,-0.2501,0.5279, 39.6759,6.4697,-7.4875
sensor, -0.0884,-0.6715,1.8136, 3.2254,0.1519,0.3989, 0.4543,0.6726,-0.2501,0.5279, 39.6759,6.4697,-7.4875
sensor, -0.0729,-0.5459,1.8257, 3.2223,0.1540,0.3978, 0.4592,0.6702,-0.2550,0.5244, 39.6759,6.4697,-7.4875
sensor, 0.0293,-0.5039,1.7597, 3.2223,0.1540,0.3978, 0.4641,0.6678,-0.2598,0.5208, 38.9771,5.0735,-8.1665
sensor, 0.0596,-0.4018,1.8027, 3.2297,0.1391,0.3808, 0.4689,0.6653,-0.2647,0.5171, 38.9771,5.0735,-8.1665
sensor, 0.1206,-0.3870,1.8827, 3.2372,0.1423,0.3680, 0.4784,0.6603,-0.2744,0.5098, 38.9771,5.0735,-8.1665
sensor, 0.1085,-0.3681,1.9223, 3.2372,0.1423,0.3680, 0.4831,0.6577,-0.2792,0.5060, 38.9771,5.0735,-8.1665
sensor, 0.0811,-0.3805,1.9703, 3.2489,0.1380,0.3573, 0.4831,0.6577,-0.2792,0.5060, 40.3748,4.3747,-5.4489
sensor, 0.0567,-0.4247,2.0104, 3.2734,0.1274,0.3392, 0.4877,0.6551,-0.2841,0.5023, 40.3748,4.3747,-5.4489
sensor, 0.0199,-0.4955,1.9939, 3.2734,0.1274,0.3392, 0.4923,0.6524,-0.2889,0.4985, 40.3748,4.3747,-5.4489
sensor, -0.0685,-0.5898,1.9200, 3.2936,0.1188,0.3339, 0.4969,0.6497,-0.2939,0.4946, 40.3748,4.3747,-5.4489
sensor, -0.1111,-0.6807,1.8950, 3.2936,0.1188,0.3339, 0.5015,0.6469,-0.2988,0.4906, 38.9771,2.2797,-6.8069
sensor, -0.1094,-0.7568,1.9431, 3.2958,0.1210,0.3371, 0.5062,0.6440,-0.3039,0.4866, 38.9771,2.2797,-6.8069
sensor, -0.0796,-0.7722,1.9575, 3.2904,0.1263,0.3456, 0.5107,0.6411,-0.3088,0.4826, 38.9771,2.2797,-6.8069
sensor, -0.0309,-0.7718,1.9370, 3.2798,0.1295,0.3520, 0.5152,0.6381,-0.3136,0.4785, 38.9771,2.2797,-6.8069
sensor, 0.0358,-0.7352,1.9534, 3.2691,0.1295,0.3573, 0.5197,0.6351,-0.3185,0.4744, 39.6759,2.2797,-5.4489
sensor, 0.0514,-0.6453,1.9679, 3.2542,0.1231,0.3499, 0.5241,0.6321,-0.3233,0.4703, 39.6759,2.2797,-5.4489
sensor, 0.1143,-0.6167,1.9793, 3.2531,0.1188,0.3424, 0.5285,0.6290,-0.3280,0.4662, 39.6759,2.2797,-5.4489
sensor, 0.1686,-0.6238,2.0196, 3.2574,0.1124,0.3286, 0.5329,0.6259,-0.3328,0.4621, 39.6759,2.2797,-5.4489
sensor, 0.1777,-0.6217,2.0190, 3.2574,0.1124,0.3286, 0.5371,0.6228,-0.3375,0.4579, 38.9771,0.8835,-6.1279
sensor, 0.1531,-0.6753,2.0001, 3.2638,0.1039,0.3094, 0.5414,0.6196,-0.3424,0.4536, 38.9771,0.8835,-6.1279
sensor, 0.1510,-0.8764,1.9433, 3.2681,0.0933,0.2859, 0.5511,0.6120,-0.3537,0.4434, 38.9771,0.8835,-6.1279
sensor, 0.1590,-0.9513,1.9101, 3.2691,0.0858,0.2668, 0.5511,0.6120,-0.3537,0.4434, 38.9771,0.8835,-6.1279
sensor, 0.1477,-1.0471,1.8271, 3.2340,0.0815,0.1965, 0.5561,0.6079,-0.3597,0.4379, 39.6759,-0.5142,-4.7684
sensor, 0.0977,-1.1744,1.7908, 3.2095,0.0815,0.1773, 0.5616,0.6033,-0.3665,0.4316, 39.6759,-0.5142,-4.7684
sensor, 0.0928,-1.3521,1.6353, 3.1765,0.0805,0.1592, 0.5654,0.6001,-0.3713,0.4271, 39.6759,-0.5142,-4.7684
sensor, 0.0916,-1.3594,1.5890, 3.1765,0.0805,0.1592, 0.5701,0.5959,-0.3774,0.4212, 39.6759,-0.5142,-4.7684
sensor, 0.0786,-1.3656,1.5756, 3.0593,0.0730,0.1155, 0.5746,0.5919,-0.3832,0.4155, 41.0721,-0.5142,-4.0894
sensor, 0.0165,-1.3765,1.4918, 3.0593,0.0730,0.1155, 0.5789,0.5879,-0.3889,0.4099, 41.0721,-0.5142,-4.0894
sensor, -0.0214,-1.4720,1.4952, 3.0188,0.0624,0.1049, 0.5830,0.5840,-0.3944,0.4044, 41.0721,-0.5142,-4.0894
sensor, -0.0524,-1.4723,1.4706, 2.9325,0.0624,0.0889, 0.5909,0.5761,-0.4053,0.3933, 40.3748,-1.2131,-2.7298
sensor, -0.0545,-1.4924,1.4504, 2.9325,0.0624,0.0889, 0.5909,0.5761,-0.4053,0.3933, 40.3748,-1.2131,-2.7298
sensor, -0.0981,-1.4764,1.4350, 2.7919,0.0613,0.0867, 0.5983,0.5683,-0.4156,0.3825, 40.3748,-1.2131,-2.7298
sensor, -0.1102,-1.5775,1.4135, 2.7919,0.0613,0.0867, 0.5983,0.5683,-0.4156,0.3825, 40.3748,-1.2131,-2.7298
sensor, -0.0711,-1.5740,1.4309, 2.6981,0.0688,0.0793, 0.6052,0.5607,-0.4253,0.3721, 39.6759,-1.9104,-3.4088
sensor, -0.0864,-1.6094,1.3238, 2.6981,0.0688,0.0793, 0.6076,0.5580,-0.4289,0.3682, 39.6759,-1.9104,-3.4088
sensor, -0.0317,-1.6179,1.3188, 2.6502,0.0752,0.0740, 0.6076,0.5580,-0.4289,0.3682, 39.6759,-1.9104,-3.4088
sensor, -0.0466,-1.6451,1.2182, 2.5959,0.0773,0.0665, 0.6130,0.5517,-0.4365,0.3597, 40.3748,-3.3081,-1.3702
sensor, -0.0204,-1.6239,1.1933, 2.4830,0.0794,0.0516, 0.6130,0.5517,-0.4365,0.3597, 40.3748,-3.3081,-1.3702
sensor, -0.0414,-1.6450,1.1568, 2.4830,0.0794,0.0516, 0.6154,0.5489,-0.4400,0.3557, 40.3748,-3.3081,-1.3702
sensor, -0.0204,-1.6199,1.1649, 2.4233,0.0826,0.0409, 0.6199,0.5433,-0.4467,0.3478, 40.3748,-3.3081,-1.3702
sensor, -0.0105,-1.5454,1.1670, 2.3583,0.0837,0.0303, 0.6220,0.5406,-0.4500,0.3440, 38.2782,-1.2131,-1.3702
sensor, -0.0148,-1.4993,1.1578, 2.2379,0.0933,0.0111, 0.6240,0.5381,-0.4531,0.3402, 38.2782,-1.2131,-1.3702
sensor, 0.0091,-1.4592,1.1377, 2.1794,0.0954,-0.0006, 0.6240,0.5381,-0.4531,0.3402, 38.2782,-1.2131,-1.3702
sensor, 0.0282,-1.4296,1.1540, 2.1794,0.0954,-0.0006, 0.6260,0.5356,-0.4561,0.3365, 38.2782,-1.2131,-1.3702
sensor, 0.0148,-1.4214,1.1148, 2.0675,0.1050,-0.0262, 0.6299,0.5305,-0.4620,0.3292, 39.6759,-3.3081,-0.0107
sensor, 0.0485,-1.4190,1.1295, 2.0675,0.1050,-0.0262, 0.6316,0.5282,-0.4648,0.3257, 39.6759,-3.3081,-0.0107
sensor, 0.0471,-1.4317,1.0185, 1.9578,0.1103,-0.0539, 0.6332,0.5260,-0.4675,0.3222, 39.6759,-3.3081,-0.0107
sensor, 0.0792,-1.3941,1.0151, 1.9578,0.1103,-0.0539, 0.6348,0.5239,-0.4700,0.3188, 39.6759,-3.3081,-0.0107
sensor, 0.1022,-1.4185,0.9641, 1.9035,0.1178,-0.0645, 0.6348,0.5239,-0.4700,0.3188, 39.6759,-4.0054,0.6683
sensor, 0.1217,-1.3750,0.9839, 1.8459,0.1220,-0.0709, 0.6366,0.5215,-0.4727,0.3152, 39.6759,-4.0054,0.6683
sensor, 0.2072,-1.3181,0.9136, 1.7895,0.1231,-0.0784, 0.6380,0.5195,-0.4751,0.3120, 39.6759,-4.0054,0.6683
sensor, 0.1856,-1.2915,0.8854, 1.7319,0.1210,-0.0890, 0.6394,0.5176,-0.4774,0.3088, 39.6759,-4.0054,0.6683
sensor, 0.1674,-1.2723,0.8389, 1.6766,0.1167,-0.0997, 0.6407,0.5157,-0.4797,0.3057, 39.6759,-4.0054,-0.6897
sensor, 0.1480,-1.2898,0.8130, 1.6222,0.1103,-0.1103, 0.6422,0.5137,-0.4820,0.3024, 39.6759,-4.0054,-0.6897
sensor, 0.1234,-1.2854,0.7766, 1.5125,0.0975,-0.1263, 0.6444,0.5103,-0.4861,0.2966, 39.6759,-4.0054,-0.6897
sensor, 0.0984,-1.2502,0.7518, 1.5125,0.0975,-0.1263, 0.6444,0.5103,-0.4861,0.2966, 39.6759,-4.0054,-0.6897
sensor, 0.1015,-1.2196,0.7507, 1.3996,0.0858,-0.1263, 0.6455,0.5087,-0.4881,0.2938, 39.6759,-3.3081,-0.0107
sensor, 0.0705,-1.1045,0.7812, 1.3442,0.0762,-0.1231, 0.6466,0.5069,-0.4901,0.2910, 39.6759,-3.3081,-0.0107
sensor, 0.0916,-1.0288,0.8149, 1.3442,0.0762,-0.1231, 0.6476,0.5054,-0.4920,0.2884, 39.6759,-3.3081,-0.0107
sensor, 0.0787,-0.9017,0.8335, 1.2451,0.0677,-0.1178, 0.6484,0.5040,-0.4937,0.2859, 39.6759,-5.4031,0.6683
sensor, 0.1441,-0.8267,0.8868, 1.2451,0.0677,-0.1178, 0.6492,0.5026,-0.4954,0.2836, 39.6759,-5.4031,0.6683
sensor, 0.1487,-0.7394,0.8947, 1.2036,0.0634,-0.1167, 0.6503,0.5009,-0.4972,0.2810, 39.6759,-5.4031,0.6683
sensor, 0.1796,-0.6701,0.9457, 1.1631,0.0602,-0.1253, 0.6511,0.4996,-0.4988,0.2788, 39.6759,-5.4031,0.6683
sensor, 0.1786,-0.6106,1.0337, 1.1247,0.0581,-0.1348, 0.6518,0.4984,-0.5003,0.2766, 39.6759,-5.4031,0.6683
sensor, 0.1594,-0.5891,0.9318, 1.0917,0.0560,-0.1476, 0.6524,0.4972,-0.5018,0.2745, 40.3748,-3.3081,-0.6897
sensor, 0.1712,-0.5911,0.8948, 1.0640,0.0539,-0.1647, 0.6531,0.4958,-0.5034,0.2723, 40.3748,-3.3081,-0.6897
sensor, 0.1442,-0.5982,0.8803, 1.0353,0.0475,-0.1753, 0.6537,0.4948,-0.5049,0.2702, 40.3748,-3.3081,-0.6897
sensor, 0.1153,-0.6534,0.8593, 1.0076,0.0411,-0.1849, 0.6546,0.4928,-0.5077,0.2663, 40.3748,-3.3081,-0.6897
sensor, 0.0886,-0.6545,0.8579, 0.9788,0.0347,-0.1913, 0.6546,0.4928,-0.5077,0.2663, 42.4698,-4.7043,-0.0107
sensor, 0.0352,-0.6293,0.8158, 0.9096,0.0219,-0.1860, 0.6553,0.4915,-0.5092,0.2641, 42.4698,-4.7043,-0.0107
sensor, 0.0143,-0.6208,0.8159, 0.9096,0.0219,-0.1860, 0.6561,0.4896,-0.5118,0.2605, 42.4698,-4.7043,-0.0107
sensor, 0.0315,-0.5576,0.7728, 0.8733,0.0144,-0.1753, 0.6561,0.4896,-0.5118,0.2605, 42.4698,-4.7043,-0.0107
sensor, 0.0414,-0.4948,0.7893, 0.8105,-0.0026,-0.1529, 0.6569,0.4877,-0.5143,0.2571, 39.6759,-1.9104,-0.0107
sensor, 0.0459,-0.3888,0.7664, 0.7839,-0.0090,-0.1444, 0.6572,0.4869,-0.5155,0.2555, 39.6759,-1.9104,-0.0107
sensor, 0.0351,-0.3353,0.8245, 0.7604,-0.0196,-0.1412, 0.6572,0.4869,-0.5155,0.2555, 39.6759,-1.9104,-0.0107
sensor, 0.0392,-0.2595,0.8312, 0.7604,-0.0196,-0.1412, 0.6575,0.4860,-0.5167,0.2541, 39.6759,-1.9104,-0.0107
sensor, 0.0476,-0.2452,0.8618, 0.7423,-0.0229,-0.1423, 0.6582,0.4842,-0.5190,0.2511, 40.3748,-1.9104,2.0279
sensor, 0.0541,-0.2534,0.9025, 0.7231,-0.0250,-0.1466, 0.6584,0.4834,-0.5201,0.2497, 40.3748,-1.9104,2.0279
sensor, 0.0093,-0.2140,0.9242, 0.7050,-0.0282,-0.1551, 0.6584,0.4834,-0.5201,0.2497, 40.3748,-1.9104,2.0279
sensor, -0.0011,-0.2346,0.9246, 0.6869,-0.0271,-0.1636, 0.6585,0.4827,-0.5212,0.2484, 40.3748,-1.9104,2.0279
sensor, -0.0217,-0.1924,0.9324, 0.6720,-0.0250,-0.1689, 0.6590,0.4816,-0.5224,0.2467, 41.0721,-2.6093,3.3875
sensor, -0.0381,-0.1843,0.9212, 0.6560,-0.0239,-0.1679, 0.6591,0.4807,-0.5237,0.2454, 41.0721,-2.6093,3.3875
sensor, -0.0866,-0.1326,0.9284, 0.6422,-0.0250,-0.1647, 0.6593,0.4790,-0.5263,0.2428, 41.0721,-2.6093,3.3875
sensor, -0.0622,-0.1219,0.9631, 0.6187,-0.0282,-0.1551, 0.6593,0.4790,-0.5263,0.2428, 42.4698,-1.9104,3.3875
sensor, -0.0558,-0.1187,0.9619, 0.6102,-0.0282,-0.1487, 0.6596,0.4778,-0.5276,0.2412, 42.4698,-1.9104,3.3875
sensor, -0.0847,-0.0599,0.9651, 0.5996,-0.0314,-0.1412, 0.6598,0.4760,-0.5301,0.2388, 42.4698,-1.9104,3.3875
sensor, -0.1070,-0.0582,0.9724, 0.5921,-0.0314,-0.1348, 0.6598,0.4760,-0.5301,0.2388, 42.4698,-1.9104,3.3875
sensor, -0.1416,-0.0498,0.9707, 0.5772,-0.0303,-0.1199, 0.6600,0.4741,-0.5326,0.2364, 42.4698,-1.9104,3.3875
sensor, -0.1588,-0.0445,0.9684, 0.5719,-0.0260,-0.1125, 0.6604,0.4727,-0.5341,0.2348, 40.3748,-2.6093,2.7084
sensor, -0.1500,-0.0839,0.9869, 0.5665,-0.0250,-0.1039, 0.6606,0.4716,-0.5354,0.2334, 40.3748,-2.6093,2.7084
sensor, -0.1195,-0.0863,0.9806, 0.5570,-0.0175,-0.0848, 0.6606,0.4716,-0.5354,0.2334, 40.3748,-2.6093,2.7084
sensor, -0.0822,-0.0669,0.9470, 0.5506,-0.0186,-0.0731, 0.6610,0.4695,-0.5380,0.2309, 40.3748,-2.6093,2.7084
sensor, -0.0296,-0.0950,0.9662, 0.5442,-0.0196,-0.0667, 0.6615,0.4682,-0.5391,0.2293, 40.3748,-2.6093,3.3875
sensor, 0.0843,-0.0319,0.8826, 0.5442,-0.0196,-0.0667, 0.6617,0.4673,-0.5401,0.2281, 40.3748,-2.6093,3.3875
sensor, 0.0933,0.0243,0.8733, 0.5250,-0.0314,-0.0560, 0.6620,0.4665,-0.5410,0.2270, 40.3748,-2.6093,3.3875
sensor, 0.1028,0.0523,0.8652, 0.5069,-0.0484,-0.0581, 0.6620,0.4665,-0.5410,0.2270, 38.9771,-4.7043,3.3875
sensor, 0.0989,0.0873,0.8590, 0.5069,-0.0484,-0.0581, 0.6627,0.4644,-0.5429,0.2247, 38.9771,-4.7043,3.3875
sensor, 0.0441,0.1418,0.8998, 0.5016,-0.0559,-0.0624, 0.6627,0.4644,-0.5429,0.2247, 38.9771,-4.7043,3.3875
sensor, -0.0608,0.1488,0.9542, 0.4952,-0.0644,-0.0698, 0.6628,0.4636,-0.5439,0.2236, 38.9771,-1.9104,4.7470
sensor, -0.1216,0.1421,0.9849, 0.4962,-0.0633,-0.0762, 0.6632,0.4624,-0.5450,0.2222, 38.9771,-1.9104,4.7470
sensor, -0.1596,0.1115,0.9759, 0.4899,-0.0537,-0.0773, 0.6634,0.4607,-0.5469,0.2201, 38.9771,-1.9104,4.7470
sensor, -0.2236,0.1179,0.9635, 0.4899,-0.0537,-0.0773, 0.6636,0.4600,-0.5479,0.2191, 38.9771,-1.9104,4.7470
sensor, -0.2562,0.1015,1.0151, 0.4845,-0.0473,-0.0752, 0.6640,0.4589,-0.5487,0.2179, 40.3748,-3.3081,2.7084
sensor, -0.2632,0.0693,0.9562, 0.4771,-0.0346,-0.0752, 0.6640,0.4589,-0.5487,0.2179, 40.3748,-3.3081,2.7084
sensor, -0.2511,0.0636,1.0047, 0.4749,-0.0260,-0.0688, 0.6642,0.4577,-0.5501,0.2162, 40.3748,-3.3081,2.7084
sensor, -0.2539,0.0580,1.0051, 0.4632,-0.0111,-0.0528, 0.6647,0.4566,-0.5509,0.2150, 41.0721,-2.6093,3.3875
sensor, -0.2096,0.0205,1.0043, 0.4632,-0.0111,-0.0528, 0.6649,0.4559,-0.5515,0.2142, 41.0721,-2.6093,3.3875
sensor, -0.1473,0.0601,0.9798, 0.4515,-0.0037,-0.0326, 0.6650,0.4553,-0.5522,0.2134, 41.0721,-2.6093,3.3875
sensor, -0.1350,-0.0014,0.9289, 0.4462,-0.0058,-0.0251, 0.6650,0.4553,-0.5522,0.2134, 41.0721,-2.6093,3.3875
sensor, -0.0751,0.0568,0.9839, 0.4462,-0.0058,-0.0251, 0.6658,0.4533,-0.5536,0.2114, 41.0721,-1.9104,2.0279
sensor, -0.0784,0.0718,0.9664, 0.4408,-0.0069,-0.0240, 0.6660,0.4527,-0.5542,0.2106, 41.0721,-1.9104,2.0279
sensor, -0.0440,0.1557,0.9415, 0.4344,-0.0090,-0.0240, 0.6662,0.4520,-0.5548,0.2099, 41.0721,-1.9104,2.0279
sensor, -0.0575,0.1660,0.9535, 0.4291,-0.0111,-0.0251, 0.6662,0.4520,-0.5548,0.2099, 41.0721,-1.9104,2.0279
sensor, -0.0585,0.2034,0.9723, 0.4249,-0.0090,-0.0283, 0.6663,0.4514,-0.5554,0.2092, 41.0721,-4.0054,3.3875
sensor, -0.0471,0.1893,0.9763, 0.4238,-0.0090,-0.0326, 0.6672,0.4497,-0.5563,0.2075, 41.0721,-4.0054,3.3875
sensor, -0.0624,0.1829,1.0069, 0.4227,-0.0058,-0.0400, 0.6674,0.4491,-0.5569,0.2068, 41.0721,-4.0054,3.3875
sensor, -0.0731,0.1743,0.9703, 0.4217,-0.0047,-0.0454, 0.6676,0.4477,-0.5583,0.2053, 41.0721,-4.0054,3.3875
sensor, -0.0849,0.0997,0.9521, 0.4206,-0.0015,-0.0464, 0.6684,0.4459,-0.5594,0.2038, 41.0721,-3.3081,2.7084
sensor, -0.1069,0.0764,0.9115, 0.4185,0.0006,-0.0485, 0.6685,0.4451,-0.5602,0.2030, 41.0721,-3.3081,2.7084
sensor, -0.1172,0.0454,0.8640, 0.4142,-0.0005,-0.0443, 0.6685,0.4451,-0.5602,0.2030, 41.0721,-3.3081,2.7084
sensor, -0.1390,0.0280,0.8772, 0.4068,0.0006,-0.0422, 0.6686,0.4443,-0.5610,0.2022, 41.0721,-3.3081,2.7084
sensor, -0.1027,-0.0630,0.8463, 0.3982,0.0027,-0.0400, 0.6692,0.4427,-0.5620,0.2008, 41.0721,-2.6093,2.0279
sensor, -0.1329,-0.0502,0.8463, 0.3908,0.0048,-0.0358, 0.6693,0.4419,-0.5628,0.2000, 41.0721,-2.6093,2.0279
sensor, -0.0981,-0.0409,0.8644, 0.3823,0.0048,-0.0315, 0.6694,0.4411,-0.5635,0.1992, 41.0721,-2.6093,2.0279
sensor, -0.0848,-0.0772,0.8378, 0.3727,0.0091,-0.0294, 0.6696,0.4403,-0.5643,0.1985, 41.0721,-2.6093,2.0279
sensor, -0.0911,-0.0541,0.8012, 0.3599,0.0134,-0.0294, 0.6703,0.4380,-0.5659,0.1963, 39.6759,-1.9104,3.3875
sensor, -0.0675,-0.0685,0.7747, 0.3407,0.0187,-0.0283, 0.6703,0.4380,-0.5659,0.1963, 39.6759,-1.9104,3.3875
sensor, -0.0373,-0.1092,0.7615, 0.3407,0.0187,-0.0283, 0.6705,0.4373,-0.5666,0.1955, 39.6759,-1.9104,3.3875
sensor, 0.0170,-0.0812,0.8079, 0.3290,0.0208,-0.0262, 0.6706,0.4366,-0.5672,0.1948, 39.6759,-1.9104,3.3875
sensor, 0.0350,-0.1046,0.7151, 0.3194,0.0219,-0.0272, 0.6717,0.4339,-0.5689,0.1923, 39.6759,-4.0054,4.7470
sensor, 0.0522,-0.1051,0.7446, 0.2981,0.0155,-0.0251, 0.6718,0.4333,-0.5695,0.1916, 39.6759,-4.0054,4.7470
sensor, 0.0344,-0.1052,0.7247, 0.2981,0.0155,-0.0251, 0.6719,0.4326,-0.5701,0.1909, 39.6759,-4.0054,4.7470
sensor, 0.0616,-0.0575,0.7415, 0.2747,0.0048,-0.0304, 0.6719,0.4326,-0.5701,0.1909, 41.7709,-2.6093,4.0680
sensor, 0.0738,-0.0812,0.7125, 0.2747,0.0048,-0.0304, 0.6726,0.4310,-0.5709,0.1894, 41.7709,-2.6093,4.0680
sensor, 0.0819,-0.0277,0.6956, 0.2544,-0.0047,-0.0400, 0.6727,0.4304,-0.5715,0.1888, 41.7709,-2.6093,4.0680
sensor, 0.0867,0.0116,0.6877, 0.2448,-0.0069,-0.0517, 0.6727,0.4298,-0.5721,0.1882, 41.7709,-2.6093,4.0680
sensor, 0.0604,0.0211,0.6796, 0.2448,-0.0069,-0.0517, 0.6727,0.4293,-0.5726,0.1876, 40.3748,-2.6093,3.3875
sensor, 0.0478,0.0245,0.6580, 0.2352,-0.0090,-0.0635, 0.6734,0.4279,-0.5734,0.1863, 40.3748,-2.6093,3.3875
sensor, -0.0143,0.0406,0.6586, 0.2257,-0.0090,-0.0752, 0.6733,0.4274,-0.5740,0.1857, 40.3748,-2.6093,3.3875
sensor, -0.0651,0.0260,0.6719, 0.1969,-0.0026,-0.0890, 0.6733,0.4266,-0.5750,0.1847, 40.3748,-2.6093,3.3875
sensor, -0.0845,0.0261,0.7041, 0.1969,-0.0026,-0.0890, 0.6733,0.4266,-0.5750,0.1847, 40.3748,-2.6093,3.3875
sensor, -0.1186,0.0275,0.7291, 0.1852,0.0059,-0.0901, 0.6738,0.4252,-0.5758,0.1833, 40.3748,-2.6093,3.3875
sensor, -0.1232,0.0389,0.7670, 0.1735,0.0134,-0.0880, 0.6738,0.4249,-0.5762,0.1828, 40.3748,-2.6093,3.3875
sensor, -0.1406,0.0369,0.8026, 0.1660,0.0155,-0.0752, 0.6738,0.4245,-0.5767,0.1824, 40.3748,-2.6093,3.3875
sensor, -0.0864,0.0696,0.7831, 0.1660,0.0155,-0.0752, 0.6737,0.4240,-0.5772,0.1819, 38.9771,-1.2131,3.3875
sensor, -0.0849,0.0712,0.7690, 0.1628,0.0155,-0.0698, 0.6742,0.4229,-0.5779,0.1808, 38.9771,-1.2131,3.3875
sensor, -0.0285,0.0736,0.7908, 0.1617,0.0155,-0.0624, 0.6742,0.4220,-0.5788,0.1799, 38.9771,-1.2131,3.3875
sensor, 0.0143,0.1070,0.7612, 0.1586,0.0166,-0.0635, 0.6742,0.4216,-0.5792,0.1795, 38.9771,-1.2131,3.3875
sensor, 0.0757,0.0428,0.6768, 0.1553,0.0187,-0.0667, 0.6742,0.4216,-0.5792,0.1795, 40.3748,-2.6093,3.3875
sensor, 0.0960,0.0499,0.6676, 0.1479,0.0187,-0.0645, 0.6748,0.4199,-0.5803,0.1778, 40.3748,-2.6093,3.3875
sensor, 0.0813,0.0374,0.6586, 0.1373,0.0080,-0.0645, 0.6748,0.4199,-0.5803,0.1778, 40.3748,-2.6093,3.3875
sensor, 0.0106,0.0123,0.6440, 0.1277,0.0027,-0.0613, 0.6747,0.4193,-0.5811,0.1770, 40.3748,-2.6093,3.3875
sensor, 0.0021,0.0296,0.5898, 0.1277,0.0027,-0.0613, 0.6747,0.4189,-0.5815,0.1765, 40.3748,-2.6093,3.3875
sensor, -0.0079,0.0584,0.6671, 0.1234,-0.0047,-0.0560, 0.6751,0.4178,-0.5821,0.1755, 41.7709,-1.9104,2.0279
sensor, -0.0494,0.0836,0.6607, 0.1127,-0.0111,-0.0326, 0.6751,0.4174,-0.5825,0.1752, 41.7709,-1.9104,2.0279
sensor, -0.0756,0.1096,0.7011, 0.1085,-0.0111,-0.0230, 0.6751,0.4169,-0.5830,0.1749, 41.7709,-1.9104,2.0279
sensor, -0.0804,0.1388,0.6967, 0.1095,-0.0079,-0.0155, 0.6751,0.4165,-0.5834,0.1747, 41.0721,-1.2131,4.0680
sensor, -0.0493,0.1421,0.6596, 0.1106,-0.0047,-0.0102, 0.6756,0.4151,-0.5840,0.1736, 41.0721,-1.2131,4.0680
sensor, -0.0662,0.1692,0.6858, 0.1106,-0.0005,-0.0070, 0.6756,0.4147,-0.5844,0.1734, 41.0721,-1.2131,4.0680
sensor, -0.0334,0.1763,0.6620, 0.1106,-0.0005,-0.0070, 0.6756,0.4147,-0.5844,0.1734, 41.0721,-1.2131,4.0680
sensor, -0.0551,0.1125,0.6782, 0.1106,0.0017,-0.0059, 0.6762,0.4133,-0.5850,0.1723, 38.2782,-1.2131,4.0680
sensor, -0.0731,0.0956,0.6692, 0.1074,0.0027,0.0026, 0.6763,0.4124,-0.5857,0.1718, 38.2782,-1.2131,4.0680
sensor, -0.0992,0.1118,0.6259, 0.1064,0.0070,0.0068, 0.6763,0.4120,-0.5860,0.1716, 38.2782,-1.2131,4.0680
sensor, -0.0806,0.1319,0.6575, 0.1064,0.0070,0.0068, 0.6763,0.4120,-0.5860,0.1716, 41.0721,-3.3081,4.0680
sensor, -0.0262,0.1581,0.6684, 0.1053,0.0123,0.0111, 0.6771,0.4102,-0.5867,0.1702, 41.0721,-3.3081,4.0680
sensor, -0.0347,0.1940,0.6444, 0.1032,0.0208,0.0111, 0.6772,0.4098,-0.5870,0.1700, 40.3748,-1.9104,3.3875
sensor, -0.0127,0.1813,0.6332, 0.1010,0.0240,0.0079, 0.6779,0.4079,-0.5878,0.1688, 40.3748,-1.9104,3.3875
sensor, 0.0230,0.1276,0.6018, 0.1010,0.0272,0.0058, 0.6779,0.4079,-0.5878,0.1688, 40.3748,-1.9104,3.3875
sensor, 0.0349,0.1882,0.6028, 0.0957,0.0272,0.0058, 0.6780,0.4075,-0.5881,0.1685, 40.3748,-1.9104,3.3875
sensor, 0.0388,0.2038,0.5800, 0.0957,0.0272,0.0058, 0.6781,0.4071,-0.5883,0.1683, 40.3748,-2.6093,4.0680
sensor, 0.0569,0.1701,0.5708, 0.0946,0.0272,0.0026, 0.6788,0.4056,-0.5889,0.1671, 40.3748,-2.6093,4.0680
sensor, 0.0562,0.1518,0.5519, 0.0925,0.0198,0.0037, 0.6788,0.4053,-0.5891,0.1670, 40.3748,-2.6093,4.0680
sensor, 0.0104,0.1150,0.5378, 0.0936,0.0176,-0.0017, 0.6789,0.4049,-0.5893,0.1668, 41.0721,-3.3081,4.0680
sensor, 0.0579,0.0834,0.5596, 0.0936,0.0176,-0.0017, 0.6797,0.4034,-0.5899,0.1655, 41.0721,-3.3081,4.0680
sensor, 0.0346,0.0751,0.5208, 0.0882,0.0112,-0.0038, 0.6797,0.4027,-0.5904,0.1650, 41.0721,-3.3081,4.0680
sensor, 0.0326,0.0512,0.4925, 0.0882,0.0112,-0.0038, 0.6798,0.4024,-0.5907,0.1648, 41.0721,-3.3081,4.0680
sensor, 0.0503,0.0021,0.4832, 0.0829,0.0112,-0.0059, 0.6798,0.4024,-0.5907,0.1648, 41.0721,-1.2131,4.0680
sensor, 0.0518,-0.0364,0.4522, 0.0776,0.0112,-0.0049, 0.6804,0.4008,-0.5914,0.1635, 41.0721,-1.2131,4.0680
sensor, 0.0605,0.0155,0.4483, 0.0712,0.0080,-0.0027, 0.6804,0.4008,-0.5914,0.1635, 41.0721,-1.2131,4.0680
sensor, 0.0474,0.0052,0.4486, 0.0605,0.0059,-0.0017, 0.6804,0.4003,-0.5918,0.1631, 41.0721,-1.2131,4.0680
sensor, 0.0498,0.0118,0.4461, 0.0478,0.0070,-0.0038, 0.6809,0.3993,-0.5922,0.1623, 40.3748,-0.5142,3.3875
sensor, 0.0210,0.0455,0.4498, 0.0403,0.0059,-0.0081, 0.6809,0.3993,-0.5922,0.1623, 40.3748,-0.5142,3.3875
sensor, 0.0088,0.0575,0.4148, 0.0403,0.0059,-0.0081, 0.6809,0.3990,-0.5924,0.1622, 40.3748,-0.5142,3.3875
sensor, -0.0422,0.0742,0.4679, 0.0318,0.0059,-0.0091, 0.6809,0.3988,-0.5925,0.1620, 40.3748,-0.5142,3.3875
sensor, -0.0522,0.1113,0.4776, 0.0265,0.0048,-0.0113, 0.6816,0.3971,-0.5932,0.1607, 40.3748,-0.5142,3.3875
sensor, -0.0642,0.1058,0.4835, 0.0222,0.0112,-0.0123, 0.6816,0.3969,-0.5934,0.1606, 40.3748,-4.7043,2.7084
sensor, -0.0389,0.1519,0.4974, 0.0158,0.0187,-0.0017, 0.6816,0.3967,-0.5935,0.1606, 40.3748,-4.7043,2.7084
sensor, -0.0280,0.1437,0.5028, 0.0158,0.0187,0.0037, 0.6816,0.3964,-0.5937,0.1606, 40.3748,-4.7043,2.7084
sensor, 0.0172,0.1797,0.5349, 0.0201,0.0134,0.0207, 0.6816,0.3964,-0.5937,0.1606, 41.7709,-2.6093,3.3875
sensor, 0.0300,0.1703,0.5008, 0.0201,0.0134,0.0207, 0.6823,0.3951,-0.5941,0.1596, 41.7709,-2.6093,3.3875
sensor, 0.0719,0.2037,0.4836, 0.0211,0.0059,0.0228, 0.6823,0.3946,-0.5944,0.1596, 41.7709,-2.6093,3.3875
sensor, 0.0881,0.1596,0.4516, 0.0254,-0.0026,0.0186, 0.6823,0.3946,-0.5944,0.1596, 41.7709,-2.6093,3.3875
sensor, 0.0426,0.1975,0.4408, 0.0243,-0.0090,0.0175, 0.6823,0.3943,-0.5946,0.1596, 41.0721,-1.9104,4.0680
sensor, 0.0412,0.1686,0.4552, 0.0243,-0.0090,0.0175, 0.6829,0.3930,-0.5950,0.1587, 41.0721,-1.9104,4.0680
sensor, -0.0318,0.1144,0.4138, 0.0147,-0.0143,0.0164, 0.6829,0.3928,-0.5952,0.1587, 41.0721,-1.9104,4.0680
sensor, -0.0403,0.1213,0.4269, 0.0126,-0.0154,0.0196, 0.6829,0.3926,-0.5953,0.1587, 41.0721,-1.9104,4.0680
sensor, -0.0285,0.1411,0.4202, 0.0105,-0.0154,0.0260, 0.6828,0.3923,-0.5955,0.1587, 40.3748,-2.6093,2.7084
sensor, -0.0048,0.1088,0.4249, 0.0073,-0.0175,0.0282, 0.6834,0.3911,-0.5959,0.1579, 40.3748,-2.6093,2.7084
sensor, 0.0109,0.1570,0.4249, 0.0073,-0.0175,0.0282, 0.6834,0.3909,-0.5961,0.1580, 40.3748,-2.6093,2.7084
sensor, 0.0307,0.1559,0.4460, 0.0052,-0.0196,0.0292, 0.6834,0.3906,-0.5962,0.1580, 40.3748,-2.6093,2.7084
sensor, 0.0032,0.1960,0.4228, 0.0052,-0.0196,0.0292, 0.6833,0.3904,-0.5964,0.1581, 40.3748,-4.7043,3.3875
sensor, 0.0268,0.1918,0.4327, 0.0052,-0.0196,0.0282, 0.6841,0.3888,-0.5969,0.1569, 40.3748,-4.7043,3.3875
sensor, -0.0148,0.1992,0.4006, 0.0020,-0.0186,0.0239, 0.6841,0.3885,-0.5970,0.1570, 40.3748,-4.7043,3.3875
sensor, -0.0110,0.2106,0.4466, -0.0023,-0.0186,0.0218, 0.6840,0.3883,-0.5972,0.1571, 40.3748,-4.7043,3.3875
sensor, -0.0280,0.2125,0.4922, -0.0034,-0.0133,0.0164, 0.6840,0.3881,-0.5973,0.1572, 40.3748,-3.3081,2.7084
sensor, -0.0185,0.1954,0.4710, -0.0034,-0.0133,0.0164, 0.6846,0.3868,-0.5977,0.1563, 40.3748,-3.3081,2.7084
sensor, -0.0763,0.2596,0.4968, -0.0034,-0.0101,0.0154, 0.6846,0.3866,-0.5979,0.1564, 40.3748,-3.3081,2.7084
sensor, -0.0767,0.2700,0.5128, 0.0020,-0.0005,0.0122, 0.6845,0.3861,-0.5982,0.1565, 40.3748,-3.3081,2.7084
sensor, -0.0763,0.2777,0.4659, 0.0083,0.0048,0.0111, 0.6845,0.3861,-0.5982,0.1565, 41.0721,-1.2131,3.3875
sensor, -0.0682,0.3047,0.5047, 0.0105,0.0091,0.0100, 0.6850,0.3849,-0.5987,0.1560, 41.0721,-1.2131,3.3875
sensor, -0.0523,0.2674,0.4754, 0.0105,0.0091,0.0100, 0.6850,0.3849,-0.5987,0.1560, 41.0721,-1.2131,3.3875
sensor, -0.0621,0.3055,0.4624, 0.0137,0.0123,0.0047, 0.6850,0.3844,-0.5989,0.1560, 41.0721,-1.2131,3.3875
sensor, -0.0377,0.2948,0.4505, 0.0179,0.0166,0.0015, 0.6856,0.3831,-0.5993,0.1551, 40.3748,-1.9104,4.7470
sensor, 0.0049,0.3228,0.4063, 0.0222,0.0155,0.0005, 0.6856,0.3831,-0.5993,0.1551, 40.3748,-1.9104,4.7470
sensor, 0.0222,0.2816,0.4288, 0.0265,0.0166,-0.0006, 0.6856,0.3827,-0.5995,0.1551, 40.3748,-1.9104,4.7470
sensor, 0.0248,0.2892,0.4099, 0.0296,0.0155,-0.0027, 0.6856,0.3827,-0.5995,0.1551, 40.3748,-1.9104,4.7470
sensor, 0.0344,0.2283,0.4376, 0.0296,0.0155,-0.0027, 0.6856,0.3825,-0.5996,0.1551, 41.7709,-3.3081,4.0680
sensor, 0.0490,0.2200,0.4080, 0.0318,0.0123,-0.0070, 0.6863,0.3810,-0.6000,0.1540, 41.7709,-3.3081,4.0680
sensor, 0.0416,0.1957,0.3578, 0.0307,0.0091,-0.0081, 0.6864,0.3808,-0.6002,0.1539, 41.7709,-3.3081,4.0680
sensor, 0.0079,0.1555,0.3293, 0.0275,0.0080,-0.0059, 0.6863,0.3805,-0.6004,0.1539, 41.7709,-3.3081,4.0680
sensor, 0.0133,0.1385,0.3239, 0.0233,0.0070,-0.0059, 0.6863,0.3805,-0.6004,0.1539, 39.6759,-2.6093,3.3875
sensor, -0.0285,0.1439,0.3411, 0.0222,0.0059,-0.0081, 0.6869,0.3791,-0.6009,0.1528, 39.6759,-2.6093,3.3875
sensor, -0.0368,0.1233,0.3624, 0.0201,0.0070,-0.0070, 0.6869,0.3791,-0.6009,0.1528, 39.6759,-2.6093,3.3875
sensor, -0.0313,0.0776,0.3430, 0.0169,0.0102,-0.0059, 0.6869,0.3789,-0.6010,0.1528, 39.6759,-2.6093,3.3875
sensor, -0.0253,0.0281,0.3367, 0.0169,0.0102,-0.0059, 0.6869,0.3786,-0.6012,0.1526, 39.6759,-2.6093,3.3875
sensor, -0.0176,0.0359,0.3606, 0.0169,0.0112,-0.0027, 0.6874,0.3775,-0.6016,0.1517, 40.3748,-1.9104,3.3875
sensor, -0.0273,0.0266,0.3191, 0.0009,0.0123,0.0058, 0.6874,0.3775,-0.6016,0.1517, 40.3748,-1.9104,3.3875
sensor, 0.0064,0.0636,0.3187, -0.0012,0.0123,0.0079, 0.6874,0.3774,-0.6016,0.1517, 40.3748,-1.9104,3.3875
sensor, 0.0805,0.1409,0.3483, -0.0023,0.0080,0.0090, 0.6874,0.3773,-0.6017,0.1517, 40.3748,-1.9104,3.3875
sensor, 0.0701,0.1569,0.3484, -0.0023,0.0080,0.0090, 0.6874,0.3772,-0.6018,0.1518, 39.6759,-1.9104,4.7470
sensor, 0.0663,0.1782,0.3431, -0.0044,0.0059,0.0100, 0.6880,0.3760,-0.6021,0.1508, 39.6759,-1.9104,4.7470
sensor, 0.0753,0.2005,0.3350, -0.0044,0.0027,0.0026, 0.6887,0.3744,-0.6026,0.1498, 41.0721,-4.0054,3.3875
sensor, 0.0444,0.1991,0.3329, -0.0034,-0.0037,0.0005, 0.6887,0.3743,-0.6027,0.1498, 41.0721,-4.0054,3.3875
sensor, 0.0314,0.1867,0.2995, -0.0034,-0.0037,0.0005, 0.6886,0.3742,-0.6028,0.1499, 41.0721,-4.0054,3.3875
sensor, -0.0318,0.1767,0.3078, -0.0034,-0.0026,0.0005, 0.6886,0.3742,-0.6028,0.1499, 41.0721,-4.0054,3.3875
sensor, 0.0018,0.1770,0.2809, -0.0023,-0.0037,0.0005, 0.6892,0.3728,-0.6032,0.1490, 41.0721,-1.9104,4.0680
sensor, -0.0305,0.1835,0.3073, 0.0009,-0.0037,0.0005, 0.6892,0.3727,-0.6033,0.1491, 41.0721,-1.9104,4.0680
sensor, -0.0041,0.1506,0.3210, -0.0012,-0.0015,0.0005, 0.6898,0.3713,-0.6036,0.1480, 41.0721,-1.9104,4.0680
sensor, 0.0508,0.1538,0.2828, -0.0012,-0.0015,0.0037, 0.6898,0.3713,-0.6036,0.1480, 41.0721,-3.3081,4.0680
sensor, 0.0771,0.1866,0.3282, -0.0023,0.0006,-0.0006, 0.6898,0.3711,-0.6038,0.1480, 41.0721,-3.3081,4.0680
sensor, 0.0696,0.1376,0.2704, -0.0023,0.0006,-0.0006, 0.6898,0.3711,-0.6038,0.1480, 41.0721,-3.3081,4.0680
sensor, 0.1464,0.1429,0.2749, -0.0034,0.0017,-0.0017, 0.6898,0.3709,-0.6039,0.1480, 41.0721,-3.3081,4.0680
sensor, 0.0888,0.1100,0.2590, -0.0034,-0.0069,-0.0081, 0.6903,0.3699,-0.6042,0.1472, 41.0721,-0.5142,4.7470
sensor, 0.1097,0.1091,0.2892, -0.0055,-0.0133,-0.0134, 0.6903,0.3698,-0.6043,0.1471, 41.0721,-0.5142,4.7470
sensor, 0.0501,0.0496,0.2580, -0.0055,-0.0133,-0.0134, 0.6903,0.3696,-0.6044,0.1471, 41.0721,-0.5142,4.7470
sensor, -0.0097,0.0660,0.2510, -0.0076,-0.0165,-0.0134, 0.6903,0.3694,-0.6045,0.1469, 41.0721,-1.9104,3.3875
sensor, -0.0431,0.0431,0.3182, -0.0108,-0.0165,-0.0134, 0.6908,0.3683,-0.6049,0.1460, 41.0721,-1.9104,3.3875
sensor, -0.0728,0.0661,0.2732, -0.0172,-0.0218,-0.0091, 0.6908,0.3679,-0.6052,0.1459, 41.0721,-1.9104,3.3875
sensor, -0.0851,0.0656,0.3229, -0.0193,-0.0175,-0.0049, 0.6908,0.3679,-0.6052,0.1459, 41.0721,-1.9104,3.3875
sensor, -0.0768,0.1013,0.3190, -0.0193,-0.0175,-0.0049, 0.6914,0.3662,-0.6057,0.1447, 40.3748,-3.3081,4.0680
sensor, -0.0505,0.1252,0.2721, -0.0204,-0.0165,0.0005, 0.6914,0.3661,-0.6058,0.1447, 40.3748,-3.3081,4.0680
sensor, -0.0258,0.1269,0.3101, -0.0193,-0.0122,0.0047, 0.6914,0.3659,-0.6059,0.1447, 40.3748,-3.3081,4.0680
sensor, 0.0018,0.0796,0.2965, -0.0193,-0.0079,0.0068, 0.6914,0.3659,-0.6059,0.1447, 40.3748,-3.3081,4.0680
sensor, 0.0275,0.1151,0.2732, -0.0204,-0.0069,0.0090, 0.6918,0.3647,-0.6063,0.1440, 40.3748,-1.2131,4.0680
sensor, 0.0643,0.1298,0.2686, -0.0204,-0.0069,0.0090, 0.6918,0.3647,-0.6063,0.1440, 40.3748,-1.2131,4.0680
sensor, 0.0418,0.1470,0.2537, -0.0193,-0.0101,0.0090, 0.6918,0.3645,-0.6065,0.1440, 40.3748,-1.2131,4.0680
sensor, 0.0239,0.1351,0.2690, -0.0193,-0.0154,0.0058, 0.6918,0.3645,-0.6065,0.1440, 40.3748,-1.2131,4.0680
sensor, 0.0151,0.1629,0.2582, -0.0204,-0.0218,0.0058, 0.6918,0.3643,-0.6066,0.1441, 40.3748,-0.5142,3.3875
sensor, -0.0004,0.1583,0.2798, -0.0215,-0.0239,0.0058, 0.6921,0.3635,-0.6068,0.1435, 40.3748,-0.5142,3.3875
sensor, 0.0148,0.1370,0.2360, -0.0215,-0.0239,0.0058, 0.6921,0.3633,-0.6069,0.1435, 40.3748,-0.5142,3.3875
sensor, 0.0152,0.1489,0.2788, -0.0225,-0.0250,0.0037, 0.6921,0.3630,-0.6072,0.1436, 40.3748,-0.5142,3.3875
sensor, 0.0175,0.1569,0.2951, -0.0225,-0.0250,0.0015, 0.6921,0.3630,-0.6072,0.1436, 40.3748,-0.5142,3.3875
sensor, 0.0229,0.1560,0.2540, -0.0247,-0.0260,0.0005, 0.6926,0.3618,-0.6075,0.1427, 41.7709,-2.6093,2.7084
sensor, 0.0058,0.1674,0.2393, -0.0215,-0.0271,-0.0049, 0.6925,0.3617,-0.6076,0.1428, 41.7709,-2.6093,2.7084
sensor, -0.0128,0.1801,0.2404, -0.0215,-0.0282,-0.0091, 0.6925,0.3615,-0.6077,0.1428, 41.7709,-2.6093,2.7084
sensor, 0.0059,0.1679,0.2748, -0.0225,-0.0282,-0.0113, 0.6930,0.3602,-0.6082,0.1419, 40.3748,-1.9104,3.3875
sensor, -0.0296,0.1883,0.2840, -0.0225,-0.0314,-0.0134, 0.6930,0.3600,-0.6083,0.1419, 40.3748,-1.9104,3.3875
sensor, -0.0574,0.1492,0.2836, -0.0236,-0.0282,-0.0155, 0.6930,0.3600,-0.6083,0.1419, 40.3748,-1.9104,3.3875
sensor, -0.0729,0.1488,0.3257, -0.0215,-0.0250,-0.0176, 0.6930,0.3598,-0.6085,0.1418, 40.3748,-1.9104,3.3875
sensor, -0.0918,0.1293,0.2693, -0.0215,-0.0250,-0.0176, 0.6930,0.3595,-0.6087,0.1417, 41.0721,-2.6093,3.3875
sensor, -0.0932,0.1241,0.3227, -0.0193,-0.0239,-0.0198, 0.6935,0.3583,-0.6090,0.1407, 41.0721,-2.6093,3.3875
sensor, -0.1340,0.1254,0.2917, -0.0204,-0.0207,-0.0187, 0.6935,0.3580,-0.6092,0.1406, 41.0721,-2.6093,3.3875
sensor, -0.1311,0.1042,0.2871, -0.0204,-0.0143,-0.0166, 0.6935,0.3578,-0.6093,0.1406, 41.0721,-2.6093,3.3875
sensor, -0.1387,0.1139,0.3216, -0.0183,-0.0101,-0.0155, 0.6935,0.3577,-0.6094,0.1405, 40.3748,-1.2131,3.3875
sensor, -0.1552,0.1409,0.3109, -0.0183,-0.0101,-0.0155, 0.6939,0.3566,-0.6098,0.1397, 40.3748,-1.2131,3.3875
sensor, -0.1059,0.0846,0.2948, -0.0204,-0.0047,-0.0123, 0.6939,0.3565,-0.6099,0.1397, 40.3748,-1.2131,3.3875
sensor, -0.1048,0.1203,0.3162, -0.0151,-0.0005,-0.0049, 0.6939,0.3563,-0.6100,0.1397, 40.3748,-1.2131,3.3875
sensor, -0.0959,0.1171,0.2805, -0.0130,0.0070,-0.0006, 0.6945,0.3549,-0.6104,0.1387, 39.6759,-2.6093,4.0680
sensor, -0.0741,0.1156,0.3016, -0.0130,0.0070,-0.0006, 0.6945,0.3549,-0.6104,0.1387, 39.6759,-2.6093,4.0680
sensor, -0.0620,0.1274,0.2569, -0.0119,0.0080,0.0037, 0.6944,0.3548,-0.6104,0.1387, 39.6759,-2.6093,4.0680
sensor, -0.0425,0.1357,0.2622, -0.0087,0.0112,0.0037, 0.6944,0.3546,-0.6105,0.1388, 39.6759,-2.6093,4.0680
sensor, 0.0021,0.1135,0.2354, -0.0055,0.0112,0.0068, 0.6944,0.3546,-0.6105,0.1388, 40.3748,-3.3081,3.3875
sensor, 0.0213,0.0962,0.2287, -0.0066,0.0123,0.0111, 0.6950,0.3533,-0.6109,0.1379, 40.3748,-3.3081,3.3875
sensor, -0.0128,0.1236,0.2321, -0.0002,0.0123,0.0079, 0.6950,0.3533,-0.6109,0.1379, 40.3748,-3.3081,3.3875
sensor, 0.0289,0.1274,0.2317, 0.0009,0.0091,0.0047, 0.6950,0.3532,-0.6109,0.1380, 40.3748,-3.3081,3.3875
sensor, 0.0835,0.1345,0.2426, 0.0009,0.0091,0.0047, 0.6950,0.3532,-0.6109,0.1380, 40.3748,-1.2131,4.0680
sensor, 0.0406,0.1367,0.2272, 0.0030,0.0080,0.0026, 0.6954,0.3521,-0.6112,0.1372, 40.3748,-1.2131,4.0680
sensor, 0.0633,0.1121,0.1877, 0.0020,0.0059,-0.0006, 0.6954,0.3520,-0.6113,0.1372, 40.3748,-1.2131,4.0680
sensor, 0.0559,0.1188,0.1479, -0.0012,0.0017,-0.0038, 0.6954,0.3520,-0.6113,0.1372, 40.3748,-1.2131,4.0680
sensor, 0.0787,0.0872,0.1762, -0.0012,0.0017,-0.0038, 0.6954,0.3519,-0.6113,0.1372, 40.3748,-1.2131,4.0680
sensor, 0.0547,0.1101,0.1798, -0.0023,0.0006,-0.0102, 0.6954,0.3518,-0.6114,0.1372, 41.0721,-2.6093,4.7470
sensor, 0.0653,0.1201,0.2067, -0.0012,0.0006,-0.0145, 0.6961,0.3504,-0.6117,0.1359, 41.0721,-2.6093,4.7470
sensor, 0.0347,0.0977,0.1759, -0.0034,-0.0026,-0.0198, 0.6961,0.3503,-0.6118,0.1359, 41.0721,-2.6093,4.7470
sensor, 0.0256,0.0567,0.1279, -0.0066,-0.0005,-0.0262, 0.6961,0.3502,-0.6119,0.1357, 41.0721,-2.6093,4.7470
sensor, 0.0299,0.0078,0.1819, -0.0119,0.0038,-0.0326, 0.6966,0.3490,-0.6122,0.1345, 41.0721,-2.6093,3.3875
sensor, 0.0238,0.0127,0.1590, -0.0172,0.0017,-0.0326, 0.6966,0.3490,-0.6122,0.1345, 41.0721,-2.6093,3.3875
sensor, 0.0524,0.0240,0.1369, -0.0172,0.0017,-0.0326, 0.6967,0.3489,-0.6123,0.1343, 40.3748,-1.9104,4.7470
sensor, 0.0413,-0.0014,0.1735, -0.0268,0.0027,-0.0368, 0.6973,0.3477,-0.6126,0.1331, 40.3748,-1.9104,4.7470
sensor, 0.0428,0.0269,0.1682, -0.0279,0.0038,-0.0347, 0.6973,0.3476,-0.6126,0.1330, 40.3748,-1.9104,4.7470
sensor, 0.0313,0.0025,0.1394, -0.0311,0.0006,-0.0347, 0.6973,0.3474,-0.6127,0.1327, 39.6759,-2.6093,4.0680
sensor, 0.0328,0.0186,0.1354, -0.0353,0.0038,-0.0336, 0.6979,0.3462,-0.6130,0.1315, 39.6759,-2.6093,4.0680
sensor, 0.0051,0.0188,0.1515, -0.0353,0.0038,-0.0336, 0.6979,0.3461,-0.6131,0.1314, 39.6759,-2.6093,4.0680
sensor, 0.0138,0.0210,0.1746, -0.0364,0.0017,-0.0315, 0.6979,0.3461,-0.6131,0.1314, 39.6759,-2.6093,4.0680
sensor, 0.0151,0.0617,0.1374, -0.0375,0.0006,-0.0294, 0.6986,0.3447,-0.6134,0.1300, 40.3748,-2.6093,4.7470
sensor, 0.0206,0.0607,0.1360, -0.0375,-0.0015,-0.0272, 0.6986,0.3447,-0.6134,0.1299, 40.3748,-2.6093,4.7470
sensor, -0.0145,0.0640,0.1753, -0.0364,-0.0037,-0.0230, 0.6991,0.3435,-0.6137,0.1290, 40.3748,-2.6093,3.3875
sensor, -0.0312,0.0856,0.1545, -0.0353,-0.0069,-0.0209, 0.6991,0.3435,-0.6137,0.1290, 40.3748,-2.6093,3.3875
sensor, -0.0245,0.0834,0.2010, -0.0343,-0.0047,-0.0176, 0.6991,0.3434,-0.6138,0.1289, 40.3748,-2.6093,3.3875
sensor, -0.0500,0.0960,0.1813, -0.0332,-0.0005,-0.0134, 0.6991,0.3434,-0.6138,0.1289, 40.3748,-2.6093,3.3875
sensor, -0.0493,0.1077,0.1957, -0.0321,-0.0015,-0.0123, 0.6991,0.3433,-0.6139,0.1289, 41.0721,-2.6093,4.7470
sensor, -0.0626,0.0743,0.2049, -0.0289,-0.0026,-0.0070, 0.6997,0.3419,-0.6141,0.1278, 41.0721,-2.6093,4.7470
sensor, -0.0582,0.1252,0.2108, -0.0193,-0.0015,-0.0006, 0.6997,0.3417,-0.6143,0.1278, 41.0721,-2.6093,4.7470
sensor, -0.0576,0.1273,0.2125, -0.0193,-0.0015,-0.0006, 0.6997,0.3417,-0.6143,0.1278, 41.0721,-2.6093,4.7470
sensor, -0.0645,0.1259,0.2121, -0.0130,0.0006,0.0100, 0.7003,0.3402,-0.6146,0.1268, 40.3748,-2.6093,4.7470
sensor, -0.0724,0.1343,0.2241, -0.0130,0.0006,0.0100, 0.7003,0.3402,-0.6146,0.1268, 40.3748,-2.6093,4.7470
sensor, -0.0396,0.1848,0.2221, -0.0055,0.0006,0.0122, 0.7003,0.3401,-0.6147,0.1270, 40.3748,-2.6093,4.7470
sensor, -0.0246,0.1707,0.2084, -0.0055,0.0006,0.0122, 0.7003,0.3401,-0.6147,0.1270, 40.3748,-2.6093,4.7470
sensor, 0.0006,0.1507,0.2104, 0.0020,0.0038,0.0122, 0.7002,0.3400,-0.6148,0.1271, 39.6759,-2.6093,4.0680
sensor, -0.0065,0.1428,0.1857, 0.0020,0.0038,0.0122, 0.7008,0.3388,-0.6150,0.1262, 39.6759,-2.6093,4.0680
sensor, -0.0028,0.1355,0.1718, 0.0041,0.0048,0.0079, 0.7008,0.3387,-0.6150,0.1262, 39.6759,-2.6093,4.0680
sensor, -0.0024,0.1336,0.1970, 0.0041,0.0038,0.0058, 0.7008,0.3386,-0.6151,0.1263, 39.6759,-2.6093,4.0680
sensor, -0.0113,0.0928,0.1694, 0.0073,0.0006,0.0058, 0.7008,0.3385,-0.6151,0.1263, 40.3748,-2.6093,4.7470
sensor, 0.0093,0.0771,0.1890, 0.0073,0.0048,0.0047, 0.7014,0.3372,-0.6154,0.1252, 40.3748,-2.6093,4.7470
sensor, -0.0119,0.0805,0.1657, 0.0073,0.0070,0.0037, 0.7014,0.3371,-0.6155,0.1252, 40.3748,-2.6093,4.7470
sensor, 0.0018,0.0640,0.1553, 0.0073,0.0048,0.0037, 0.7014,0.3370,-0.6155,0.1252, 40.3748,-2.6093,4.7470
sensor, -0.0113,0.0625,0.1803, 0.0073,0.0048,0.0037, 0.7014,0.3369,-0.6156,0.1252, 40.3748,-1.9104,4.0680
sensor, 0.0045,0.0677,0.1946, 0.0073,0.0070,0.0037, 0.7018,0.3358,-0.6158,0.1243, 40.3748,-1.9104,4.0680
sensor, -0.0391,0.0205,0.1520, 0.0062,0.0070,0.0079, 0.7018,0.3357,-0.6159,0.1243, 40.3748,-1.9104,4.0680
sensor, -0.0527,0.0342,0.1565, 0.0052,0.0059,0.0090, 0.7018,0.3356,-0.6159,0.1243, 40.3748,-1.9104,4.0680
sensor, -0.0018,0.0662,0.1763, 0.0030,0.0059,0.0079, 0.7024,0.3343,-0.6162,0.1232, 41.7709,-3.3081,4.0680
sensor, -0.0599,0.0609,0.1905, 0.0052,0.0070,0.0068, 0.7024,0.3342,-0.6162,0.1232, 41.7709,-3.3081,4.0680
sensor, -0.0793,0.0538,0.2251, 0.0062,0.0080,0.0090, 0.7024,0.3342,-0.6162,0.1232, 41.7709,-3.3081,4.0680
sensor, -0.0845,0.0686,0.2088, 0.0073,0.0112,0.0122, 0.7024,0.3341,-0.6163,0.1232, 41.7709,-3.3081,4.0680
sensor, -0.1040,0.0567,0.2232, 0.0073,0.0155,0.0154, 0.7024,0.3340,-0.6164,0.1232, 41.7709,-2.6093,3.3875
sensor, -0.0838,0.0757,0.2111, 0.0094,0.0187,0.0175, 0.7028,0.3329,-0.6166,0.1224, 41.7709,-2.6093,3.3875
sensor, -0.1217,0.0837,0.2144, 0.0105,0.0219,0.0218, 0.7028,0.3329,-0.6166,0.1225, 41.7709,-2.6093,3.3875
sensor, -0.0898,0.0905,0.1956, 0.0126,0.0262,0.0239, 0.7028,0.3328,-0.6166,0.1227, 41.7709,-2.6093,3.3875
sensor, -0.0775,0.0834,0.2279, 0.0137,0.0304,0.0250, 0.7028,0.3328,-0.6166,0.1227, 41.0721,-2.6093,5.4260
sensor, -0.0647,0.0841,0.2090, 0.0179,0.0347,0.0250, 0.7034,0.3314,-0.6169,0.1217, 41.0721,-2.6093,5.4260
sensor, -0.0590,0.0517,0.1963, 0.0201,0.0389,0.0228, 0.7034,0.3314,-0.6168,0.1218, 41.0721,-2.6093,5.4260
sensor, -0.0326,0.0987,0.1741, 0.0211,0.0411,0.0175, 0.7034,0.3315,-0.6168,0.1219, 41.0721,-2.6093,5.4260
sensor, -0.0346,0.0660,0.1596, 0.0254,0.0432,0.0154, 0.7034,0.3315,-0.6168,0.1219, 41.0721,-1.9104,5.4260
sensor, -0.0468,0.0672,0.1217, 0.0265,0.0432,0.0122, 0.7041,0.3301,-0.6170,0.1208, 41.0721,-1.9104,5.4260
sensor, -0.0290,0.0315,0.1168, 0.0265,0.0453,0.0079, 0.7042,0.3300,-0.6170,0.1207, 41.0721,-1.9104,5.4260
sensor, -0.0167,0.0330,0.1333, 0.0265,0.0453,0.0079, 0.7043,0.3299,-0.6169,0.1206, 41.0721,-1.9104,5.4260
sensor, -0.0093,0.0118,0.1452, 0.0243,0.0496,0.0068, 0.7043,0.3299,-0.6169,0.1206, 40.3748,-2.6093,2.7084
sensor, 0.0254,0.0027,0.1745, 0.0233,0.0475,0.0068, 0.7047,0.3289,-0.6171,0.1198, 40.3748,-2.6093,2.7084
sensor, 0.0582,0.0062,0.1287, 0.0211,0.0517,0.0068, 0.7048,0.3288,-0.6171,0.1197, 40.3748,-2.6093,2.7084
sensor, 0.0779,0.0100,0.1135, 0.0211,0.0517,0.0068, 0.7049,0.3287,-0.6170,0.1195, 40.3748,-2.6093,2.7084
sensor, 0.1119,-0.0174,0.0746, 0.0169,0.0464,0.0090, 0.7050,0.3286,-0.6170,0.1194, 40.3748,-1.2131,4.7470
sensor, 0.0834,-0.0436,0.0645, 0.0137,0.0411,0.0100, 0.7056,0.3275,-0.6171,0.1185, 40.3748,-1.2131,4.7470
sensor, 0.0961,-0.0003,0.0974, 0.0062,0.0304,0.0090, 0.7057,0.3274,-0.6171,0.1183, 40.3748,-1.2131,4.7470
sensor, 0.0503,-0.0139,0.1013, 0.0052,0.0262,0.0079, 0.7057,0.3273,-0.6171,0.1182, 40.3748,-1.2131,4.7470
sensor, 0.0367,0.0012,0.1378, 0.0052,0.0262,0.0079, 0.7057,0.3273,-0.6171,0.1182, 40.3748,-1.2131,4.7470
sensor, 0.0066,-0.0277,0.1247, -0.0055,0.0219,-0.0049, 0.7064,0.3259,-0.6173,0.1169, 41.7709,-4.0054,4.7470
sensor, -0.0428,0.0328,0.1826, -0.0044,0.0283,-0.0027, 0.7064,0.3259,-0.6173,0.1170, 41.7709,-4.0054,4.7470
sensor, -0.0485,0.0281,0.1801, -0.0044,0.0283,-0.0027, 0.7064,0.3259,-0.6173,0.1170, 41.7709,-4.0054,4.7470
sensor, -0.0554,-0.0013,0.1466, -0.0066,0.0326,-0.0017, 0.7064,0.3260,-0.6172,0.1170, 41.7709,-4.0054,4.7470
sensor, -0.0272,0.0177,0.1461, -0.0087,0.0347,-0.0006, 0.7064,0.3260,-0.6172,0.1170, 40.3748,-2.6093,2.7084
sensor, 0.0126,0.0556,0.1141, -0.0066,0.0411,0.0037, 0.7068,0.3255,-0.6172,0.1166, 40.3748,-2.6093,2.7084
sensor, 0.0361,0.0435,0.1177, -0.0066,0.0400,0.0037, 0.7068,0.3256,-0.6171,0.1167, 40.3748,-2.6093,2.7084
sensor, 0.0124,0.0594,0.1159, -0.0066,0.0400,0.0037, 0.7068,0.3256,-0.6171,0.1167, 41.0721,-1.9104,4.7470
sensor, 0.0321,0.0391,0.1360, -0.0076,0.0411,0.0047, 0.7073,0.3248,-0.6171,0.1160, 41.0721,-1.9104,4.7470
sensor, 0.0081,0.0223,0.1044, -0.0044,0.0400,0.0026, 0.7073,0.3248,-0.6171,0.1160, 41.0721,-1.9104,4.7470
sensor, 0.0416,0.0417,0.0677, -0.0055,0.0411,-0.0006, 0.7077,0.3242,-0.6171,0.1154, 41.0721,-1.9104,4.0680
sensor, 0.0173,0.0316,0.0979, -0.0066,0.0421,-0.0017, 0.7077,0.3242,-0.6171,0.1154, 41.0721,-1.9104,4.0680
sensor, 0.0252,0.0165,0.0767, -0.0066,0.0421,-0.0017, 0.7077,0.3243,-0.6170,0.1155, 41.0721,-1.9104,4.0680
sensor, 0.0704,0.0422,0.0293, -0.0130,0.0400,-0.0049, 0.7077,0.3245,-0.6169,0.1156, 40.3748,-3.3081,4.7470
sensor, 0.1239,0.0422,0.0220, -0.0140,0.0379,-0.0038, 0.7083,0.3234,-0.6170,0.1146, 40.3748,-3.3081,4.7470
sensor, 0.1146,0.0268,0.0256, -0.0183,0.0336,-0.0049, 0.7083,0.3236,-0.6169,0.1147, 40.3748,-3.3081,4.7470
