sensor, -0.0273,-0.0282,-0.0362, 0.0137,0.0019,0.0016, 0.0000,0.0000,0.0000,0.0000, -46.2326,0.1846,-12.2452
sensor, -0.0038,-0.0528,-0.0126, 0.0126,0.0019,-0.0016, 0.5351,-0.5718,0.3857,0.4878, -46.2326,0.1846,-12.2452
sensor, -0.0065,-0.0403,-0.0025, 0.0105,0.0030,0.0016, 0.5352,-0.5717,0.3859,0.4876, -44.1360,0.1846,-13.6047
sensor, -0.0116,-0.0449,-0.0106, 0.0115,0.0051,0.0016, 0.5353,-0.5717,0.3860,0.4875, -44.1360,0.1846,-13.6047
sensor, -0.0210,-0.0390,-0.0023, 0.0105,0.0030,0.0027, 0.5353,-0.5716,0.3861,0.4874, -44.1360,0.1846,-13.6047
sensor, -0.0125,-0.0601,-0.0022, 0.0094,0.0019,0.0016, 0.5354,-0.5716,0.3863,0.4873, -44.1360,0.1846,-13.6047
sensor, -0.0278,-0.0504,-0.0397, 0.0094,0.0019,0.0016, 0.5355,-0.5715,0.3864,0.4871, -43.4387,0.1846,-11.5662
sensor, 0.0003,-0.0779,-0.0199, 0.0041,0.0062,0.0016, 0.5355,-0.5715,0.3865,0.4870, -43.4387,0.1846,-11.5662
sensor, 0.0098,-0.0526,-0.0131, 0.0030,0.0051,0.0038, 0.5356,-0.5715,0.3867,0.4868, -43.4387,0.1846,-11.5662
sensor, 0.0317,-0.0398,0.0140, 0.0030,0.0062,0.0038, 0.5357,-0.5714,0.3869,0.4867, -43.4387,0.1846,-11.5662
sensor, 0.0031,-0.0666,-0.0302, 0.0009,0.0051,0.0038, 0.5357,-0.5713,0.3870,0.4866, -44.1360,0.8835,-13.6047
sensor, 0.0146,-0.0298,0.0036, -0.0034,0.0040,0.0016, 0.5357,-0.5714,0.3871,0.4865, -44.1360,0.8835,-13.6047
sensor, 0.0372,-0.0368,-0.0429, -0.0044,0.0030,0.0027, 0.5357,-0.5714,0.3872,0.4865, -44.1360,0.8835,-13.6047
sensor, 0.0172,-0.0477,-0.0304, -0.0055,0.0008,0.0016, 0.5358,-0.5713,0.3873,0.4864, -44.1360,0.8835,-13.6047
sensor, 0.0360,-0.0487,-0.0413, -0.0076,-0.0002,0.0038, 0.5358,-0.5713,0.3873,0.4863, -45.5338,0.8835,-12.9242
sensor, -0.0005,-0.0373,-0.0107, -0.0076,-0.0013,0.0059, 0.5358,-0.5714,0.3873,0.4862, -45.5338,0.8835,-12.9242
sensor, 0.0077,-0.0458,0.0089, -0.0076,-0.0013,0.0059, 0.5358,-0.5714,0.3874,0.4861, -45.5338,0.8835,-12.9242
sensor, 0.0125,-0.0155,0.0067, -0.0076,-0.0066,0.0070, 0.5358,-0.5714,0.3875,0.4861, -45.5338,0.8835,-12.9242
sensor, 0.0035,0.0011,-0.0144, -0.0098,-0.0045,0.0059, 0.5358,-0.5714,0.3875,0.4861, -44.1360,-1.2131,-12.2452
sensor, 0.0011,-0.0326,0.0139, -0.0076,-0.0045,0.0080, 0.5359,-0.5713,0.3876,0.4860, -44.1360,-1.2131,-12.2452
sensor, 0.0136,-0.0056,-0.0053, -0.0076,-0.0034,0.0059, 0.5359,-0.5713,0.3876,0.4859, -44.1360,-1.2131,-12.2452
sensor, -0.0136,-0.0496,-0.0112, -0.0087,-0.0034,0.0038, 0.5359,-0.5714,0.3876,0.4859, -44.1360,-1.2131,-12.2452
sensor, -0.0147,-0.0230,-0.0043, -0.0076,-0.0045,0.0038, 0.5359,-0.5713,0.3877,0.4859, -45.5338,0.8835,-13.6047
sensor, -0.0232,0.0091,0.0193, -0.0098,-0.0024,0.0006, 0.5358,-0.5714,0.3876,0.4859, -45.5338,0.8835,-13.6047
sensor, -0.0256,-0.0047,-0.0176, -0.0098,-0.0034,-0.0005, 0.5358,-0.5715,0.3876,0.4859, -45.5338,0.8835,-13.6047
sensor, -0.0042,-0.0145,0.0038, -0.0076,-0.0002,-0.0026, 0.5358,-0.5715,0.3876,0.4859, -45.5338,0.8835,-13.6047
sensor, -0.0114,-0.0367,-0.0075, -0.0066,0.0008,-0.0048, 0.5358,-0.5715,0.3876,0.4859, -46.2326,-0.5142,-12.9242
sensor, -0.0309,-0.0227,0.0141, -0.0055,-0.0002,-0.0037, 0.5358,-0.5714,0.3877,0.4859, -46.2326,-0.5142,-12.9242
sensor, -0.0109,-0.0002,0.0258, -0.0076,-0.0002,-0.0037, 0.5359,-0.5714,0.3877,0.4858, -46.2326,-0.5142,-12.9242
sensor, -0.0315,0.0109,-0.0038, -0.0055,0.0019,-0.0048, 0.5358,-0.5714,0.3877,0.4859, -46.2326,-0.5142,-12.9242
sensor, 0.0014,-0.0293,-0.0133, -0.0044,0.0030,-0.0069, 0.5358,-0.5714,0.3876,0.4859, -44.1360,0.1846,-12.9242
sensor, -0.0172,-0.0171,0.0012, -0.0034,0.0030,-0.0026, 0.5358,-0.5714,0.3876,0.4859, -44.1360,0.1846,-12.9242
sensor, -0.0372,0.0298,0.0022, -0.0034,0.0030,-0.0026, 0.5358,-0.5714,0.3877,0.4859, -44.1360,0.1846,-12.9242
sensor, -0.0007,-0.0021,-0.0010, -0.0013,0.0040,-0.0026, 0.5358,-0.5714,0.3876,0.4859, -44.1360,0.1846,-12.9242
sensor, -0.0219,-0.0157,-0.0276, -0.0013,0.0040,-0.0026, 0.5358,-0.5714,0.3876,0.4859, -44.1360,-0.5142,-11.5662
sensor, -0.0060,-0.0596,0.0044, -0.0023,0.0051,-0.0016, 0.5358,-0.5714,0.3876,0.4859, -44.1360,-0.5142,-11.5662
sensor, -0.0012,-0.0216,-0.0032, 0.0009,0.0030,-0.0016, 0.5359,-0.5714,0.3877,0.4859, -44.1360,-0.5142,-11.5662
sensor, 0.0194,-0.0057,-0.0150, -0.0002,0.0019,-0.0005, 0.5359,-0.5714,0.3877,0.4858, -44.1360,-0.5142,-11.5662
sensor, -0.0098,-0.0026,-0.0006, -0.0002,-0.0002,0.0006, 0.5359,-0.5714,0.3877,0.4858, -44.8349,-1.2131,-11.5662
sensor, 0.0013,-0.0261,-0.0394, -0.0002,-0.0013,0.0006, 0.5360,-0.5713,0.3878,0.4858, -44.8349,-1.2131,-11.5662
sensor, 0.0334,-0.0068,-0.0080, 0.0019,-0.0024,-0.0005, 0.5360,-0.5713,0.3878,0.4857, -44.8349,-1.2131,-11.5662
sensor, 0.0070,-0.0135,-0.0284, -0.0013,-0.0034,-0.0005, 0.5360,-0.5713,0.3878,0.4857, -44.8349,-1.2131,-11.5662
sensor, 0.0208,-0.0079,0.0049, -0.0013,-0.0024,-0.0026, 0.5360,-0.5713,0.3878,0.4857, -44.8349,-0.5142,-11.5662
sensor, 0.0353,0.0175,-0.0369, -0.0013,-0.0034,-0.0016, 0.5360,-0.5713,0.3878,0.4857, -44.8349,-0.5142,-11.5662
sensor, 0.0436,0.0103,-0.0135, -0.0013,-0.0045,-0.0037, 0.5360,-0.5713,0.3878,0.4857, -44.8349,-0.5142,-11.5662
sensor, 0.0452,0.0049,-0.0288, -0.0002,-0.0077,-0.0048, 0.5360,-0.5713,0.3878,0.4857, -44.8349,-0.5142,-11.5662
sensor, 0.0388,-0.0122,-0.0253, -0.0013,-0.0109,-0.0048, 0.5361,-0.5713,0.3878,0.4856, -44.1360,0.1846,-11.5662
sensor, 0.0404,-0.0121,0.0105, 0.0030,-0.0130,-0.0037, 0.5360,-0.5714,0.3877,0.4857, -44.1360,0.1846,-11.5662
sensor, -0.0048,0.0059,-0.0200, 0.0019,-0.0151,-0.0026, 0.5361,-0.5714,0.3877,0.4856, -44.1360,0.1846,-11.5662
sensor, 0.0105,-0.0141,-0.0196, 0.0009,-0.0151,-0.0037, 0.5361,-0.5714,0.3877,0.4856, -44.1360,0.1846,-11.5662
sensor, -0.0246,0.0073,-0.0204, 0.0009,-0.0151,-0.0016, 0.5361,-0.5714,0.3877,0.4856, -45.5338,0.1846,-12.2452
sensor, 0.0160,-0.0208,-0.0289, 0.0009,-0.0141,-0.0005, 0.5360,-0.5715,0.3875,0.4856, -45.5338,0.1846,-12.2452
sensor, 0.0257,-0.0129,-0.0652, 0.0041,-0.0173,-0.0016, 0.5361,-0.5715,0.3875,0.4855, -45.5338,0.1846,-12.2452
sensor, 0.0286,-0.0110,-0.0235, 0.0030,-0.0226,-0.0026, 0.5361,-0.5716,0.3875,0.4855, -45.5338,0.1846,-12.2452
sensor, 0.0270,-0.0062,-0.0304, 0.0041,-0.0237,-0.0016, 0.5362,-0.5716,0.3875,0.4854, -44.8349,0.1846,-13.6047
sensor, 0.0426,-0.0203,-0.0252, 0.0041,-0.0269,-0.0016, 0.5362,-0.5717,0.3874,0.4854, -44.8349,0.1846,-13.6047
sensor, 0.0356,-0.0119,-0.0466, 0.0030,-0.0301,-0.0026, 0.5362,-0.5717,0.3874,0.4853, -44.8349,0.1846,-13.6047
sensor, 0.0228,-0.0272,-0.0483, 0.0030,-0.0322,-0.0037, 0.5363,-0.5717,0.3874,0.4853, -44.8349,0.1846,-13.6047
sensor, 0.0055,0.0134,-0.0403, 0.0019,-0.0343,-0.0048, 0.5363,-0.5717,0.3874,0.4852, -45.5338,0.1846,-10.8856
sensor, -0.0155,-0.0010,-0.0174, 0.0019,-0.0301,-0.0090, 0.5363,-0.5719,0.3872,0.4852, -45.5338,0.1846,-10.8856
sensor, -0.0522,-0.0172,-0.0007, 0.0009,-0.0247,-0.0112, 0.5363,-0.5720,0.3871,0.4852, -45.5338,0.1846,-10.8856
sensor, -0.0525,-0.0142,-0.0071, -0.0013,-0.0215,-0.0165, 0.5363,-0.5720,0.3871,0.4851, -45.5338,0.1846,-10.8856
sensor, -0.0715,-0.0026,0.0349, -0.0013,-0.0173,-0.0218, 0.5363,-0.5720,0.3870,0.4851, -45.5338,0.8835,-12.2452
sensor, -0.0719,-0.0179,0.0380, -0.0034,-0.0119,-0.0239, 0.5361,-0.5723,0.3867,0.4853, -45.5338,0.8835,-12.2452
sensor, -0.0790,-0.0066,0.0075, -0.0034,-0.0045,-0.0218, 0.5361,-0.5723,0.3866,0.4854, -45.5338,0.8835,-12.2452
sensor, -0.0907,-0.0158,0.0279, -0.0044,-0.0013,-0.0218, 0.5361,-0.5723,0.3865,0.4854, -45.5338,0.8835,-12.2452
sensor, -0.0840,-0.0258,0.0134, -0.0055,-0.0002,-0.0197, 0.5360,-0.5724,0.3865,0.4855, -44.8349,-0.5142,-10.8856
sensor, -0.0801,-0.0176,0.0078, -0.0076,0.0030,-0.0186, 0.5360,-0.5724,0.3864,0.4855, -44.8349,-0.5142,-10.8856
sensor, -0.0706,-0.0318,0.0274, -0.0108,0.0083,-0.0154, 0.5360,-0.5724,0.3863,0.4856, -44.8349,-0.5142,-10.8856
sensor, -0.0871,-0.0179,0.0020, -0.0087,0.0104,-0.0112, 0.5360,-0.5724,0.3863,0.4856, -44.8349,-0.5142,-10.8856
sensor, -0.0600,-0.0034,0.0085, -0.0098,0.0125,-0.0090, 0.5359,-0.5724,0.3863,0.4857, -45.5338,0.1846,-12.2452
sensor, -0.0838,0.0122,0.0100, -0.0119,0.0158,-0.0080, 0.5358,-0.5725,0.3862,0.4858, -45.5338,0.1846,-12.2452
sensor, -0.0324,0.0044,-0.0083, -0.0108,0.0147,-0.0090, 0.5358,-0.5725,0.3861,0.4859, -45.5338,0.1846,-12.2452
sensor, -0.0186,0.0004,0.0085, -0.0130,0.0168,-0.0058, 0.5357,-0.5726,0.3861,0.4859, -45.5338,0.1846,-12.2452
sensor, -0.0159,0.0034,-0.0571, -0.0172,0.0179,-0.0016, 0.5357,-0.5726,0.3861,0.4860, -44.8349,0.1846,-13.6047
sensor, -0.0621,0.0072,-0.0185, -0.0172,0.0158,-0.0026, 0.5356,-0.5726,0.3860,0.4861, -44.8349,0.1846,-13.6047
sensor, -0.0143,-0.0002,-0.0450, -0.0162,0.0136,-0.0026, 0.5356,-0.5726,0.3860,0.4861, -44.8349,0.1846,-13.6047
sensor, -0.0131,0.0521,0.0010, -0.0183,0.0136,0.0016, 0.5356,-0.5726,0.3860,0.4861, -44.8349,0.1846,-13.6047
sensor, -0.0312,0.0501,-0.0234, -0.0194,0.0115,0.0038, 0.5355,-0.5726,0.3859,0.4862, -46.2326,0.8835,-11.5662
sensor, -0.0337,0.0203,-0.0279, -0.0204,0.0125,0.0048, 0.5353,-0.5729,0.3857,0.4864, -46.2326,0.8835,-11.5662
sensor, -0.0068,0.0489,-0.0206, -0.0194,0.0115,0.0070, 0.5352,-0.5729,0.3857,0.4864, -46.2326,0.8835,-11.5662
sensor, -0.0025,0.0315,-0.0209, -0.0172,0.0094,0.0091, 0.5352,-0.5729,0.3856,0.4865, -46.2326,0.8835,-11.5662
sensor, -0.0198,0.0181,-0.0178, -0.0172,0.0083,0.0080, 0.5352,-0.5729,0.3856,0.4865, -44.8349,0.1846,-11.5662
sensor, 0.0147,0.0398,0.0001, -0.0151,0.0062,0.0091, 0.5351,-0.5729,0.3856,0.4866, -44.8349,0.1846,-11.5662
sensor, 0.0089,0.0391,-0.0076, -0.0130,0.0051,0.0091, 0.5351,-0.5729,0.3856,0.4866, -44.8349,0.1846,-11.5662
sensor, 0.0069,0.0604,-0.0114, -0.0130,0.0051,0.0091, 0.5351,-0.5729,0.3856,0.4866, -44.8349,0.1846,-11.5662
sensor, 0.0059,0.0693,0.0193, -0.0119,0.0040,0.0080, 0.5351,-0.5729,0.3855,0.4866, -44.1360,0.1846,-12.2452
sensor, -0.0055,0.0589,0.0018, -0.0098,0.0030,0.0080, 0.5349,-0.5730,0.3855,0.4867, -44.1360,0.1846,-12.2452
sensor, -0.0020,0.0208,-0.0521, -0.0098,0.0040,0.0059, 0.5349,-0.5730,0.3854,0.4867, -44.1360,0.1846,-12.2452
sensor, -0.0062,0.0374,0.0074, -0.0108,0.0051,0.0048, 0.5349,-0.5730,0.3854,0.4867, -44.1360,0.1846,-12.2452
sensor, -0.0284,0.0493,0.0056, -0.0098,0.0051,0.0048, 0.5349,-0.5730,0.3854,0.4868, -44.8349,-1.2131,-11.5662
sensor, 0.0129,0.0583,0.0215, -0.0055,0.0072,0.0048, 0.5350,-0.5729,0.3855,0.4867, -44.8349,-1.2131,-11.5662
sensor, 0.0234,0.0746,0.0482, -0.0013,0.0083,0.0038, 0.5350,-0.5729,0.3855,0.4867, -44.8349,-1.2131,-11.5662
sensor, -0.0033,0.0546,0.0606, 0.0009,0.0051,0.0048, 0.5350,-0.5729,0.3855,0.4868, -44.8349,-1.2131,-11.5662
sensor, 0.0044,0.0528,0.0012, 0.0051,0.0051,0.0027, 0.5349,-0.5729,0.3855,0.4868, -44.8349,-1.2131,-12.2452
sensor, 0.0215,0.0400,0.0416, 0.0083,0.0062,0.0006, 0.5351,-0.5728,0.3856,0.4868, -44.8349,-1.2131,-12.2452
sensor, -0.0230,0.0549,0.0302, 0.0115,0.0083,-0.0005, 0.5351,-0.5728,0.3856,0.4868, -44.8349,-1.2131,-12.2452
sensor, 0.0038,0.0127,0.0530, 0.0126,0.0104,-0.0005, 0.5350,-0.5728,0.3856,0.4868, -44.8349,-1.2131,-12.2452
sensor, -0.0239,-0.0003,0.0398, 0.0115,0.0125,0.0006, 0.5350,-0.5727,0.3856,0.4869, -44.1360,0.1846,-13.6047
sensor, -0.0245,0.0001,0.0211, 0.0115,0.0136,-0.0005, 0.5349,-0.5728,0.3856,0.4869, -44.1360,0.1846,-13.6047
sensor, -0.0562,-0.0054,0.0534, 0.0126,0.0179,-0.0016, 0.5349,-0.5727,0.3856,0.4870, -44.1360,0.1846,-13.6047
sensor, -0.0192,-0.0053,0.0259, 0.0094,0.0189,-0.0005, 0.5349,-0.5727,0.3856,0.4870, -44.1360,0.1846,-13.6047
sensor, -0.0134,0.0035,0.0244, 0.0115,0.0243,-0.0005, 0.5349,-0.5727,0.3857,0.4870, -44.1360,0.1846,-13.6047
sensor, 0.0173,-0.0413,-0.0208, 0.0105,0.0243,-0.0016, 0.5348,-0.5727,0.3857,0.4871, -45.5338,0.1846,-12.2452
sensor, 0.0129,-0.0241,0.0084, 0.0105,0.0243,0.0016, 0.5347,-0.5727,0.3857,0.4872, -45.5338,0.1846,-12.2452
sensor, 0.0084,-0.0228,-0.0165, 0.0094,0.0189,0.0059, 0.5347,-0.5727,0.3858,0.4872, -45.5338,0.1846,-12.2452
sensor, 0.0227,-0.0554,-0.0415, 0.0083,0.0104,0.0059, 0.5347,-0.5727,0.3858,0.4872, -45.5338,0.1846,-12.2452
sensor, 0.0535,-0.0256,-0.0639, 0.0062,0.0094,0.0080, 0.5347,-0.5726,0.3859,0.4871, -42.7399,0.1846,-10.8856
sensor, 0.0051,-0.0159,-0.0226, 0.0062,0.0083,0.0102, 0.5346,-0.5727,0.3859,0.4871, -42.7399,0.1846,-10.8856
sensor, 0.0245,-0.0151,0.0018, 0.0030,0.0072,0.0048, 0.5346,-0.5727,0.3860,0.4871, -44.1360,-0.5142,-11.5662
sensor, 0.0498,-0.0179,-0.0386, 0.0019,0.0062,0.0006, 0.5346,-0.5726,0.3860,0.4871, -44.1360,-0.5142,-11.5662
sensor, 0.0511,-0.0185,-0.0226, 0.0009,0.0062,-0.0026, 0.5347,-0.5726,0.3861,0.4871, -44.1360,-0.5142,-11.5662
sensor, 0.0397,-0.0025,-0.0095, 0.0041,0.0040,-0.0058, 0.5346,-0.5726,0.3861,0.4871, -44.1360,-0.5142,-11.5662
sensor, 0.0414,-0.0073,-0.0194, 0.0019,0.0019,-0.0069, 0.5346,-0.5726,0.3860,0.4871, -44.8349,0.1846,-12.9242
sensor, 0.0025,0.0191,-0.0058, 0.0009,-0.0002,-0.0069, 0.5346,-0.5727,0.3860,0.4872, -44.8349,0.1846,-12.9242
sensor, 0.0031,0.0088,0.0205, 0.0030,0.0019,-0.0069, 0.5345,-0.5727,0.3859,0.4872, -44.8349,0.1846,-12.9242
sensor, -0.0044,0.0201,0.0119, 0.0051,0.0040,-0.0037, 0.5345,-0.5727,0.3859,0.4872, -42.7399,-1.2131,-11.5662
sensor, -0.0279,0.0102,0.0343, 0.0073,0.0062,-0.0069, 0.5347,-0.5726,0.3860,0.4871, -42.7399,-1.2131,-11.5662
sensor, -0.0232,0.0185,0.0162, 0.0083,0.0072,-0.0058, 0.5346,-0.5726,0.3860,0.4872, -44.1360,0.8835,-12.9242
sensor, 0.0063,0.0275,-0.0080, 0.0073,0.0072,-0.0037, 0.5344,-0.5727,0.3858,0.4874, -44.1360,0.8835,-12.9242
sensor, 0.0180,0.0091,-0.0314, 0.0094,0.0072,-0.0037, 0.5344,-0.5727,0.3858,0.4874, -44.1360,0.8835,-12.9242
sensor, 0.0152,0.0326,0.0099, 0.0073,0.0051,-0.0048, 0.5344,-0.5727,0.3858,0.4874, -44.1360,0.8835,-12.9242
sensor, 0.0189,0.0130,-0.0037, 0.0073,0.0062,-0.0026, 0.5344,-0.5727,0.3858,0.4874, -45.5338,-1.2131,-10.8856
sensor, 0.0115,0.0304,-0.0267, 0.0073,0.0040,-0.0026, 0.5345,-0.5726,0.3859,0.4874, -45.5338,-1.2131,-10.8856
sensor, -0.0061,0.0325,-0.0026, 0.0083,0.0040,-0.0016, 0.5345,-0.5726,0.3858,0.4874, -45.5338,-1.2131,-10.8856
sensor, -0.0002,0.0070,-0.0051, 0.0083,0.0040,-0.0016, 0.5345,-0.5726,0.3858,0.4874, -45.5338,-1.2131,-10.8856
sensor, 0.0138,0.0183,-0.0073, 0.0094,0.0040,-0.0016, 0.5345,-0.5726,0.3858,0.4874, -46.2326,0.1846,-12.2452
sensor, 0.0418,0.0361,0.0156, 0.0094,0.0008,0.0016, 0.5344,-0.5727,0.3857,0.4875, -46.2326,0.1846,-12.2452
sensor, -0.0010,0.0423,-0.0310, 0.0115,-0.0013,0.0016, 0.5343,-0.5727,0.3857,0.4875, -46.2326,0.1846,-12.2452
sensor, 0.0222,0.0418,-0.0262, 0.0126,-0.0024,0.0016, 0.5344,-0.5727,0.3857,0.4875, -46.2326,0.1846,-12.2452
sensor, 0.0072,0.0353,-0.0145, 0.0137,-0.0024,0.0038, 0.5344,-0.5728,0.3857,0.4875, -45.5338,-1.9104,-11.5662
sensor, 0.0009,0.0216,-0.0130, 0.0115,-0.0034,0.0027, 0.5346,-0.5725,0.3859,0.4873, -45.5338,-1.9104,-11.5662
sensor, -0.0326,0.0466,0.0222, 0.0126,-0.0013,0.0038, 0.5346,-0.5725,0.3859,0.4873, -45.5338,-1.9104,-11.5662
sensor, -0.0041,0.0591,-0.0196, 0.0158,-0.0024,0.0048, 0.5346,-0.5725,0.3859,0.4873, -45.5338,-1.9104,-11.5662
sensor, -0.0364,0.0420,0.0038, 0.0158,-0.0013,0.0038, 0.5346,-0.5725,0.3859,0.4873, -44.8349,0.1846,-12.2452
sensor, -0.0448,0.0356,0.0141, 0.0169,0.0019,0.0059, 0.5346,-0.5726,0.3858,0.4873, -44.8349,0.1846,-12.2452
sensor, -0.0273,0.0244,0.0010, 0.0201,0.0019,0.0102, 0.5346,-0.5726,0.3858,0.4873, -44.8349,0.1846,-12.2452
sensor, -0.0078,0.0325,-0.0071, 0.0190,0.0030,0.0080, 0.5346,-0.5726,0.3859,0.4873, -44.8349,0.1846,-12.2452
sensor, -0.0321,0.0343,0.0113, 0.0233,0.0030,0.0059, 0.5346,-0.5726,0.3859,0.4873, -44.8349,-0.5142,-11.5662
sensor, -0.0287,0.0821,-0.0157, 0.0264,0.0051,0.0080, 0.5346,-0.5726,0.3859,0.4873, -44.8349,-0.5142,-11.5662
sensor, -0.0059,0.1090,0.0370, 0.0275,0.0019,0.0059, 0.5346,-0.5726,0.3859,0.4873, -44.8349,-0.5142,-11.5662
sensor, 0.0021,0.1138,0.0130, 0.0350,0.0030,0.0059, 0.5346,-0.5726,0.3859,0.4873, -44.8349,-0.5142,-11.5662
sensor, -0.0381,0.0912,0.0128, 0.0392,0.0051,0.0038, 0.5346,-0.5726,0.3859,0.4873, -43.4387,-0.5142,-11.5662
sensor, 0.0082,0.1109,0.0435, 0.0414,0.0051,0.0038, 0.5346,-0.5726,0.3859,0.4873, -43.4387,-0.5142,-11.5662
sensor, -0.0421,0.1462,0.0286, 0.0467,0.0040,0.0027, 0.5346,-0.5726,0.3859,0.4874, -43.4387,-0.5142,-11.5662
sensor, -0.0142,0.1287,0.0253, 0.0552,0.0062,0.0006, 0.5345,-0.5726,0.3858,0.4874, -43.4387,-0.5142,-11.5662
sensor, -0.0050,0.1269,0.0419, 0.0595,0.0072,0.0016, 0.5345,-0.5726,0.3858,0.4874, -42.7399,0.8835,-13.6047
sensor, -0.0122,0.0963,0.0330, 0.0584,0.0083,0.0016, 0.5343,-0.5727,0.3856,0.4876, -42.7399,0.8835,-13.6047
sensor, 0.0232,0.0644,0.0433, 0.0616,0.0072,0.0006, 0.5343,-0.5727,0.3856,0.4876, -42.7399,0.8835,-13.6047
sensor, -0.0035,0.0577,0.0079, 0.0659,0.0072,-0.0005, 0.5343,-0.5727,0.3857,0.4876, -42.7399,0.8835,-13.6047
sensor, -0.0217,0.0545,0.0279, 0.0680,0.0072,0.0016, 0.5343,-0.5727,0.3857,0.4876, -44.8349,-1.9104,-12.2452
sensor, -0.0127,0.0649,0.0134, 0.0701,0.0072,0.0016, 0.5346,-0.5724,0.3860,0.4874, -44.8349,-1.9104,-12.2452
sensor, -0.0317,0.0947,0.0164, 0.0723,0.0083,0.0027, 0.5346,-0.5724,0.3860,0.4874, -44.8349,-1.9104,-12.2452
sensor, -0.0163,0.1422,0.0141, 0.0744,0.0094,0.0016, 0.5346,-0.5724,0.3860,0.4874, -44.8349,-1.9104,-12.2452
sensor, -0.0056,0.1611,0.0426, 0.0786,0.0094,0.0027, 0.5346,-0.5724,0.3860,0.4874, -44.8349,0.1846,-12.2452
sensor, 0.0427,0.1583,0.0433, 0.0861,0.0104,0.0027, 0.5345,-0.5725,0.3859,0.4875, -44.8349,0.1846,-12.2452
sensor, -0.0092,0.2472,0.0699, 0.0957,0.0094,0.0016, 0.5344,-0.5725,0.3859,0.4876, -44.8349,0.1846,-12.2452
sensor, 0.0149,0.2581,0.0803, 0.1042,0.0083,0.0006, 0.5344,-0.5725,0.3858,0.4877, -44.8349,0.1846,-12.2452
sensor, -0.0121,0.2584,0.0909, 0.1138,0.0094,-0.0005, 0.5343,-0.5725,0.3857,0.4878, -44.8349,-0.5142,-12.2452
sensor, 0.0174,0.2923,0.1247, 0.1266,0.0083,-0.0058, 0.5344,-0.5724,0.3858,0.4878, -44.8349,-0.5142,-12.2452
sensor, 0.0254,0.3543,0.1536, 0.1394,0.0115,-0.0069, 0.5345,-0.5723,0.3858,0.4878, -44.8349,-0.5142,-12.2452
sensor, 0.0396,0.3811,0.1347, 0.1564,0.0147,-0.0080, 0.5345,-0.5723,0.3858,0.4879, -44.8349,-0.5142,-12.2452
sensor, 0.0689,0.3857,0.1263, 0.1734,0.0115,-0.0144, 0.5345,-0.5721,0.3858,0.4879, -44.1360,1.5808,-12.9242
sensor, 0.0769,0.3746,0.1087, 0.1937,0.0072,-0.0154, 0.5343,-0.5723,0.3855,0.4882, -44.1360,1.5808,-12.9242
sensor, 0.0525,0.3855,0.0958, 0.2097,0.0072,-0.0154, 0.5344,-0.5722,0.3856,0.4882, -44.1360,1.5808,-12.9242
sensor, 0.0545,0.3808,0.1236, 0.2267,0.0040,-0.0197, 0.5346,-0.5720,0.3856,0.4882, -44.1360,1.5808,-12.9242
sensor, 0.0300,0.3870,0.1327, 0.2438,0.0062,-0.0207, 0.5347,-0.5718,0.3857,0.4881, -42.7399,-0.5142,-11.5662
sensor, 0.0271,0.3611,0.1342, 0.2587,0.0040,-0.0186, 0.5349,-0.5716,0.3858,0.4881, -42.7399,-0.5142,-11.5662
sensor, 0.0077,0.3732,0.1034, 0.2747,0.0008,-0.0186, 0.5351,-0.5714,0.3860,0.4880, -42.7399,-0.5142,-11.5662
sensor, -0.0116,0.4197,0.1200, 0.2906,0.0030,-0.0197, 0.5354,-0.5712,0.3862,0.4878, -42.7399,-0.5142,-11.5662
sensor, -0.0005,0.4050,0.1437, 0.3269,0.0008,-0.0165, 0.5358,-0.5709,0.3864,0.4876, -42.7399,-0.5142,-11.5662
sensor, -0.0215,0.4323,0.1486, 0.3471,0.0030,-0.0186, 0.5361,-0.5705,0.3867,0.4874, -44.1360,-1.2131,-12.2452
sensor, -0.0145,0.4682,0.1563, 0.3663,0.0051,-0.0186, 0.5367,-0.5700,0.3872,0.4869, -44.1360,-1.2131,-12.2452
sensor, -0.0304,0.5007,0.1996, 0.3865,0.0051,-0.0186, 0.5371,-0.5697,0.3875,0.4867, -44.1360,-1.2131,-12.2452
sensor, -0.0313,0.5183,0.2090, 0.4323,0.0083,-0.0207, 0.5375,-0.5692,0.3878,0.4865, -44.8349,-0.5142,-12.2452
sensor, 0.0036,0.5943,0.2411, 0.4557,0.0125,-0.0239, 0.5380,-0.5688,0.3882,0.4861, -44.8349,-0.5142,-12.2452
sensor, 0.0202,0.6118,0.2149, 0.4813,0.0115,-0.0293, 0.5385,-0.5683,0.3887,0.4858, -44.8349,-0.5142,-12.2452
sensor, 0.0367,0.6445,0.2389, 0.5079,0.0115,-0.0325, 0.5390,-0.5678,0.3891,0.4855, -44.8349,-0.5142,-12.2452
sensor, 0.0669,0.7346,0.2912, 0.5655,0.0147,-0.0442, 0.5396,-0.5672,0.3896,0.4851, -44.1360,-0.5142,-12.2452
sensor, 0.0392,0.8394,0.3502, 0.5996,0.0168,-0.0484, 0.5402,-0.5666,0.3901,0.4847, -44.1360,-0.5142,-12.2452
sensor, 0.0353,0.8945,0.3823, 0.6390,0.0136,-0.0559, 0.5410,-0.5659,0.3908,0.4841, -44.8349,-0.5142,-12.9242
sensor, 0.0314,0.9258,0.4055, 0.6826,0.0104,-0.0612, 0.5419,-0.5650,0.3916,0.4834, -44.8349,-0.5142,-12.9242
sensor, 0.0275,0.9671,0.4239, 0.7743,0.0179,-0.0740, 0.5427,-0.5643,0.3924,0.4828, -44.8349,-0.5142,-12.9242
sensor, 0.0316,1.0310,0.4211, 0.8222,0.0200,-0.0804, 0.5438,-0.5633,0.3933,0.4820, -44.8349,-0.5142,-12.9242
sensor, 0.0545,1.0153,0.3888, 0.8659,0.0211,-0.0857, 0.5449,-0.5622,0.3944,0.4811, -44.8349,-0.5142,-12.2452
sensor, 0.0791,1.0184,0.4178, 0.9149,0.0211,-0.0900, 0.5461,-0.5611,0.3954,0.4802, -44.8349,-0.5142,-12.2452
sensor, 0.0965,0.9959,0.4355, 0.9617,0.0179,-0.0942, 0.5471,-0.5602,0.3963,0.4794, -44.8349,-1.2131,-12.2452
sensor, 0.0695,1.0419,0.4533, 1.0054,0.0158,-0.1017, 0.5481,-0.5592,0.3972,0.4786, -44.8349,-1.2131,-12.2452
sensor, 0.0697,1.0332,0.4643, 1.0512,0.0147,-0.1049, 0.5493,-0.5581,0.3982,0.4777, -44.8349,-1.2131,-12.2452
sensor, 0.0172,0.9935,0.4657, 1.0981,0.0147,-0.1113, 0.5505,-0.5570,0.3993,0.4768, -44.8349,-1.2131,-12.2452
sensor, 0.0520,0.9912,0.5307, 1.1439,0.0158,-0.1177, 0.5517,-0.5558,0.4004,0.4758, -45.5338,-1.2131,-10.8856
sensor, 0.0082,0.9685,0.5591, 1.1918,0.0179,-0.1251, 0.5530,-0.5546,0.4016,0.4747, -45.5338,-1.2131,-10.8856
sensor, 0.0421,0.8896,0.5362, 1.2398,0.0200,-0.1305, 0.5543,-0.5533,0.4028,0.4736, -45.5338,-1.2131,-10.8856
sensor, 0.0303,0.8477,0.5893, 1.2824,0.0189,-0.1347, 0.5558,-0.5519,0.4042,0.4724, -45.5338,-1.2131,-10.8856
sensor, -0.0032,0.7453,0.5609, 1.3271,0.0189,-0.1369, 0.5573,-0.5505,0.4056,0.4711, -45.5338,-3.3081,-11.5662
sensor, -0.0085,0.6866,0.5672, 1.3676,0.0179,-0.1401, 0.5590,-0.5489,0.4072,0.4696, -45.5338,-3.3081,-11.5662
sensor, 0.0038,0.5927,0.5116, 1.3996,0.0200,-0.1411, 0.5606,-0.5473,0.4087,0.4681, -45.5338,-3.3081,-11.5662
sensor, 0.0121,0.4866,0.4767, 1.4294,0.0211,-0.1379, 0.5623,-0.5457,0.4104,0.4666, -45.5338,-3.3081,-11.5662
sensor, 0.0415,0.4338,0.4198, 1.4518,0.0221,-0.1401, 0.5640,-0.5440,0.4121,0.4649, -45.5338,-4.0054,-10.8856
sensor, 0.0332,0.3453,0.4208, 1.4699,0.0211,-0.1379, 0.5658,-0.5422,0.4139,0.4632, -45.5338,-4.0054,-10.8856
sensor, 0.0509,0.3213,0.4218, 1.4901,0.0189,-0.1326, 0.5676,-0.5404,0.4158,0.4614, -45.5338,-4.0054,-10.8856
sensor, 0.0936,0.2212,0.4456, 1.5093,0.0104,-0.1315, 0.5694,-0.5387,0.4176,0.4596, -45.5338,-4.0054,-10.8856
sensor, 0.0859,0.1741,0.4081, 1.5295,0.0062,-0.1273, 0.5713,-0.5368,0.4195,0.4577, -44.8349,-3.3081,-10.2066
sensor, 0.0984,0.0683,0.4198, 1.5444,0.0019,-0.1241, 0.5731,-0.5350,0.4214,0.4557, -44.8349,-3.3081,-10.2066
sensor, 0.0883,0.0095,0.4354, 1.5658,-0.0056,-0.1188, 0.5750,-0.5331,0.4234,0.4537, -44.8349,-3.3081,-10.2066
sensor, 0.0831,-0.0869,0.4015, 1.5690,-0.0088,-0.1134, 0.5769,-0.5313,0.4254,0.4516, -44.8349,-3.3081,-10.2066
sensor, 0.0978,-0.1368,0.4136, 1.5711,-0.0098,-0.1070, 0.5788,-0.5294,0.4274,0.4495, -44.8349,-4.0054,-9.5261
sensor, 0.1154,-0.2061,0.3769, 1.5700,-0.0141,-0.1049, 0.5808,-0.5274,0.4295,0.4472, -44.8349,-4.0054,-9.5261
sensor, 0.1459,-0.2767,0.3343, 1.5626,-0.0226,-0.1049, 0.5827,-0.5255,0.4316,0.4450, -44.8349,-4.0054,-9.5261
sensor, 0.1552,-0.3239,0.3182, 1.5530,-0.0258,-0.1070, 0.5846,-0.5236,0.4336,0.4428, -44.8349,-4.0054,-9.5261
sensor, 0.1721,-0.3386,0.3206, 1.5530,-0.0258,-0.1070, 0.5865,-0.5217,0.4357,0.4405, -44.8349,-4.0054,-8.8470
sensor, 0.2037,-0.3822,0.3341, 1.5306,-0.0333,-0.1145, 0.5903,-0.5179,0.4397,0.4359, -44.8349,-4.0054,-8.8470
sensor, 0.1849,-0.3774,0.3122, 1.5306,-0.0333,-0.1145, 0.5922,-0.5159,0.4416,0.4337, -44.8349,-4.0054,-8.8470
sensor, 0.2123,-0.3968,0.3241, 1.5040,-0.0418,-0.1230, 0.5940,-0.5140,0.4435,0.4314, -44.8349,-4.0054,-8.8470
sensor, 0.1736,-0.4018,0.3198, 1.5040,-0.0418,-0.1230, 0.5940,-0.5140,0.4435,0.4314, -44.8349,-4.0054,-8.8470
sensor, 0.1258,-0.4033,0.3436, 1.4933,-0.0450,-0.1209, 0.5959,-0.5122,0.4454,0.4292, -44.8349,-4.0054,-8.8470
sensor, 0.0734,-0.3855,0.3772, 1.4805,-0.0577,-0.1102, 0.5995,-0.5084,0.4492,0.4247, -44.8349,-4.0054,-8.8470
sensor, 0.0704,-0.4144,0.3805, 1.4805,-0.0577,-0.1102, 0.5995,-0.5084,0.4492,0.4247, -44.8349,-4.0054,-8.8470
sensor, 0.0741,-0.3735,0.4048, 1.4773,-0.0577,-0.0996, 0.6013,-0.5065,0.4510,0.4224, -44.8349,-5.4031,-8.8470
sensor, 0.1001,-0.3628,0.4131, 1.4720,-0.0705,-0.0825, 0.6031,-0.5046,0.4529,0.4201, -44.8349,-5.4031,-8.8470
sensor, 0.0914,-0.3554,0.4404, 1.4646,-0.0727,-0.0772, 0.6049,-0.5028,0.4548,0.4177, -44.8349,-5.4031,-8.8470
sensor, 0.1252,-0.3653,0.4073, 1.4550,-0.0780,-0.0761, 0.6066,-0.5010,0.4566,0.4154, -44.8349,-5.4031,-8.8470
sensor, 0.1458,-0.3794,0.4083, 1.4454,-0.0812,-0.0772, 0.6083,-0.4992,0.4584,0.4131, -43.4387,-6.1020,-10.8856
sensor, 0.1181,-0.3579,0.4370, 1.4358,-0.0886,-0.0772, 0.6118,-0.4954,0.4620,0.4084, -43.4387,-6.1020,-10.8856
sensor, 0.0884,-0.3586,0.4431, 1.4358,-0.0886,-0.0772, 0.6118,-0.4954,0.4620,0.4084, -43.4387,-6.1020,-10.8856
sensor, 0.0681,-0.3766,0.4521, 1.4241,-0.0908,-0.0793, 0.6151,-0.4919,0.4654,0.4038, -43.4387,-6.1020,-10.8856
sensor, 0.0925,-0.3958,0.4577, 1.4124,-0.0897,-0.0804, 0.6151,-0.4919,0.4654,0.4038, -44.1360,-4.7043,-7.4875
sensor, 0.0877,-0.4113,0.4313, 1.3985,-0.0908,-0.0783, 0.6168,-0.4901,0.4671,0.4016, -44.1360,-4.7043,-7.4875
sensor, 0.0930,-0.4426,0.4090, 1.3868,-0.0918,-0.0793, 0.6184,-0.4883,0.4688,0.3993, -44.1360,-4.7043,-7.4875
sensor, 0.1434,-0.4777,0.3891, 1.3698,-0.0982,-0.0793, 0.6200,-0.4865,0.4704,0.3970, -44.1360,-4.7043,-7.4875
sensor, 0.1316,-0.4381,0.3931, 1.3698,-0.0982,-0.0793, 0.6216,-0.4847,0.4720,0.3947, -46.2326,-7.4982,-8.1665
sensor, 0.1646,-0.4193,0.4014, 1.3431,-0.1046,-0.0772, 0.6249,-0.4811,0.4753,0.3900, -46.2326,-7.4982,-8.1665
sensor, 0.1529,-0.3989,0.4178, 1.3431,-0.1046,-0.0772, 0.6249,-0.4811,0.4753,0.3900, -46.2326,-7.4982,-8.1665
sensor, 0.1172,-0.3502,0.4421, 1.3335,-0.1163,-0.0740, 0.6265,-0.4794,0.4768,0.3878, -46.2326,-7.4982,-8.1665
sensor, 0.0921,-0.3136,0.4814, 1.3250,-0.1270,-0.0697, 0.6280,-0.4777,0.4783,0.3856, -43.4387,-6.7993,-7.4875
sensor, 0.1011,-0.2951,0.5252, 1.3250,-0.1270,-0.0697, 0.6297,-0.4758,0.4799,0.3832, -43.4387,-6.7993,-7.4875
sensor, 0.1369,-0.2316,0.4799, 1.3239,-0.1345,-0.0687, 0.6312,-0.4741,0.4814,0.3809, -43.4387,-6.7993,-7.4875
sensor, 0.1936,-0.2328,0.4919, 1.3239,-0.1345,-0.0687, 0.6327,-0.4724,0.4828,0.3787, -43.4387,-6.7993,-7.4875
sensor, 0.1900,-0.2613,0.5048, 1.3250,-0.1398,-0.0719, 0.6364,-0.4683,0.4862,0.3733, -43.4387,-6.7993,-7.4875
sensor, 0.2292,-0.2788,0.4795, 1.3218,-0.1536,-0.0857, 0.6383,-0.4661,0.4879,0.3705, -44.8349,-6.7993,-7.4875
sensor, 0.2038,-0.2940,0.4898, 1.3133,-0.1707,-0.0964, 0.6383,-0.4661,0.4879,0.3705, -44.8349,-6.7993,-7.4875
sensor, 0.2141,-0.2968,0.4976, 1.3069,-0.1749,-0.1028, 0.6425,-0.4615,0.4913,0.3644, -44.8349,-6.7993,-7.4875
sensor, 0.1576,-0.3208,0.5332, 1.3048,-0.1781,-0.1081, 0.6447,-0.4590,0.4931,0.3614, -44.8349,-8.1970,-7.4875
sensor, 0.1080,-0.4081,0.5651, 1.2899,-0.1845,-0.1177, 0.6447,-0.4590,0.4931,0.3614, -44.8349,-8.1970,-7.4875
sensor, 0.0627,-0.4255,0.5721, 1.2899,-0.1845,-0.1177, 0.6470,-0.4565,0.4949,0.3580, -44.8349,-8.1970,-7.4875
sensor, -0.0010,-0.4867,0.5477, 1.2760,-0.1824,-0.1273, 0.6489,-0.4543,0.4964,0.3553, -44.1360,-9.5932,-4.7684
sensor, -0.1111,-0.4898,0.5587, 1.2472,-0.1717,-0.1305, 0.6530,-0.4493,0.4996,0.3493, -44.1360,-9.5932,-4.7684
sensor, -0.2382,-0.5543,0.5492, 1.2472,-0.1717,-0.1305, 0.6530,-0.4493,0.4996,0.3493, -44.1360,-9.5932,-4.7684
sensor, -0.2735,-0.5998,0.5964, 1.2238,-0.1526,-0.1092, 0.6549,-0.4472,0.5011,0.3465, -44.1360,-8.1970,-5.4489
sensor, -0.2864,-0.5820,0.5876, 1.2078,-0.1451,-0.0932, 0.6566,-0.4451,0.5026,0.3439, -44.1360,-8.1970,-5.4489
sensor, -0.3230,-0.5491,0.5789, 1.1865,-0.1249,-0.0580, 0.6600,-0.4407,0.5057,0.3383, -44.1360,-8.1970,-5.4489
sensor, -0.2764,-0.5708,0.5597, 1.1865,-0.1249,-0.0580, 0.6600,-0.4407,0.5057,0.3383, -43.4387,-6.7993,-5.4489
sensor, -0.2348,-0.5548,0.5421, 1.1588,-0.1100,-0.0325, 0.6615,-0.4387,0.5072,0.3356, -43.4387,-6.7993,-5.4489
sensor, -0.1444,-0.5832,0.4942, 1.1588,-0.1100,-0.0325, 0.6627,-0.4371,0.5085,0.3334, -43.4387,-6.7993,-5.4489
sensor, -0.1017,-0.5605,0.4341, 1.1396,-0.1057,-0.0250, 0.6639,-0.4356,0.5097,0.3313, -46.2326,-9.5932,-6.1279
sensor, -0.0037,-0.5634,0.4280, 1.1247,-0.1057,-0.0261, 0.6653,-0.4337,0.5111,0.3289, -46.2326,-9.5932,-6.1279
sensor, 0.0704,-0.5949,0.4097, 1.0907,-0.1110,-0.0335, 0.6664,-0.4322,0.5123,0.3267, -46.2326,-9.5932,-6.1279
sensor, 0.0916,-0.6346,0.4133, 1.0704,-0.1121,-0.0431, 0.6675,-0.4306,0.5134,0.3247, -46.2326,-9.5932,-6.1279
sensor, 0.0616,-0.6566,0.3633, 1.0502,-0.1121,-0.0495, 0.6686,-0.4291,0.5145,0.3226, -43.4387,-10.2921,-4.0894
sensor, 0.0237,-0.6721,0.3432, 1.0257,-0.1089,-0.0527, 0.6701,-0.4270,0.5159,0.3201, -43.4387,-10.2921,-4.0894
sensor, 0.0168,-0.6677,0.3347, 1.0033,-0.1057,-0.0516, 0.6722,-0.4240,0.5180,0.3162, -43.4387,-10.2921,-4.0894
sensor, -0.0008,-0.6358,0.3856, 0.9820,-0.1036,-0.0474, 0.6722,-0.4240,0.5180,0.3162, -43.4387,-10.2921,-4.0894
sensor, -0.0052,-0.6391,0.4119, 0.9820,-0.1036,-0.0474, 0.6732,-0.4226,0.5190,0.3143, -44.8349,-10.2921,-4.0894
sensor, -0.0358,-0.6114,0.4326, 0.9479,-0.1025,-0.0410, 0.6746,-0.4206,0.5203,0.3120, -44.8349,-10.2921,-4.0894
sensor, -0.0512,-0.6030,0.4660, 0.9479,-0.1025,-0.0410, 0.6765,-0.4179,0.5222,0.3083, -44.8349,-10.2921,-4.0894
sensor, -0.0731,-0.6252,0.4640, 0.9330,-0.1014,-0.0357, 0.6765,-0.4179,0.5222,0.3083, -44.8349,-10.2921,-4.0894
sensor, -0.0905,-0.6405,0.5077, 0.9053,-0.0961,-0.0346, 0.6774,-0.4166,0.5232,0.3065, -45.5338,-9.5932,-4.0894
sensor, -0.1702,-0.6478,0.4887, 0.8893,-0.0908,-0.0303, 0.6794,-0.4135,0.5252,0.3026, -45.5338,-9.5932,-4.0894
sensor, -0.2220,-0.7027,0.4713, 0.8893,-0.0908,-0.0303, 0.6794,-0.4135,0.5252,0.3026, -45.5338,-9.5932,-4.0894
sensor, -0.2372,-0.7391,0.4984, 0.8456,-0.0673,-0.0154, 0.6810,-0.4110,0.5271,0.2992, -45.5338,-9.5932,-4.0894
sensor, -0.2611,-0.7026,0.4566, 0.8456,-0.0673,-0.0154, 0.6820,-0.4093,0.5282,0.2971, -45.5338,-8.8959,-1.3702
sensor, -0.2454,-0.6924,0.4467, 0.8211,-0.0567,-0.0080, 0.6820,-0.4093,0.5282,0.2971, -45.5338,-8.8959,-1.3702
sensor, -0.2189,-0.6879,0.4142, 0.7732,-0.0311,0.0059, 0.6829,-0.4078,0.5294,0.2950, -45.5338,-8.8959,-1.3702
sensor, -0.1057,-0.6735,0.3973, 0.7327,-0.0226,0.0165, 0.6835,-0.4069,0.5302,0.2937, -45.5338,-8.8959,-1.3702
sensor, -0.0805,-0.6801,0.3668, 0.7114,-0.0226,0.0197, 0.6842,-0.4055,0.5313,0.2918, -44.8349,-10.2921,-3.4088
sensor, -0.0024,-0.6484,0.3178, 0.6901,-0.0215,0.0208, 0.6856,-0.4030,0.5331,0.2886, -44.8349,-10.2921,-3.4088
sensor, 0.0018,-0.6708,0.3433, 0.6688,-0.0226,0.0229, 0.6861,-0.4021,0.5339,0.2872, -44.8349,-10.2921,-3.4088
sensor, -0.0033,-0.7028,0.3367, 0.6688,-0.0226,0.0229, 0.6861,-0.4021,0.5339,0.2872, -44.8349,-10.2921,-3.4088
sensor, -0.0149,-0.6626,0.3180, 0.6464,-0.0215,0.0251, 0.6866,-0.4011,0.5347,0.2859, -44.8349,-10.2921,-3.4088
sensor, -0.0282,-0.6517,0.3461, 0.5996,-0.0215,0.0315, 0.6877,-0.3991,0.5363,0.2831, -44.8349,-9.5932,-2.7298
sensor, -0.0362,-0.6161,0.2964, 0.5772,-0.0226,0.0378, 0.6877,-0.3991,0.5363,0.2831, -44.8349,-9.5932,-2.7298
sensor, -0.0046,-0.5805,0.3051, 0.5580,-0.0247,0.0421, 0.6881,-0.3983,0.5370,0.2819, -44.8349,-9.5932,-2.7298
sensor, 0.0331,-0.5525,0.3625, 0.5580,-0.0247,0.0421, 0.6885,-0.3976,0.5377,0.2807, -44.8349,-9.5932,-2.7298
sensor, 0.0251,-0.4861,0.4061, 0.5356,-0.0290,0.0560, 0.6895,-0.3958,0.5391,0.2781, -45.5338,-10.2921,-2.7298
sensor, 0.0512,-0.4916,0.4134, 0.5356,-0.0290,0.0560, 0.6895,-0.3958,0.5391,0.2781, -45.5338,-10.2921,-2.7298
sensor, 0.1074,-0.4945,0.4183, 0.5165,-0.0354,0.0581, 0.6902,-0.3944,0.5404,0.2758, -45.5338,-10.2921,-2.7298
sensor, 0.0635,-0.5245,0.4211, 0.5026,-0.0428,0.0581, 0.6906,-0.3938,0.5410,0.2747, -44.1360,-8.8959,-3.4088
sensor, -0.0095,-0.5342,0.4249, 0.4877,-0.0364,0.0570, 0.6906,-0.3938,0.5410,0.2747, -44.1360,-8.8959,-3.4088
sensor, -0.0413,-0.5543,0.4519, 0.4685,-0.0226,0.0538, 0.6910,-0.3930,0.5416,0.2735, -44.1360,-8.8959,-3.4088
sensor, -0.0653,-0.5710,0.4419, 0.4685,-0.0226,0.0538, 0.6913,-0.3923,0.5422,0.2724, -44.1360,-8.8959,-3.4088
sensor, -0.0671,-0.5242,0.3953, 0.4270,-0.0034,0.0496, 0.6916,-0.3917,0.5428,0.2714, -44.1360,-8.8959,-3.4088
sensor, -0.0423,-0.5336,0.4086, 0.4270,-0.0034,0.0496, 0.6919,-0.3911,0.5434,0.2704, -44.1360,-9.5932,-1.3702
sensor, 0.0013,-0.4886,0.4056, 0.3950,-0.0034,0.0485, 0.6926,-0.3894,0.5448,0.2681, -44.1360,-9.5932,-1.3702
sensor, 0.0718,-0.5049,0.3856, 0.3833,-0.0088,0.0506, 0.6928,-0.3887,0.5456,0.2670, -44.1360,-9.5932,-1.3702
sensor, 0.1125,-0.4296,0.4114, 0.3833,-0.0088,0.0506, 0.6928,-0.3887,0.5456,0.2670, -44.1360,-9.5932,-1.3702
sensor, 0.1439,-0.3903,0.4167, 0.3684,-0.0301,0.0549, 0.6931,-0.3879,0.5463,0.2659, -45.5338,-10.2921,-2.7298
sensor, 0.1352,-0.3772,0.4661, 0.3620,-0.0364,0.0560, 0.6935,-0.3870,0.5470,0.2646, -45.5338,-10.2921,-2.7298
sensor, 0.1609,-0.3752,0.4719, 0.3546,-0.0397,0.0549, 0.6941,-0.3855,0.5484,0.2625, -45.5338,-10.2921,-2.7298
sensor, 0.1064,-0.3504,0.4647, 0.3546,-0.0397,0.0549, 0.6943,-0.3849,0.5490,0.2615, -45.5338,-10.2921,-2.7298
sensor, 0.0072,-0.3418,0.4881, 0.3375,-0.0364,0.0474, 0.6943,-0.3849,0.5490,0.2615, -43.4387,-10.9909,-1.3702
sensor, 0.0122,-0.3719,0.4646, 0.3279,-0.0333,0.0464, 0.6952,-0.3829,0.5506,0.2587, -43.4387,-10.9909,-1.3702
sensor, 0.0031,-0.3803,0.4886, 0.3279,-0.0333,0.0464, 0.6952,-0.3829,0.5506,0.2587, -43.4387,-10.9909,-1.3702
sensor, 0.0082,-0.3966,0.4387, 0.2917,-0.0162,0.0421, 0.6955,-0.3821,0.5513,0.2576, -44.1360,-9.5932,-2.0493
sensor, 0.0284,-0.3930,0.4155, 0.2917,-0.0162,0.0421, 0.6961,-0.3805,0.5527,0.2553, -44.1360,-9.5932,-2.0493
sensor, 0.0645,-0.3640,0.4010, 0.2640,-0.0162,0.0410, 0.6963,-0.3798,0.5533,0.2544, -44.1360,-9.5932,-2.0493
sensor, 0.0648,-0.3592,0.3981, 0.2438,-0.0247,0.0410, 0.6967,-0.3789,0.5540,0.2532, -43.4387,-8.8959,-1.3702
sensor, 0.0924,-0.3027,0.4076, 0.2363,-0.0237,0.0421, 0.6967,-0.3789,0.5540,0.2532, -43.4387,-8.8959,-1.3702
sensor, 0.1005,-0.2650,0.4345, 0.2363,-0.0237,0.0421, 0.6971,-0.3778,0.5551,0.2515, -43.4387,-8.8959,-1.3702
sensor, 0.1058,-0.2361,0.4061, 0.2299,-0.0269,0.0410, 0.6973,-0.3772,0.5556,0.2507, -43.4387,-8.8959,-1.3702
sensor, 0.1454,-0.1876,0.4267, 0.2256,-0.0290,0.0368, 0.6977,-0.3763,0.5562,0.2496, -43.4387,-10.9909,-2.7298
sensor, 0.0979,-0.2350,0.4395, 0.2171,-0.0343,0.0272, 0.6979,-0.3757,0.5566,0.2488, -43.4387,-10.9909,-2.7298
sensor, 0.1013,-0.2534,0.3977, 0.2107,-0.0343,0.0251, 0.6981,-0.3752,0.5571,0.2481, -43.4387,-10.9909,-2.7298
sensor, 0.0866,-0.2962,0.4084, 0.2075,-0.0386,0.0219, 0.6987,-0.3739,0.5578,0.2467, -44.8349,-10.2921,-1.3702
sensor, 0.0575,-0.2399,0.4029, 0.1980,-0.0418,0.0197, 0.6989,-0.3734,0.5582,0.2460, -44.8349,-10.2921,-1.3702
sensor, 0.0417,-0.2568,0.4308, 0.1884,-0.0418,0.0197, 0.6989,-0.3734,0.5582,0.2460, -44.8349,-10.2921,-1.3702
sensor, 0.0269,-0.1809,0.4424, 0.1607,-0.0407,0.0229, 0.6993,-0.3724,0.5590,0.2447, -43.4387,-8.8959,-0.6897
sensor, 0.0017,-0.1764,0.4522, 0.1607,-0.0439,0.0240, 0.6997,-0.3715,0.5595,0.2437, -43.4387,-8.8959,-0.6897
sensor, 0.0023,-0.1461,0.4843, 0.1607,-0.0439,0.0315, 0.6998,-0.3711,0.5598,0.2431, -43.4387,-8.8959,-0.6897
sensor, -0.0006,-0.1449,0.4658, 0.1585,-0.0407,0.0378, 0.6998,-0.3711,0.5598,0.2431, -43.4387,-8.8959,-0.6897
sensor, 0.0309,-0.1476,0.4305, 0.1553,-0.0407,0.0432, 0.7003,-0.3698,0.5607,0.2417, -44.8349,-9.5932,-2.0493
sensor, 0.0372,-0.1422,0.4166, 0.1500,-0.0460,0.0485, 0.7004,-0.3695,0.5610,0.2411, -44.8349,-9.5932,-2.0493
sensor, 0.0834,-0.1494,0.3756, 0.1479,-0.0482,0.0496, 0.7004,-0.3695,0.5610,0.2411, -44.8349,-9.5932,-2.0493
sensor, 0.0832,-0.1776,0.3080, 0.1415,-0.0492,0.0474, 0.7006,-0.3691,0.5613,0.2406, -46.2326,-9.5932,-1.3702
sensor, 0.0826,-0.1512,0.3394, 0.1319,-0.0482,0.0453, 0.7007,-0.3688,0.5616,0.2400, -46.2326,-9.5932,-1.3702
sensor, 0.0732,-0.1498,0.3601, 0.1181,-0.0514,0.0389, 0.7011,-0.3680,0.5620,0.2391, -46.2326,-9.5932,-1.3702
sensor, 0.0602,-0.1329,0.3418, 0.1085,-0.0514,0.0346, 0.7013,-0.3675,0.5625,0.2382, -46.2326,-9.5932,-1.3702
sensor, 0.0248,-0.1066,0.3720, 0.1021,-0.0514,0.0325, 0.7013,-0.3675,0.5625,0.2382, -43.4387,-9.5932,-2.0493
sensor, 0.0153,-0.0728,0.3738, 0.0978,-0.0514,0.0336, 0.7017,-0.3664,0.5631,0.2370, -43.4387,-9.5932,-2.0493
sensor, -0.0067,-0.0225,0.3793, 0.0978,-0.0514,0.0336, 0.7017,-0.3664,0.5631,0.2370, -43.4387,-9.5932,-2.0493
sensor, 0.0206,0.0070,0.3926, 0.0936,-0.0524,0.0368, 0.7018,-0.3662,0.5633,0.2367, -43.4387,-9.5932,-2.0493
sensor, 0.0161,0.0118,0.4091, 0.0925,-0.0514,0.0410, 0.7019,-0.3660,0.5635,0.2363, -43.4387,-9.5932,-2.0493
sensor, 0.0417,0.0655,0.3974, 0.0968,-0.0524,0.0432, 0.7020,-0.3657,0.5637,0.2360, -44.1360,-8.1970,-2.7298
sensor, 0.0350,0.0541,0.3963, 0.0989,-0.0535,0.0421, 0.7021,-0.3654,0.5639,0.2356, -44.1360,-8.1970,-2.7298
sensor, 0.0559,0.0308,0.4070, 0.1021,-0.0524,0.0410, 0.7023,-0.3649,0.5643,0.2349, -44.1360,-8.1970,-2.7298
sensor, 0.0274,0.0064,0.3933, 0.1095,-0.0503,0.0389, 0.7023,-0.3649,0.5643,0.2349, -44.1360,-8.1970,-2.7298
sensor, 0.0205,-0.0148,0.3818, 0.1117,-0.0514,0.0304, 0.7026,-0.3641,0.5648,0.2340, -45.5338,-8.8959,-2.0493
sensor, 0.0326,-0.0415,0.3997, 0.1117,-0.0514,0.0304, 0.7026,-0.3641,0.5648,0.2340, -45.5338,-8.8959,-2.0493
sensor, 0.0288,-0.0470,0.3773, 0.1074,-0.0471,0.0272, 0.7027,-0.3638,0.5651,0.2336, -45.5338,-8.8959,-2.0493
sensor, -0.0428,-0.0710,0.3605, 0.1074,-0.0471,0.0272, 0.7028,-0.3635,0.5653,0.2332, -45.5338,-8.8959,-2.0493
sensor, -0.0051,-0.0966,0.3841, 0.1042,-0.0460,0.0261, 0.7028,-0.3634,0.5654,0.2330, -44.8349,-6.7993,-2.7298
sensor, 0.0018,-0.0844,0.3768, 0.0978,-0.0418,0.0283, 0.7029,-0.3631,0.5657,0.2326, -44.8349,-6.7993,-2.7298
sensor, 0.0103,-0.0932,0.3249, 0.0925,-0.0397,0.0336, 0.7031,-0.3626,0.5661,0.2318, -44.8349,-6.7993,-2.7298
sensor, 0.0228,-0.0798,0.2876, 0.0914,-0.0428,0.0357, 0.7034,-0.3618,0.5665,0.2310, -43.4387,-8.8959,-0.6897
sensor, 0.0580,-0.0930,0.2735, 0.0872,-0.0460,0.0346, 0.7034,-0.3618,0.5665,0.2310, -43.4387,-8.8959,-0.6897
sensor, 0.0752,-0.1369,0.2955, 0.0829,-0.0514,0.0346, 0.7036,-0.3614,0.5668,0.2303, -43.4387,-8.8959,-0.6897
sensor, 0.0459,-0.1468,0.2780, 0.0755,-0.0546,0.0325, 0.7037,-0.3612,0.5670,0.2299, -43.4387,-8.8959,-0.6897
sensor, 0.0267,-0.2032,0.2832, 0.0701,-0.0546,0.0304, 0.7042,-0.3603,0.5674,0.2289, -46.2326,-8.8959,0.6683
sensor, 0.0038,-0.2032,0.2560, 0.0659,-0.0535,0.0315, 0.7043,-0.3601,0.5676,0.2285, -46.2326,-8.8959,0.6683
sensor, -0.0477,-0.2163,0.2548, 0.0659,-0.0535,0.0315, 0.7044,-0.3599,0.5677,0.2281, -46.2326,-8.8959,0.6683
sensor, -0.0115,-0.2598,0.2580, 0.0584,-0.0524,0.0325, 0.7044,-0.3599,0.5677,0.2281, -46.2326,-8.8959,0.6683
sensor, -0.0481,-0.2285,0.2592, 0.0488,-0.0514,0.0346, 0.7048,-0.3592,0.5681,0.2270, -44.8349,-8.1970,-0.6897
sensor, -0.0562,-0.2104,0.2463, 0.0403,-0.0503,0.0368, 0.7048,-0.3590,0.5683,0.2266, -44.8349,-8.1970,-0.6897
sensor, -0.0467,-0.2072,0.2646, 0.0296,-0.0482,0.0357, 0.7049,-0.3589,0.5684,0.2263, -44.8349,-8.1970,-0.6897
sensor, -0.0886,-0.1640,0.2825, 0.0211,-0.0450,0.0389, 0.7049,-0.3588,0.5685,0.2260, -44.8349,-8.1970,-0.6897
sensor, -0.0620,-0.0888,0.3361, 0.0073,-0.0428,0.0421, 0.7053,-0.3581,0.5689,0.2253, -44.1360,-8.1970,0.6683
sensor, -0.0489,-0.0630,0.2921, 0.0030,-0.0418,0.0421, 0.7053,-0.3581,0.5690,0.2250, -44.1360,-8.1970,0.6683
sensor, -0.0256,-0.0202,0.2958, 0.0041,-0.0386,0.0400, 0.7053,-0.3580,0.5691,0.2249, -44.1360,-8.1970,0.6683
sensor, -0.0068,0.0249,0.3106, 0.0041,-0.0386,0.0400, 0.7053,-0.3580,0.5691,0.2249, -44.1360,-8.1970,0.6683
sensor, -0.0027,0.0354,0.3132, 0.0041,-0.0311,0.0315, 0.7056,-0.3573,0.5694,0.2242, -43.4387,-8.8959,-0.6897
sensor, 0.0014,0.0584,0.3250, 0.0041,-0.0311,0.0315, 0.7056,-0.3573,0.5694,0.2242, -43.4387,-8.8959,-0.6897
sensor, 0.0015,0.0569,0.3102, 0.0041,-0.0301,0.0272, 0.7056,-0.3572,0.5695,0.2241, -43.4387,-8.8959,-0.6897
sensor, -0.0040,0.0404,0.2904, 0.0073,-0.0279,0.0229, 0.7056,-0.3571,0.5696,0.2240, -43.4387,-8.8959,-0.6897
sensor, -0.0102,0.0538,0.3169, 0.0041,-0.0226,0.0133, 0.7059,-0.3563,0.5699,0.2234, -43.4387,-8.1970,-0.0107
sensor, -0.0188,0.0157,0.2846, 0.0041,-0.0226,0.0133, 0.7059,-0.3563,0.5699,0.2234, -43.4387,-8.1970,-0.0107
sensor, -0.0160,0.0187,0.2652, 0.0030,-0.0194,0.0133, 0.7059,-0.3561,0.5701,0.2233, -43.4387,-8.1970,-0.0107
sensor, -0.0242,0.0546,0.2569, -0.0013,-0.0173,0.0102, 0.7059,-0.3560,0.5702,0.2232, -43.4387,-8.1970,-0.0107
sensor, 0.0038,0.0398,0.2535, -0.0013,-0.0173,0.0112, 0.7059,-0.3560,0.5702,0.2232, -43.4387,-10.2921,-1.3702
sensor, 0.0088,0.0491,0.2488, -0.0013,-0.0151,0.0102, 0.7062,-0.3552,0.5706,0.2226, -43.4387,-10.2921,-1.3702
sensor, -0.0100,0.0471,0.2821, -0.0002,-0.0162,0.0091, 0.7062,-0.3551,0.5706,0.2225, -43.4387,-10.2921,-1.3702
sensor, -0.0084,0.0489,0.2730, -0.0002,-0.0162,0.0091, 0.7063,-0.3549,0.5707,0.2224, -43.4387,-10.2921,-1.3702
sensor, -0.0092,0.0817,0.2970, 0.0083,-0.0194,0.0080, 0.7063,-0.3549,0.5707,0.2224, -45.5338,-8.1970,-0.6897
sensor, -0.0533,0.0225,0.2786, 0.0073,-0.0183,0.0080, 0.7065,-0.3544,0.5710,0.2220, -45.5338,-8.1970,-0.6897
sensor, -0.0888,0.0207,0.2919, 0.0073,-0.0183,0.0080, 0.7065,-0.3542,0.5711,0.2219, -45.5338,-8.1970,-0.6897
sensor, -0.1425,-0.0078,0.2546, 0.0009,-0.0066,0.0144, 0.7065,-0.3542,0.5712,0.2218, -45.5338,-8.1970,-0.6897
sensor, -0.1115,0.0601,0.2466, 0.0019,-0.0013,0.0176, 0.7068,-0.3533,0.5716,0.2211, -44.8349,-8.8959,1.3489
sensor, -0.0826,0.0115,0.2676, -0.0013,0.0008,0.0208, 0.7068,-0.3532,0.5717,0.2210, -44.8349,-8.8959,1.3489
sensor, -0.0536,0.0726,0.2566, -0.0002,0.0040,0.0240, 0.7068,-0.3532,0.5717,0.2210, -44.8349,-8.1970,0.6683
sensor, -0.0445,0.0902,0.2895, -0.0002,0.0040,0.0240, 0.7070,-0.3525,0.5721,0.2205, -44.8349,-8.1970,0.6683
sensor, -0.0002,0.1189,0.2467, 0.0041,0.0051,0.0272, 0.7069,-0.3524,0.5722,0.2205, -44.8349,-8.1970,0.6683
sensor, 0.0249,0.1205,0.2619, 0.0073,0.0030,0.0261, 0.7069,-0.3524,0.5723,0.2204, -44.8349,-8.1970,0.6683
sensor, 0.0405,0.1053,0.2511, 0.0073,0.0030,0.0261, 0.7069,-0.3524,0.5723,0.2204, -44.8349,-8.1970,0.6683
sensor, 0.0925,0.1022,0.2487, 0.0179,-0.0013,0.0251, 0.7071,-0.3515,0.5728,0.2198, -45.5338,-9.5932,-0.0107
sensor, 0.0646,0.0857,0.2494, 0.0179,-0.0013,0.0251, 0.7071,-0.3515,0.5728,0.2198, -45.5338,-9.5932,-0.0107
sensor, 0.1084,0.0858,0.2041, 0.0179,-0.0034,0.0208, 0.7071,-0.3513,0.5730,0.2196, -44.8349,-10.2921,-0.0107
sensor, 0.0920,0.0696,0.2332, 0.0190,-0.0056,0.0176, 0.7075,-0.3504,0.5734,0.2189, -44.8349,-10.2921,-0.0107
sensor, 0.0929,0.0320,0.2063, 0.0179,-0.0077,0.0165, 0.7075,-0.3503,0.5735,0.2188, -44.8349,-10.2921,-0.0107
sensor, 0.1107,0.0184,0.2233, 0.0179,-0.0098,0.0144, 0.7078,-0.3494,0.5738,0.2181, -44.8349,-9.5932,-0.0107
sensor, 0.0850,0.0209,0.2362, 0.0179,-0.0119,0.0144, 0.7078,-0.3493,0.5739,0.2180, -44.8349,-9.5932,-0.0107
sensor, 0.0700,0.0100,0.2136, 0.0179,-0.0130,0.0144, 0.7079,-0.3492,0.5740,0.2179, -44.8349,-9.5932,-0.0107
sensor, 0.0812,0.0350,0.1837, 0.0179,-0.0130,0.0144, 0.7079,-0.3491,0.5741,0.2178, -44.8349,-9.5932,-0.0107
sensor, 0.0639,0.0143,0.2411, 0.0158,-0.0151,0.0133, 0.7082,-0.3484,0.5744,0.2173, -44.8349,-9.5932,-0.0107
sensor, 0.0517,0.0364,0.2436, 0.0115,-0.0183,0.0112, 0.7082,-0.3484,0.5744,0.2173, -44.8349,-9.5932,-0.6897
sensor, 0.0126,0.0670,0.2424, 0.0137,-0.0162,0.0091, 0.7082,-0.3483,0.5745,0.2172, -44.8349,-9.5932,-0.6897
sensor, -0.0121,0.0650,0.2400, 0.0137,-0.0183,0.0102, 0.7082,-0.3481,0.5746,0.2171, -44.8349,-9.5932,-0.6897
sensor, 0.0069,0.1147,0.2150, 0.0147,-0.0205,0.0102, 0.7082,-0.3480,0.5746,0.2170, -43.4387,-8.8959,-0.6897
sensor, 0.0024,0.0726,0.2191, 0.0201,-0.0194,0.0123, 0.7085,-0.3474,0.5749,0.2166, -43.4387,-8.8959,-0.6897
sensor, 0.0247,0.0885,0.2101, 0.0264,-0.0215,0.0155, 0.7085,-0.3473,0.5750,0.2165, -43.4387,-8.8959,-0.6897
sensor, 0.0019,0.0191,0.2368, 0.0275,-0.0226,0.0165, 0.7085,-0.3472,0.5750,0.2164, -43.4387,-8.8959,-0.6897
sensor, -0.0188,0.0401,0.2194, 0.0296,-0.0226,0.0144, 0.7085,-0.3472,0.5750,0.2164, -45.5338,-8.8959,-0.6897
sensor, -0.0448,0.0442,0.2345, 0.0318,-0.0215,0.0176, 0.7087,-0.3466,0.5753,0.2159, -45.5338,-8.8959,-0.6897
sensor, -0.0334,0.0304,0.2444, 0.0275,-0.0151,0.0187, 0.7087,-0.3466,0.5753,0.2159, -45.5338,-8.8959,-0.6897
sensor, -0.0460,0.0092,0.2228, 0.0275,-0.0151,0.0187, 0.7087,-0.3465,0.5754,0.2158, -45.5338,-8.8959,-0.6897
sensor, -0.0491,-0.0207,0.1864, 0.0264,-0.0109,0.0144, 0.7087,-0.3464,0.5755,0.2156, -45.5338,-8.8959,-0.6897
sensor, -0.0320,0.0055,0.1624, 0.0190,-0.0034,0.0080, 0.7091,-0.3455,0.5759,0.2148, -44.1360,-10.2921,-0.6897
sensor, -0.0207,-0.0120,0.1721, 0.0158,-0.0024,0.0027, 0.7091,-0.3454,0.5760,0.2148, -44.1360,-10.2921,-0.6897
sensor, -0.0018,-0.0382,0.1377, 0.0158,-0.0024,0.0027, 0.7091,-0.3454,0.5760,0.2148, -44.1360,-10.2921,-0.6897
sensor, 0.0368,-0.0325,0.1367, 0.0147,-0.0024,-0.0005, 0.7092,-0.3449,0.5763,0.2144, -44.1360,-10.2921,-0.6897
sensor, 0.0355,-0.0376,0.1641, 0.0083,-0.0077,0.0048, 0.7092,-0.3448,0.5763,0.2143, -45.5338,-7.4982,-0.0107
sensor, 0.0246,-0.0137,0.1759, 0.0126,-0.0109,0.0070, 0.7092,-0.3447,0.5764,0.2142, -45.5338,-7.4982,-0.0107
sensor, 0.0180,-0.0089,0.1867, 0.0137,-0.0098,0.0070, 0.7092,-0.3446,0.5765,0.2141, -45.5338,-7.4982,-0.0107
sensor, 0.0103,0.0246,0.1670, 0.0137,-0.0098,0.0070, 0.7093,-0.3444,0.5766,0.2140, -45.5338,-7.4982,-0.6897
sensor, 0.0109,0.0081,0.1826, 0.0147,-0.0088,0.0080, 0.7093,-0.3443,0.5767,0.2139, -45.5338,-7.4982,-0.6897
sensor, -0.0119,0.0381,0.2142, 0.0147,-0.0077,0.0102, 0.7093,-0.3443,0.5767,0.2139, -45.5338,-7.4982,-0.6897
sensor, 0.0222,0.0069,0.1927, 0.0158,-0.0045,0.0091, 0.7093,-0.3442,0.5768,0.2138, -45.5338,-7.4982,-0.6897
sensor, 0.0126,-0.0028,0.1788, 0.0158,-0.0066,0.0059, 0.7097,-0.3432,0.5772,0.2131, -44.1360,-9.5932,-0.0107
sensor, 0.0090,0.0379,0.1763, 0.0169,-0.0056,0.0080, 0.7097,-0.3432,0.5772,0.2131, -44.1360,-9.5932,-0.0107
sensor, -0.0076,0.0033,0.1620, 0.0147,-0.0056,0.0080, 0.7097,-0.3431,0.5773,0.2130, -44.1360,-9.5932,-0.0107
sensor, -0.0445,-0.0154,0.1593, 0.0147,-0.0056,0.0080, 0.7097,-0.3431,0.5774,0.2129, -44.1360,-9.5932,-0.0107
sensor, -0.0788,-0.0366,0.2191, 0.0137,-0.0002,0.0102, 0.7097,-0.3430,0.5774,0.2128, -45.5338,-8.8959,-0.6897
sensor, -0.0901,-0.0061,0.2125, 0.0115,0.0062,0.0144, 0.7099,-0.3422,0.5778,0.2122, -45.5338,-8.8959,-0.6897
sensor, -0.0721,-0.0379,0.1699, 0.0105,0.0094,0.0165, 0.7099,-0.3422,0.5778,0.2122, -45.5338,-8.8959,-0.6897
sensor, -0.0559,-0.0281,0.1729, 0.0105,0.0094,0.0165, 0.7099,-0.3419,0.5781,0.2119, -45.5338,-8.8959,-0.6897
sensor, -0.0768,-0.0306,0.1762, 0.0073,0.0125,0.0155, 0.7103,-0.3410,0.5785,0.2111, -46.2326,-9.5932,0.6683
sensor, -0.0258,0.0007,0.1718, 0.0073,0.0125,0.0155, 0.7103,-0.3410,0.5785,0.2111, -46.2326,-9.5932,0.6683
sensor, -0.0177,-0.0272,0.1614, 0.0051,0.0136,0.0165, 0.7103,-0.3408,0.5786,0.2110, -46.2326,-9.5932,0.6683
sensor, -0.0289,-0.0525,0.1757, 0.0030,0.0125,0.0176, 0.7103,-0.3406,0.5788,0.2108, -46.2326,-9.5932,0.6683
sensor, -0.0347,-0.0149,0.1322, 0.0009,0.0147,0.0197, 0.7103,-0.3405,0.5789,0.2106, -46.2326,-9.5932,-2.0493
sensor, -0.0179,-0.0155,0.1623, -0.0002,0.0189,0.0208, 0.7105,-0.3400,0.5791,0.2102, -46.2326,-9.5932,-2.0493
sensor, -0.0181,0.0080,0.1377, -0.0013,0.0179,0.0240, 0.7105,-0.3398,0.5793,0.2101, -46.2326,-9.5932,-2.0493
sensor, 0.0129,0.0008,0.1516, -0.0076,0.0168,0.0272, 0.7105,-0.3395,0.5796,0.2097, -46.2326,-9.5932,-2.0493
sensor, 0.0139,0.0183,0.1343, -0.0055,0.0147,0.0272, 0.7107,-0.3389,0.5798,0.2093, -44.8349,-7.4982,0.6683
sensor, 0.0444,0.0024,0.1632, -0.0066,0.0136,0.0283, 0.7107,-0.3388,0.5800,0.2091, -44.8349,-7.4982,0.6683
sensor, 0.0532,0.0106,0.1703, -0.0066,0.0136,0.0283, 0.7107,-0.3388,0.5800,0.2091, -44.8349,-7.4982,0.6683
sensor, 0.0625,-0.0219,0.1473, -0.0055,0.0104,0.0197, 0.7107,-0.3386,0.5801,0.2090, -44.8349,-7.4982,0.6683
sensor, 0.0436,0.0179,0.1801, -0.0055,0.0104,0.0197, 0.7107,-0.3384,0.5803,0.2088, -44.8349,-7.4982,0.6683
sensor, 0.0458,-0.0187,0.1673, -0.0055,0.0083,0.0197, 0.7108,-0.3382,0.5804,0.2087, -44.1360,-7.4982,-0.6897
sensor, 0.0478,0.0077,0.1572, -0.0066,0.0104,0.0187, 0.7108,-0.3379,0.5806,0.2084, -44.1360,-7.4982,-0.6897
sensor, 0.0168,0.0221,0.1795, -0.0066,0.0083,0.0133, 0.7109,-0.3377,0.5807,0.2082, -44.1360,-7.4982,-0.6897
sensor, 0.0391,-0.0129,0.2298, -0.0044,0.0094,0.0112, 0.7109,-0.3376,0.5809,0.2081, -44.1360,-7.4982,-0.6897
sensor, 0.0263,-0.0150,0.1880, -0.0034,0.0072,0.0091, 0.7109,-0.3374,0.5810,0.2080, -44.8349,-8.1970,-0.6897
sensor, 0.0034,-0.0397,0.1414, -0.0013,0.0072,0.0080, 0.7110,-0.3370,0.5812,0.2077, -44.8349,-8.1970,-0.6897
sensor, -0.0157,-0.0799,0.1375, -0.0023,0.0104,0.0080, 0.7110,-0.3368,0.5813,0.2075, -44.8349,-8.1970,-0.6897
sensor, 0.0116,-0.0534,0.1301, -0.0076,0.0115,0.0070, 0.7110,-0.3366,0.5815,0.2074, -44.1360,-10.2921,-0.6897
sensor, 0.0081,-0.0852,0.1222, -0.0119,0.0115,0.0048, 0.7114,-0.3357,0.5819,0.2066, -44.1360,-10.2921,-0.6897
sensor, 0.0307,-0.0802,0.1438, -0.0119,0.0115,0.0048, 0.7114,-0.3357,0.5819,0.2066, -44.1360,-10.2921,-0.6897
sensor, 0.0312,-0.0256,0.1431, -0.0226,0.0094,-0.0005, 0.7115,-0.3351,0.5822,0.2062, -43.4387,-8.8959,-1.3702
sensor, -0.0018,-0.0629,0.1293, -0.0226,0.0094,-0.0005, 0.7115,-0.3351,0.5822,0.2062, -43.4387,-8.8959,-1.3702
sensor, -0.0218,-0.0628,0.1453, -0.0247,0.0104,-0.0026, 0.7115,-0.3350,0.5823,0.2061, -43.4387,-8.8959,-1.3702
sensor, -0.0209,-0.0429,0.1263, -0.0258,0.0104,-0.0016, 0.7115,-0.3349,0.5824,0.2061, -45.5338,-9.5932,-0.6897
sensor, -0.0183,-0.0351,0.1175, -0.0300,0.0136,0.0048, 0.7117,-0.3342,0.5826,0.2056, -45.5338,-9.5932,-0.6897
sensor, -0.0088,-0.0076,0.1638, -0.0332,0.0147,0.0059, 0.7117,-0.3341,0.5827,0.2055, -46.2326,-8.1970,-0.6897
sensor, 0.0007,-0.0135,0.1702, -0.0332,0.0147,0.0059, 0.7118,-0.3338,0.5829,0.2053, -46.2326,-8.1970,-0.6897
sensor, -0.0009,-0.0010,0.1568, -0.0322,0.0136,0.0059, 0.7118,-0.3336,0.5830,0.2052, -46.2326,-8.1970,-0.6897
sensor, -0.0040,-0.0038,0.2014, -0.0311,0.0125,0.0059, 0.7118,-0.3335,0.5831,0.2051, -46.2326,-8.1970,-0.6897
sensor, 0.0286,0.0192,0.1256, -0.0332,0.0125,0.0048, 0.7118,-0.3333,0.5832,0.2051, -43.4387,-8.1970,-0.6897
sensor, 0.0102,0.0486,0.1234, -0.0353,0.0094,0.0059, 0.7119,-0.3329,0.5834,0.2048, -43.4387,-8.1970,-0.6897
sensor, 0.0605,0.0472,0.1154, -0.0375,0.0072,0.0059, 0.7119,-0.3329,0.5834,0.2048, -43.4387,-8.1970,-0.6897
sensor, 0.0395,0.0620,0.1395, -0.0353,0.0062,0.0048, 0.7119,-0.3327,0.5835,0.2048, -43.4387,-8.1970,-0.6897
sensor, 0.0623,0.0184,0.1092, -0.0322,0.0051,0.0048, 0.7119,-0.3327,0.5835,0.2048, -45.5338,-8.1970,-0.0107
sensor, 0.0624,0.0763,0.1472, -0.0311,0.0030,0.0048, 0.7121,-0.3322,0.5837,0.2046, -45.5338,-8.1970,-0.0107
sensor, 0.0435,0.0554,0.1618, -0.0289,0.0008,0.0048, 0.7121,-0.3321,0.5838,0.2046, -45.5338,-8.1970,-0.0107
sensor, 0.0437,0.0640,0.1634, -0.0268,-0.0034,0.0038, 0.7120,-0.3321,0.5838,0.2046, -45.5338,-8.1970,-0.0107
sensor, 0.0339,0.0599,0.1254, -0.0236,-0.0024,0.0059, 0.7122,-0.3318,0.5839,0.2044, -45.5338,-9.5932,-2.0493
sensor, 0.0301,0.0277,0.1391, -0.0236,-0.0024,0.0059, 0.7121,-0.3317,0.5840,0.2044, -45.5338,-9.5932,-2.0493
sensor, -0.0243,0.0252,0.1455, -0.0226,-0.0024,0.0070, 0.7121,-0.3317,0.5840,0.2044, -45.5338,-9.5932,-2.0493
sensor, 0.0092,0.0143,0.1360, -0.0204,-0.0056,0.0059, 0.7121,-0.3316,0.5841,0.2044, -45.5338,-9.5932,-2.0493
sensor, 0.0196,0.0346,0.1508, -0.0226,-0.0056,0.0059, 0.7123,-0.3313,0.5842,0.2041, -44.1360,-8.8959,-1.3702
sensor, 0.0165,0.0177,0.1245, -0.0226,-0.0024,0.0048, 0.7123,-0.3312,0.5842,0.2041, -44.1360,-8.8959,-1.3702
sensor, 0.0543,0.0185,0.1145, -0.0226,-0.0024,0.0006, 0.7123,-0.3312,0.5843,0.2041, -44.1360,-8.8959,-1.3702
sensor, 0.0376,0.0441,0.1112, -0.0226,-0.0024,0.0006, 0.7122,-0.3311,0.5843,0.2042, -44.1360,-8.8959,-1.3702
sensor, 0.0281,0.0569,0.1307, -0.0215,-0.0045,-0.0048, 0.7126,-0.3302,0.5846,0.2035, -44.1360,-10.9909,-0.0107
sensor, 0.0176,0.0115,0.0968, -0.0215,-0.0045,-0.0048, 0.7126,-0.3302,0.5846,0.2035, -44.1360,-10.9909,-0.0107
sensor, -0.0431,0.0249,0.1275, -0.0204,-0.0066,-0.0048, 0.7126,-0.3302,0.5846,0.2035, -44.1360,-10.9909,-0.0107
sensor, -0.0569,0.0140,0.1742, -0.0204,-0.0066,-0.0048, 0.7126,-0.3301,0.5846,0.2035, -44.1360,-10.9909,-0.0107
sensor, -0.0178,0.0035,0.1416, -0.0162,-0.0045,-0.0016, 0.7126,-0.3301,0.5846,0.2035, -43.4387,-8.1970,-0.0107
sensor, -0.0785,0.0126,0.1415, -0.0162,-0.0045,-0.0016, 0.7128,-0.3296,0.5848,0.2032, -43.4387,-8.1970,-0.0107
sensor, -0.0473,0.0090,0.1234, -0.0172,-0.0024,0.0016, 0.7128,-0.3295,0.5849,0.2032, -43.4387,-8.1970,-0.0107
sensor, -0.0356,0.0556,0.1366, -0.0183,0.0008,0.0048, 0.7128,-0.3294,0.5849,0.2032, -43.4387,-8.1970,-0.0107
sensor, -0.0261,0.0265,0.1026, -0.0194,0.0019,0.0070, 0.7132,-0.3286,0.5852,0.2024, -45.5338,-10.2921,0.6683
sensor, 0.0122,0.0593,0.1049, -0.0204,0.0019,0.0080, 0.7132,-0.3286,0.5852,0.2024, -45.5338,-10.2921,0.6683
sensor, 0.0359,0.0962,0.1296, -0.0204,0.0030,0.0133, 0.7132,-0.3284,0.5853,0.2024, -45.5338,-10.2921,0.6683
sensor, 0.0475,0.0936,0.1481, -0.0172,0.0019,0.0165, 0.7132,-0.3283,0.5854,0.2024, -45.5338,-10.2921,0.6683
sensor, 0.0707,0.0944,0.1050, -0.0140,0.0008,0.0165, 0.7133,-0.3279,0.5855,0.2021, -44.8349,-8.8959,-0.6897
sensor, 0.0486,0.0510,0.1215, -0.0087,-0.0056,0.0176, 0.7133,-0.3279,0.5856,0.2020, -44.8349,-8.8959,-0.6897
sensor, 0.0321,0.0345,0.0997, -0.0087,-0.0098,0.0187, 0.7133,-0.3278,0.5856,0.2020, -44.8349,-8.8959,-0.6897
sensor, 0.0276,0.0327,0.1087, -0.0076,-0.0109,0.0208, 0.7133,-0.3278,0.5856,0.2020, -44.8349,-8.8959,-0.6897
sensor, 0.0508,0.0301,0.1253, -0.0044,-0.0141,0.0208, 0.7133,-0.3278,0.5856,0.2019, -44.8349,-8.8959,-0.6897
sensor, 0.0212,0.0268,0.0991, -0.0044,-0.0141,0.0208, 0.7133,-0.3277,0.5857,0.2018, -44.8349,-9.5932,-0.6897
sensor, 0.0185,0.0633,0.1305, -0.0076,-0.0098,0.0144, 0.7136,-0.3272,0.5859,0.2013, -44.8349,-9.5932,-0.6897
sensor, 0.0381,-0.0031,0.0929, -0.0076,-0.0098,0.0144, 0.7136,-0.3271,0.5859,0.2013, -44.8349,-9.5932,-0.6897
sensor, 0.0377,0.0363,0.1036, -0.0087,-0.0109,0.0048, 0.7136,-0.3271,0.5859,0.2013, -44.8349,-8.8959,0.6683
sensor, 0.0105,0.0596,0.1170, -0.0087,-0.0109,0.0048, 0.7138,-0.3265,0.5861,0.2008, -44.8349,-8.8959,0.6683
sensor, -0.0177,0.0172,0.1235, -0.0055,-0.0119,0.0048, 0.7138,-0.3265,0.5861,0.2008, -44.8349,-8.8959,0.6683
sensor, -0.0418,0.0343,0.1201, -0.0034,-0.0088,0.0059, 0.7138,-0.3265,0.5861,0.2008, -44.8349,-8.8959,0.6683
sensor, -0.0811,0.0522,0.1568, -0.0044,-0.0066,0.0080, 0.7138,-0.3264,0.5862,0.2008, -43.4387,-8.1970,-0.0107
sensor, -0.1040,0.0143,0.1360, -0.0013,-0.0056,0.0091, 0.7140,-0.3260,0.5863,0.2004, -43.4387,-8.1970,-0.0107
sensor, -0.0657,0.0181,0.1084, 0.0009,-0.0034,0.0112, 0.7140,-0.3259,0.5864,0.2004, -43.4387,-8.1970,-0.0107
sensor, -0.0772,-0.0043,0.0850, 0.0009,-0.0045,0.0144, 0.7140,-0.3258,0.5865,0.2002, -43.4387,-8.1970,-0.0107
sensor, -0.0257,0.0195,0.0539, 0.0041,-0.0024,0.0133, 0.7140,-0.3258,0.5865,0.2002, -44.8349,-7.4982,-0.6897
sensor, 0.0406,0.0242,0.0544, 0.0051,-0.0077,0.0197, 0.7141,-0.3257,0.5865,0.2001, -44.8349,-7.4982,-0.6897
sensor, 0.0496,0.0228,0.0520, 0.0051,-0.0077,0.0197, 0.7141,-0.3256,0.5866,0.2000, -44.8349,-7.4982,-0.6897
sensor, 0.0721,0.0204,0.0437, 0.0083,-0.0109,0.0176, 0.7141,-0.3256,0.5866,0.1999, -44.8349,-7.4982,-0.6897
sensor, 0.0946,0.0549,0.0327, 0.0147,-0.0205,0.0144, 0.7141,-0.3256,0.5866,0.1999, -44.8349,-8.8959,0.6683
sensor, 0.0668,0.0355,0.0414, 0.0147,-0.0205,0.0144, 0.7144,-0.3251,0.5867,0.1994, -44.8349,-8.8959,0.6683
sensor, 0.0698,0.0447,0.0137, 0.0137,-0.0247,0.0048, 0.7144,-0.3252,0.5866,0.1994, -44.8349,-8.8959,0.6683
sensor, 0.0336,0.0392,0.0967, 0.0137,-0.0247,0.0048, 0.7144,-0.3252,0.5866,0.1994, -44.8349,-8.8959,0.6683
sensor, 0.0341,0.0366,0.0917, 0.0169,-0.0226,-0.0005, 0.7144,-0.3252,0.5866,0.1995, -45.5338,-9.5932,-2.7298
sensor, 0.0467,-0.0175,0.1095, 0.0169,-0.0205,-0.0080, 0.7144,-0.3252,0.5866,0.1995, -45.5338,-9.5932,-2.7298
sensor, 0.0161,-0.0040,0.0745, 0.0147,-0.0183,-0.0122, 0.7144,-0.3252,0.5866,0.1995, -45.5338,-9.5932,-2.7298
sensor, 0.0279,-0.0268,0.0512, 0.0126,-0.0119,-0.0207, 0.7144,-0.3252,0.5866,0.1995, -45.5338,-9.5932,-2.7298
sensor, -0.0154,-0.0430,0.0542, 0.0126,-0.0119,-0.0207, 0.7144,-0.3252,0.5866,0.1996, -44.8349,-8.1970,1.3489
sensor, 0.0130,-0.0893,0.0581, 0.0094,-0.0109,-0.0250, 0.7146,-0.3246,0.5867,0.1992, -44.8349,-8.1970,1.3489
sensor, -0.0059,-0.0794,0.0826, 0.0073,-0.0098,-0.0239, 0.7146,-0.3246,0.5867,0.1992, -44.8349,-8.1970,1.3489
sensor, -0.0349,-0.0866,0.0401, 0.0041,-0.0088,-0.0218, 0.7146,-0.3246,0.5867,0.1992, -44.8349,-8.1970,1.3489
sensor, -0.0652,-0.0697,0.0512, -0.0002,-0.0088,-0.0229, 0.7146,-0.3247,0.5867,0.1992, -44.1360,-8.8959,-0.0107
sensor, -0.0401,-0.0950,0.0637, -0.0044,-0.0077,-0.0207, 0.7148,-0.3242,0.5868,0.1989, -44.1360,-8.8959,-0.0107
sensor, -0.0736,-0.0622,0.0441, -0.0076,-0.0034,-0.0239, 0.7148,-0.3242,0.5868,0.1989, -44.1360,-8.8959,-0.0107
sensor, -0.0461,-0.0537,0.0276, -0.0076,-0.0034,-0.0239, 0.7148,-0.3242,0.5868,0.1990, -44.1360,-8.8959,-0.0107
sensor, -0.0410,-0.0161,0.0296, -0.0140,-0.0024,-0.0154, 0.7148,-0.3242,0.5868,0.1990, -44.8349,-8.1970,-0.0107
sensor, -0.0529,-0.0305,0.0114, -0.0162,-0.0013,-0.0154, 0.7149,-0.3239,0.5869,0.1988, -44.8349,-8.1970,-0.0107
sensor, -0.0516,-0.0117,0.0298, -0.0162,-0.0013,-0.0122, 0.7149,-0.3240,0.5868,0.1989, -44.8349,-8.1970,-0.0107
sensor, -0.0696,0.0033,0.0427, -0.0162,-0.0013,-0.0122, 0.7149,-0.3240,0.5868,0.1989, -44.8349,-8.1970,-0.0107
sensor, -0.0868,0.0371,0.0596, -0.0183,-0.0002,-0.0090, 0.7149,-0.3240,0.5868,0.1990, -43.4387,-8.1970,-1.3702
sensor, -0.0410,0.0728,0.0295, -0.0172,-0.0002,-0.0080, 0.7149,-0.3239,0.5868,0.1990, -43.4387,-8.1970,-1.3702
sensor, -0.0289,0.0414,0.0438, -0.0140,-0.0002,-0.0080, 0.7149,-0.3239,0.5868,0.1990, -43.4387,-8.1970,-1.3702
sensor, -0.0186,0.0565,0.0514, -0.0119,0.0019,-0.0101, 0.7149,-0.3239,0.5868,0.1992, -43.4387,-8.1970,-1.3702
sensor, -0.0286,0.0689,0.0443, -0.0066,0.0030,-0.0101, 0.7149,-0.3239,0.5868,0.1992, -46.2326,-9.5932,0.6683
sensor, -0.0380,0.0824,0.0630, -0.0098,0.0051,-0.0133, 0.7152,-0.3233,0.5870,0.1987, -46.2326,-9.5932,0.6683
sensor, -0.0382,0.0327,0.0849, -0.0066,0.0115,-0.0122, 0.7151,-0.3232,0.5870,0.1989, -46.2326,-9.5932,0.6683
sensor, -0.0564,0.0640,0.0858, -0.0066,0.0115,-0.0101, 0.7151,-0.3232,0.5870,0.1989, -46.2326,-9.5932,0.6683
sensor, -0.0419,0.0419,0.1061, -0.0055,0.0147,-0.0090, 0.7151,-0.3232,0.5870,0.1989, -44.8349,-8.8959,-0.0107
sensor, -0.0257,0.0591,0.0475, -0.0055,0.0158,-0.0048, 0.7153,-0.3227,0.5872,0.1986, -44.8349,-8.8959,-0.0107
sensor, -0.0723,0.0600,0.0903, -0.0055,0.0158,-0.0048, 0.7153,-0.3226,0.5872,0.1986, -44.8349,-8.8959,-0.0107
sensor, -0.0407,0.0488,0.0518, -0.0034,0.0179,-0.0016, 0.7153,-0.3225,0.5873,0.1986, -44.8349,-8.8959,-0.0107
sensor, 0.0207,0.0189,0.0730, -0.0023,0.0147,0.0006, 0.7153,-0.3224,0.5874,0.1986, -43.4387,-7.4982,-1.3702
sensor, 0.0029,0.0428,0.0131, -0.0034,0.0136,0.0048, 0.7152,-0.3224,0.5874,0.1986, -43.4387,-7.4982,-1.3702
sensor, 0.0132,0.0460,0.0544, -0.0034,0.0125,0.0070, 0.7152,-0.3223,0.5874,0.1986, -43.4387,-7.4982,-1.3702
sensor, 0.0406,0.0234,0.0398, -0.0023,0.0094,0.0070, 0.7152,-0.3223,0.5875,0.1985, -43.4387,-7.4982,-1.3702
sensor, 0.0405,0.0363,0.0618, -0.0023,0.0062,0.0080, 0.7152,-0.3222,0.5875,0.1985, -45.5338,-9.5932,-2.7298
sensor, 0.0304,0.0512,0.0388, -0.0034,0.0051,0.0102, 0.7153,-0.3221,0.5876,0.1984, -45.5338,-9.5932,-2.7298
sensor, 0.0435,0.0350,0.0332, -0.0013,0.0051,0.0112, 0.7153,-0.3221,0.5876,0.1984, -45.5338,-9.5932,-2.7298
sensor, 0.0520,0.0408,0.0490, -0.0013,0.0051,0.0112, 0.7153,-0.3220,0.5877,0.1984, -45.5338,-9.5932,-2.7298
