sensor, -0.0036,-0.0801,0.0417, 0.0190,-0.0196,-0.0165, 0.0000,0.0000,0.0000,0.0000, 34.7870,-22.8638,30.5756
sensor, -0.0211,-0.0790,0.0381, 0.0201,-0.0196,-0.0165, -0.4074,0.5070,0.6632,0.3704, 34.7870,-22.8638,30.5756
sensor, -0.0375,-0.0926,0.0362, 0.0190,-0.0196,-0.0154, -0.4075,0.5068,0.6632,0.3704, 34.7870,-20.0699,29.2160
sensor, -0.0458,-0.0751,0.0317, 0.0179,-0.0196,-0.0154, -0.4077,0.5066,0.6632,0.3705, 34.7870,-20.0699,29.2160
sensor, -0.0392,-0.0511,0.0125, 0.0179,-0.0186,-0.0176, -0.4079,0.5063,0.6632,0.3707, 34.7870,-20.0699,29.2160
sensor, -0.0451,-0.0462,0.0535, 0.0179,-0.0175,-0.0218, -0.4079,0.5063,0.6632,0.3707, 34.7870,-20.0699,29.2160
sensor, -0.0130,-0.0455,0.0428, 0.0179,-0.0175,-0.0218, -0.4079,0.5062,0.6633,0.3708, 34.7870,-21.4676,29.8950
sensor, -0.0749,-0.0565,0.0234, 0.0190,-0.0154,-0.0229, -0.4080,0.5061,0.6633,0.3708, 34.7870,-21.4676,29.8950
sensor, -0.0578,-0.0786,0.0557, 0.0169,-0.0143,-0.0218, -0.4081,0.5059,0.6633,0.3709, 34.7870,-21.4676,29.8950
sensor, -0.0538,-0.0467,0.0121, 0.0169,-0.0111,-0.0208, -0.4082,0.5057,0.6633,0.3710, 34.7870,-21.4676,29.8950
sensor, -0.0290,-0.0912,0.0151, 0.0169,-0.0111,-0.0208, -0.4083,0.5056,0.6633,0.3710, 35.4858,-21.4676,29.8950
sensor, -0.0108,-0.0819,0.0336, 0.0147,-0.0111,-0.0165, -0.4084,0.5055,0.6633,0.3710, 35.4858,-21.4676,29.8950
sensor, 0.0075,-0.0534,0.0383, 0.0158,-0.0111,-0.0165, -0.4085,0.5054,0.6633,0.3711, 35.4858,-21.4676,29.8950
sensor, -0.0149,-0.0367,0.0293, 0.0147,-0.0143,-0.0176, -0.4086,0.5053,0.6633,0.3712, 35.4858,-20.0699,29.8950
sensor, -0.0137,-0.0350,0.0119, 0.0137,-0.0132,-0.0197, -0.4085,0.5052,0.6633,0.3713, 35.4858,-20.0699,29.8950
sensor, -0.0657,-0.0611,0.0007, 0.0137,-0.0132,-0.0197, -0.4086,0.5052,0.6633,0.3713, 35.4858,-20.0699,29.8950
sensor, -0.0732,-0.0423,0.0292, 0.0126,-0.0132,-0.0176, -0.4087,0.5051,0.6633,0.3714, 35.4858,-20.0699,29.8950
sensor, -0.0878,-0.0387,0.0525, 0.0116,-0.0090,-0.0197, -0.4088,0.5050,0.6633,0.3714, 34.7870,-21.4676,29.8950
sensor, -0.0741,-0.0189,0.0287, 0.0105,-0.0058,-0.0186, -0.4089,0.5048,0.6633,0.3715, 34.7870,-21.4676,29.8950
sensor, -0.0639,-0.0399,0.0321, 0.0094,-0.0047,-0.0186, -0.4089,0.5048,0.6633,0.3715, 34.7870,-21.4676,29.8950
sensor, -0.0443,-0.0470,0.0290, 0.0083,-0.0047,-0.0186, -0.4090,0.5047,0.6633,0.3716, 34.7870,-21.4676,29.8950
sensor, -0.0283,-0.0453,0.0075, 0.0073,-0.0037,-0.0208, -0.4090,0.5046,0.6633,0.3716, 36.1832,-22.1649,30.5756
sensor, -0.0413,-0.0226,-0.0201, 0.0083,-0.0026,-0.0272, -0.4092,0.5045,0.6633,0.3716, 36.1832,-22.1649,30.5756
sensor, -0.0428,-0.0214,-0.0116, 0.0062,0.0017,-0.0293, -0.4092,0.5045,0.6633,0.3716, 36.1832,-22.1649,30.5756
sensor, -0.0395,-0.0212,0.0215, 0.0041,0.0049,-0.0325, -0.4093,0.5044,0.6632,0.3717, 36.1832,-22.1649,30.5756
sensor, -0.0325,-0.0336,0.0429, 0.0094,0.0049,-0.0346, -0.4094,0.5044,0.6632,0.3717, 36.8820,-20.0699,29.8950
sensor, -0.0233,-0.0389,0.0129, 0.0116,0.0059,-0.0325, -0.4094,0.5043,0.6631,0.3719, 36.8820,-20.0699,29.8950
sensor, 0.0157,-0.0361,0.0099, 0.0105,0.0070,-0.0314, -0.4095,0.5043,0.6631,0.3719, 36.8820,-20.0699,29.8950
sensor, 0.0130,-0.0545,0.0058, 0.0116,0.0049,-0.0272, -0.4096,0.5042,0.6631,0.3720, 36.8820,-20.0699,29.8950
sensor, 0.0132,-0.0839,0.0254, 0.0116,0.0027,-0.0240, -0.4096,0.5042,0.6630,0.3720, 35.4858,-20.7687,28.5355
sensor, 0.0310,-0.0592,0.0495, 0.0116,-0.0005,-0.0208, -0.4097,0.5041,0.6630,0.3721, 35.4858,-20.7687,28.5355
sensor, 0.0551,-0.0611,0.0210, 0.0116,-0.0047,-0.0144, -0.4098,0.5040,0.6630,0.3721, 35.4858,-20.7687,28.5355
sensor, 0.0195,-0.0852,0.0089, 0.0137,-0.0058,-0.0101, -0.4098,0.5040,0.6630,0.3722, 35.4858,-20.7687,28.5355
sensor, 0.0651,-0.0742,0.0474, 0.0116,-0.0068,-0.0059, -0.4098,0.5039,0.6630,0.3722, 35.4858,-22.8638,30.5756
sensor, 0.0261,-0.0850,0.0394, 0.0083,-0.0068,-0.0016, -0.4099,0.5038,0.6631,0.3721, 35.4858,-22.8638,30.5756
sensor, 0.0300,-0.0649,0.0458, 0.0105,-0.0047,0.0016, -0.4099,0.5037,0.6631,0.3722, 35.4858,-22.8638,30.5756
sensor, 0.0132,-0.0566,0.0158, 0.0094,-0.0047,0.0016, -0.4099,0.5037,0.6631,0.3722, 35.4858,-22.8638,30.5756
sensor, 0.0176,-0.0302,0.0339, 0.0052,-0.0068,0.0027, -0.4100,0.5037,0.6631,0.3722, 35.4858,-20.7687,31.2546
sensor, -0.0378,-0.0152,0.0180, 0.0052,-0.0037,0.0016, -0.4099,0.5036,0.6631,0.3722, 35.4858,-20.7687,31.2546
sensor, 0.0096,-0.0040,0.0171, 0.0030,-0.0015,-0.0005, -0.4099,0.5036,0.6631,0.3723, 35.4858,-20.7687,31.2546
sensor, -0.0187,-0.0167,0.0034, 0.0041,0.0006,-0.0048, -0.4099,0.5036,0.6631,0.3723, 35.4858,-20.7687,31.2546
sensor, 0.0020,0.0044,0.0218, 0.0052,0.0027,-0.0059, -0.4099,0.5036,0.6631,0.3723, 34.7870,-21.4676,30.5756
sensor, -0.0346,-0.0135,0.0438, 0.0041,0.0027,-0.0112, -0.4100,0.5036,0.6632,0.3722, 34.7870,-21.4676,30.5756
sensor, 0.0013,0.0033,0.0352, 0.0052,0.0049,-0.0144, -0.4100,0.5035,0.6631,0.3723, 34.7870,-21.4676,30.5756
sensor, -0.0226,-0.0137,0.0104, 0.0052,0.0070,-0.0165, -0.4100,0.5035,0.6631,0.3723, 34.7870,-21.4676,30.5756
sensor, -0.0175,0.0343,0.0225, 0.0030,0.0081,-0.0144, -0.4100,0.5035,0.6631,0.3723, 35.4858,-20.7687,29.8950
sensor, -0.0257,-0.0313,0.0073, 0.0041,0.0081,-0.0154, -0.4100,0.5035,0.6631,0.3723, 35.4858,-20.7687,29.8950
sensor, 0.0069,-0.0138,0.0127, 0.0009,0.0102,-0.0176, -0.4101,0.5035,0.6631,0.3724, 35.4858,-20.7687,29.8950
sensor, -0.0158,-0.0229,0.0220, 0.0020,0.0123,-0.0165, -0.4101,0.5035,0.6630,0.3724, 35.4858,-20.7687,29.8950
sensor, -0.0173,-0.0003,0.0004, 0.0020,0.0113,-0.0144, -0.4102,0.5034,0.6630,0.3724, 36.1832,-21.4676,29.2160
sensor, -0.0226,-0.0375,-0.0023, 0.0020,0.0102,-0.0144, -0.4103,0.5034,0.6630,0.3724, 36.1832,-21.4676,29.2160
sensor, -0.0226,-0.0215,0.0069, 0.0030,0.0113,-0.0144, -0.4103,0.5034,0.6630,0.3724, 36.1832,-21.4676,29.2160
sensor, 0.0418,0.0099,0.0219, 0.0030,0.0070,-0.0112, -0.4104,0.5033,0.6630,0.3723, 36.1832,-21.4676,29.2160
sensor, 0.0146,-0.0131,0.0003, 0.0020,0.0038,-0.0091, -0.4104,0.5033,0.6630,0.3723, 34.7870,-19.3726,29.2160
sensor, -0.0034,0.0167,-0.0044, 0.0030,0.0049,-0.0091, -0.4104,0.5034,0.6629,0.3724, 34.7870,-19.3726,29.2160
sensor, 0.0006,0.0148,-0.0073, 0.0020,-0.0005,-0.0091, -0.4104,0.5034,0.6629,0.3724, 34.7870,-19.3726,29.2160
sensor, -0.0252,0.0160,0.0067, 0.0041,-0.0005,-0.0112, -0.4104,0.5034,0.6629,0.3724, 34.7870,-19.3726,29.2160
sensor, -0.0355,0.0129,-0.0073, 0.0062,0.0038,-0.0133, -0.4105,0.5033,0.6629,0.3724, 35.4858,-20.0699,29.2160
sensor, -0.0508,0.0275,0.0231, 0.0083,0.0059,-0.0144, -0.4105,0.5034,0.6629,0.3725, 35.4858,-20.0699,29.2160
sensor, 0.0149,0.0112,0.0018, 0.0116,0.0070,-0.0144, -0.4105,0.5033,0.6629,0.3724, 35.4858,-20.0699,29.2160
sensor, -0.0063,-0.0171,-0.0098, 0.0116,0.0059,-0.0112, -0.4106,0.5033,0.6629,0.3724, 35.4858,-20.0699,29.2160
sensor, 0.0123,0.0103,0.0001, 0.0137,0.0027,-0.0091, -0.4106,0.5033,0.6629,0.3724, 36.8820,-20.7687,30.5756
sensor, -0.0567,-0.0000,0.0277, 0.0147,0.0006,-0.0059, -0.4106,0.5034,0.6628,0.3725, 36.8820,-20.7687,30.5756
sensor, -0.0621,0.0036,-0.0018, 0.0137,0.0049,-0.0037, -0.4106,0.5033,0.6628,0.3725, 36.8820,-20.7687,30.5756
sensor, -0.0939,0.0167,0.0221, 0.0169,0.0091,-0.0005, -0.4106,0.5033,0.6628,0.3725, 36.8820,-20.7687,30.5756
sensor, -0.0478,0.0127,-0.0262, 0.0169,0.0091,0.0027, -0.4107,0.5034,0.6628,0.3724, 34.7870,-21.4676,29.2160
sensor, 0.0084,0.0171,0.0001, 0.0158,0.0123,0.0016, -0.4108,0.5033,0.6628,0.3723, 34.7870,-21.4676,29.2160
sensor, 0.0173,0.0089,-0.0237, 0.0169,0.0091,-0.0016, -0.4108,0.5033,0.6628,0.3723, 34.7870,-21.4676,29.2160
sensor, -0.0170,0.0658,-0.0231, 0.0137,0.0081,-0.0069, -0.4108,0.5034,0.6628,0.3722, 34.7870,-21.4676,29.2160
sensor, 0.0308,0.0585,-0.0305, 0.0126,0.0091,-0.0122, -0.4108,0.5034,0.6628,0.3722, 35.4858,-22.1649,29.8950
sensor, -0.0085,0.0456,-0.0289, 0.0116,0.0102,-0.0186, -0.4110,0.5033,0.6628,0.3720, 35.4858,-22.1649,29.8950
sensor, -0.0219,0.0573,0.0085, 0.0126,0.0155,-0.0272, -0.4110,0.5033,0.6628,0.3720, 35.4858,-22.1649,29.8950
sensor, -0.0059,0.0311,-0.0164, 0.0158,0.0134,-0.0314, -0.4111,0.5033,0.6628,0.3720, 35.4858,-22.1649,29.8950
sensor, 0.0334,0.0466,-0.0112, 0.0147,0.0134,-0.0346, -0.4112,0.5033,0.6628,0.3719, 34.7870,-21.4676,29.2160
sensor, 0.0338,0.0648,-0.0152, 0.0137,0.0123,-0.0346, -0.4114,0.5032,0.6628,0.3718, 34.7870,-21.4676,29.2160
sensor, 0.0485,0.0386,-0.0143, 0.0137,0.0102,-0.0368, -0.4115,0.5032,0.6628,0.3717, 34.7870,-21.4676,29.2160
sensor, 0.0224,-0.0001,-0.0191, 0.0126,0.0102,-0.0389, -0.4116,0.5031,0.6628,0.3717, 34.7870,-21.4676,29.2160
sensor, 0.0378,0.0366,-0.0281, 0.0126,0.0081,-0.0368, -0.4117,0.5031,0.6628,0.3717, 35.4858,-21.4676,29.2160
sensor, 0.0414,0.0412,-0.0090, 0.0137,0.0091,-0.0378, -0.4119,0.5030,0.6628,0.3716, 35.4858,-21.4676,29.2160
sensor, 0.0406,0.0404,-0.0249, 0.0116,0.0081,-0.0389, -0.4120,0.5029,0.6628,0.3715, 35.4858,-21.4676,29.2160
sensor, 0.0716,0.0816,0.0094, 0.0105,0.0081,-0.0410, -0.4121,0.5029,0.6628,0.3715, 35.4858,-21.4676,29.2160
sensor, 0.1024,0.1137,0.0110, 0.0137,0.0059,-0.0431, -0.4121,0.5029,0.6628,0.3715, 36.8820,-21.4676,29.8950
sensor, 0.1065,0.1374,0.0081, 0.0158,0.0027,-0.0485, -0.4122,0.5028,0.6628,0.3715, 36.8820,-21.4676,29.8950
sensor, 0.0905,0.1263,0.0493, 0.0201,0.0006,-0.0538, -0.4123,0.5028,0.6628,0.3715, 36.8820,-21.4676,29.8950
sensor, 0.0709,0.1317,0.0142, 0.0243,0.0027,-0.0591, -0.4123,0.5027,0.6628,0.3714, 36.8820,-21.4676,29.8950
sensor, 0.0522,0.1431,0.0140, 0.0265,0.0017,-0.0634, -0.4124,0.5027,0.6628,0.3714, 36.8820,-21.4676,30.5756
sensor, 0.0664,0.1959,0.0265, 0.0307,0.0027,-0.0698, -0.4125,0.5026,0.6628,0.3714, 36.8820,-21.4676,30.5756
sensor, 0.0578,0.2008,0.0083, 0.0329,0.0027,-0.0751, -0.4126,0.5026,0.6628,0.3714, 36.8820,-21.4676,30.5756
sensor, 0.0387,0.2460,0.0450, 0.0392,0.0038,-0.0836, -0.4127,0.5025,0.6628,0.3714, 36.8820,-21.4676,30.5756
sensor, 0.0499,0.2743,0.0494, 0.0467,0.0059,-0.0921, -0.4128,0.5024,0.6628,0.3713, 34.7870,-20.0699,29.2160
sensor, 0.0763,0.2484,0.0393, 0.0531,0.0081,-0.0996, -0.4130,0.5024,0.6627,0.3713, 34.7870,-20.0699,29.2160
sensor, 0.0878,0.2605,0.0433, 0.0574,0.0049,-0.1092, -0.4131,0.5023,0.6627,0.3713, 34.7870,-20.0699,29.2160
sensor, 0.0656,0.2857,0.0681, 0.0669,0.0049,-0.1177, -0.4133,0.5022,0.6627,0.3713, 34.7870,-20.0699,29.2160
sensor, 0.0283,0.2531,0.0476, 0.0776,0.0059,-0.1262, -0.4132,0.5023,0.6625,0.3715, 36.1832,-20.7687,30.5756
sensor, -0.0017,0.2553,0.0821, 0.0797,0.0102,-0.1348, -0.4132,0.5024,0.6623,0.3719, 36.1832,-20.7687,30.5756
sensor, -0.0048,0.2684,0.0386, 0.0840,0.0145,-0.1454, -0.4132,0.5025,0.6620,0.3722, 36.1832,-20.7687,30.5756
sensor, -0.0110,0.2835,0.0323, 0.0861,0.0166,-0.1529, -0.4132,0.5026,0.6618,0.3725, 36.1832,-20.7687,30.5756
sensor, 0.0034,0.2839,0.0909, 0.0861,0.0176,-0.1593, -0.4132,0.5026,0.6615,0.3729, 36.8820,-20.7687,30.5756
sensor, 0.0189,0.3480,0.0385, 0.0882,0.0219,-0.1688, -0.4132,0.5028,0.6612,0.3733, 36.8820,-20.7687,30.5756
sensor, -0.0285,0.3615,0.1270, 0.0882,0.0219,-0.1688, -0.4132,0.5029,0.6609,0.3736, 36.8820,-20.7687,30.5756
sensor, -0.0340,0.3838,0.1309, 0.0936,0.0272,-0.1784, -0.4132,0.5030,0.6606,0.3740, 36.8820,-20.7687,30.5756
sensor, -0.0740,0.4605,0.1486, 0.1138,0.0336,-0.1997, -0.4132,0.5031,0.6603,0.3745, 34.7870,-20.0699,29.8950
sensor, -0.0618,0.4699,0.1709, 0.1138,0.0336,-0.1997, -0.4132,0.5032,0.6599,0.3749, 34.7870,-20.0699,29.8950
sensor, -0.0508,0.5049,0.1857, 0.1362,0.0464,-0.2253, -0.4132,0.5034,0.6595,0.3754, 34.7870,-20.0699,29.8950
sensor, -0.0277,0.5869,0.2280, 0.1468,0.0517,-0.2434, -0.4132,0.5035,0.6591,0.3759, 34.7870,-20.0699,29.8950
sensor, -0.0453,0.6454,0.2256, 0.1607,0.0581,-0.2636, -0.4132,0.5037,0.6587,0.3764, 36.8820,-21.4676,30.5756
sensor, -0.0306,0.6446,0.2153, 0.1745,0.0656,-0.2828, -0.4132,0.5039,0.6582,0.3769, 36.8820,-21.4676,30.5756
sensor, -0.0122,0.6424,0.2527, 0.1862,0.0720,-0.3009, -0.4132,0.5041,0.6577,0.3776, 36.8820,-21.4676,30.5756
sensor, 0.0276,0.6805,0.2849, 0.2012,0.0752,-0.3180, -0.4132,0.5044,0.6571,0.3782, 36.8820,-21.4676,30.5756
sensor, 0.0735,0.7029,0.2705, 0.2214,0.0794,-0.3329, -0.4132,0.5046,0.6565,0.3790, 36.1832,-20.0699,31.2546
sensor, 0.0564,0.6930,0.2537, 0.2374,0.0826,-0.3478, -0.4132,0.5049,0.6558,0.3797, 36.1832,-20.0699,31.2546
sensor, 0.0428,0.6758,0.2421, 0.2491,0.0858,-0.3563, -0.4132,0.5052,0.6551,0.3805, 36.1832,-20.0699,31.2546
sensor, 0.0347,0.6871,0.2488, 0.2661,0.0869,-0.3680, -0.4132,0.5056,0.6544,0.3813, 36.1832,-20.0699,31.2546
sensor, -0.0017,0.7143,0.2462, 0.2811,0.0933,-0.3808, -0.4132,0.5059,0.6537,0.3822, 36.8820,-18.6737,31.9351
sensor, 0.0207,0.7518,0.2740, 0.2970,0.1007,-0.3915, -0.4131,0.5064,0.6528,0.3832, 36.8820,-18.6737,31.9351
sensor, 0.0206,0.7380,0.3142, 0.3141,0.1050,-0.4053, -0.4131,0.5067,0.6519,0.3841, 36.8820,-18.6737,31.9351
sensor, 0.0620,0.7729,0.2915, 0.3301,0.1135,-0.4213, -0.4131,0.5071,0.6511,0.3850, 36.8820,-18.6737,31.9351
sensor, 0.0912,0.7690,0.2960, 0.3482,0.1189,-0.4373, -0.4132,0.5076,0.6502,0.3860, 35.4858,-19.3726,32.6141
sensor, 0.1112,0.7313,0.2646, 0.3631,0.1210,-0.4543, -0.4132,0.5080,0.6492,0.3870, 35.4858,-19.3726,32.6141
sensor, 0.1346,0.7236,0.2879, 0.3791,0.1242,-0.4692, -0.4132,0.5084,0.6482,0.3880, 35.4858,-19.3726,32.6141
sensor, 0.0866,0.7358,0.2787, 0.3972,0.1252,-0.4842, -0.4133,0.5089,0.6472,0.3891, 35.4858,-19.3726,32.6141
sensor, 0.0620,0.7118,0.3026, 0.4142,0.1338,-0.4980, -0.4133,0.5094,0.6461,0.3902, 36.1832,-19.3726,31.2546
sensor, 0.0145,0.7647,0.2459, 0.4281,0.1423,-0.5140, -0.4135,0.5098,0.6450,0.3912, 36.1832,-19.3726,31.2546
sensor, 0.0172,0.7891,0.3082, 0.4462,0.1508,-0.5321, -0.4136,0.5103,0.6438,0.3924, 36.1832,-19.3726,31.2546
sensor, 0.0200,0.7964,0.3587, 0.4643,0.1625,-0.5513, -0.4137,0.5108,0.6426,0.3936, 36.1832,-19.3726,31.2546
sensor, 0.0654,0.8035,0.3383, 0.4835,0.1721,-0.5736, -0.4138,0.5114,0.6414,0.3949, 35.4858,-17.9749,31.2546
sensor, 0.1567,0.8147,0.3351, 0.5005,0.1796,-0.5982, -0.4140,0.5119,0.6401,0.3961, 35.4858,-17.9749,31.2546
sensor, 0.1707,0.8422,0.3134, 0.5197,0.1849,-0.6205, -0.4141,0.5125,0.6387,0.3975, 35.4858,-17.9749,31.2546
sensor, 0.1575,0.8377,0.3221, 0.5378,0.1902,-0.6461, -0.4142,0.5131,0.6372,0.3988, 35.4858,-17.9749,31.2546
sensor, 0.1313,0.7950,0.3315, 0.5538,0.1966,-0.6695, -0.4144,0.5137,0.6357,0.4003, 37.5809,-17.2760,32.6141
sensor, 0.0815,0.7757,0.3650, 0.5740,0.2094,-0.6908, -0.4146,0.5144,0.6342,0.4018, 37.5809,-17.2760,32.6141
sensor, 0.0624,0.7533,0.3668, 0.5910,0.2211,-0.7089, -0.4148,0.5150,0.6325,0.4033, 37.5809,-17.2760,32.6141
sensor, 0.0753,0.6893,0.3437, 0.6092,0.2318,-0.7260, -0.4151,0.5156,0.6309,0.4048, 37.5809,-17.2760,32.6141
sensor, 0.0914,0.6399,0.3125, 0.6230,0.2382,-0.7345, -0.4154,0.5162,0.6291,0.4064, 36.8820,-15.8798,31.9351
sensor, 0.0949,0.6155,0.3198, 0.6358,0.2446,-0.7452, -0.4157,0.5168,0.6274,0.4080, 36.8820,-15.8798,31.9351
sensor, 0.0998,0.6058,0.3736, 0.6454,0.2531,-0.7590, -0.4161,0.5175,0.6256,0.4096, 36.8820,-15.8798,31.9351
sensor, 0.1294,0.5712,0.3144, 0.6539,0.2637,-0.7707, -0.4164,0.5181,0.6237,0.4112, 36.8820,-15.8798,31.9351
sensor, 0.1814,0.5658,0.3515, 0.6656,0.2723,-0.7835, -0.4169,0.5187,0.6219,0.4129, 37.5809,-13.7848,33.9737
sensor, 0.2509,0.5319,0.3480, 0.6731,0.2797,-0.7984, -0.4172,0.5194,0.6199,0.4146, 37.5809,-13.7848,33.9737
sensor, 0.2814,0.5485,0.3463, 0.6837,0.2840,-0.8155, -0.4176,0.5201,0.6179,0.4163, 37.5809,-13.7848,33.9737
sensor, 0.3151,0.4880,0.3458, 0.6954,0.2829,-0.8325, -0.4181,0.5207,0.6159,0.4180, 37.5809,-13.7848,33.9737
sensor, 0.3205,0.4948,0.3572, 0.7072,0.2882,-0.8485, -0.4186,0.5213,0.6139,0.4197, 35.4858,-13.7848,33.9737
sensor, 0.3508,0.4803,0.3279, 0.7157,0.2904,-0.8634, -0.4192,0.5219,0.6118,0.4214, 35.4858,-13.7848,33.9737
sensor, 0.3382,0.4299,0.3406, 0.7274,0.2914,-0.8762, -0.4198,0.5225,0.6097,0.4232, 35.4858,-13.7848,33.9737
sensor, 0.3423,0.3764,0.3369, 0.7349,0.2936,-0.8911, -0.4204,0.5231,0.6075,0.4250, 35.4858,-13.7848,33.9737
sensor, 0.3542,0.3533,0.3344, 0.7413,0.2989,-0.9017, -0.4211,0.5236,0.6053,0.4268, 36.8820,-13.0859,35.3333
sensor, 0.3757,0.2760,0.3323, 0.7487,0.2999,-0.9124, -0.4217,0.5242,0.6031,0.4286, 36.8820,-13.0859,35.3333
sensor, 0.4039,0.2347,0.3400, 0.7508,0.3021,-0.9241, -0.4224,0.5247,0.6009,0.4304, 36.8820,-13.0859,35.3333
sensor, 0.3923,0.1985,0.3065, 0.7519,0.3021,-0.9348, -0.4231,0.5252,0.5986,0.4323, 36.8820,-13.0859,35.3333
sensor, 0.3615,0.1900,0.2869, 0.7551,0.3010,-0.9412, -0.4238,0.5257,0.5963,0.4341, 37.5809,-11.6882,33.9737
sensor, 0.3227,0.1796,0.3054, 0.7530,0.3074,-0.9518, -0.4246,0.5262,0.5940,0.4360, 37.5809,-11.6882,33.9737
sensor, 0.3008,0.2244,0.3396, 0.7562,0.3170,-0.9625, -0.4253,0.5266,0.5916,0.4379, 37.5809,-11.6882,33.9737
sensor, 0.3391,0.1926,0.3160, 0.7615,0.3245,-0.9742, -0.4261,0.5271,0.5893,0.4397, 37.5809,-11.6882,33.9737
sensor, 0.4150,0.2212,0.3372, 0.7658,0.3276,-0.9912, -0.4269,0.5275,0.5869,0.4416, 36.1832,-10.2921,33.2947
sensor, 0.4596,0.2188,0.2876, 0.7668,0.3287,-1.0072, -0.4277,0.5280,0.5845,0.4435, 36.1832,-10.2921,33.2947
sensor, 0.4885,0.1840,0.2968, 0.7711,0.3287,-1.0243, -0.4286,0.5284,0.5820,0.4454, 36.1832,-10.2921,33.2947
sensor, 0.4628,0.1756,0.2967, 0.7721,0.3298,-1.0381, -0.4294,0.5288,0.5795,0.4473, 36.1832,-10.2921,33.2947
sensor, 0.4409,0.1446,0.3015, 0.7732,0.3340,-1.0509, -0.4303,0.5292,0.5770,0.4493, 38.2782,-7.4982,37.3718
sensor, 0.4424,0.0780,0.3243, 0.7743,0.3383,-1.0658, -0.4311,0.5297,0.5744,0.4514, 38.2782,-7.4982,37.3718
sensor, 0.4515,0.0583,0.3009, 0.7743,0.3415,-1.0754, -0.4320,0.5300,0.5718,0.4533, 38.2782,-7.4982,37.3718
sensor, 0.4768,-0.0104,0.2691, 0.7732,0.3415,-1.0860, -0.4330,0.5303,0.5692,0.4553, 38.2782,-7.4982,37.3718
sensor, 0.4860,0.0112,0.2618, 0.7743,0.3404,-1.0946, -0.4339,0.5306,0.5666,0.4573, 37.5809,-7.4982,35.3333
sensor, 0.5003,-0.0348,0.3085, 0.7700,0.3415,-1.1031, -0.4349,0.5309,0.5639,0.4593, 37.5809,-7.4982,35.3333
sensor, 0.4515,-0.0274,0.2897, 0.7658,0.3447,-1.1116, -0.4359,0.5312,0.5613,0.4613, 37.5809,-7.4982,35.3333
sensor, 0.5038,-0.1424,0.2811, 0.7626,0.3436,-1.1191, -0.4369,0.5314,0.5586,0.4633, 37.5809,-7.4982,35.3333
sensor, 0.5008,-0.1249,0.2325, 0.7572,0.3447,-1.1265, -0.4380,0.5316,0.5560,0.4652, 38.2782,-6.1020,37.3718
sensor, 0.5467,-0.1717,0.2482, 0.7530,0.3447,-1.1340, -0.4390,0.5318,0.5533,0.4673, 38.2782,-6.1020,37.3718
sensor, 0.4962,-0.1730,0.2330, 0.7434,0.3404,-1.1404, -0.4401,0.5319,0.5506,0.4692, 38.2782,-6.1020,37.3718
sensor, 0.5350,-0.1792,0.2743, 0.7381,0.3436,-1.1468, -0.4413,0.5320,0.5479,0.4712, 38.2782,-6.1020,37.3718
sensor, 0.6217,-0.2037,0.2069, 0.7317,0.3447,-1.1531, -0.4424,0.5321,0.5452,0.4732, 38.9771,-4.7043,36.6928
sensor, 0.6971,-0.2467,0.2087, 0.7242,0.3383,-1.1585, -0.4435,0.5322,0.5424,0.4752, 38.9771,-4.7043,36.6928
sensor, 0.7328,-0.2649,0.2012, 0.7168,0.3287,-1.1595, -0.4447,0.5323,0.5397,0.4771, 38.9771,-4.7043,36.6928
sensor, 0.7782,-0.3110,0.1720, 0.6997,0.3053,-1.1574, -0.4458,0.5323,0.5370,0.4791, 38.9771,-4.7043,36.6928
sensor, 0.8243,-0.3569,0.1788, 0.6922,0.2882,-1.1489, -0.4469,0.5322,0.5344,0.4811, 36.1832,-2.6093,38.7314
sensor, 0.8251,-0.4174,0.1420, 0.6805,0.2754,-1.1414, -0.4480,0.5322,0.5317,0.4831, 36.1832,-2.6093,38.7314
sensor, 0.7692,-0.5037,0.1403, 0.6709,0.2659,-1.1265, -0.4491,0.5321,0.5291,0.4851, 36.1832,-2.6093,38.7314
sensor, 0.7521,-0.5311,0.1154, 0.6709,0.2659,-1.1265, -0.4502,0.5319,0.5265,0.4870, 36.1832,-2.6093,38.7314
sensor, 0.6712,-0.5676,0.1224, 0.6496,0.2446,-1.0946, -0.4513,0.5317,0.5240,0.4889, 36.8820,-1.9104,38.7314
sensor, 0.6330,-0.5311,0.1442, 0.6401,0.2392,-1.0839, -0.4524,0.5315,0.5215,0.4908, 36.8820,-1.9104,38.7314
sensor, 0.6236,-0.5046,0.1738, 0.6326,0.2339,-1.0743, -0.4535,0.5313,0.5190,0.4926, 36.8820,-1.9104,38.7314
sensor, 0.5765,-0.4793,0.1789, 0.6283,0.2264,-1.0679, -0.4545,0.5311,0.5166,0.4944, 36.8820,-1.9104,38.7314
sensor, 0.5984,-0.4129,0.2108, 0.6241,0.2243,-1.0701, -0.4555,0.5308,0.5142,0.4963, 38.9771,-0.5142,37.3718
sensor, 0.6870,-0.3609,0.2510, 0.6262,0.2232,-1.0743, -0.4564,0.5307,0.5117,0.4982, 38.9771,-0.5142,37.3718
sensor, 0.6858,-0.3559,0.2192, 0.6273,0.2179,-1.0839, -0.4574,0.5304,0.5093,0.5000, 38.9771,-0.5142,37.3718
sensor, 0.7012,-0.2919,0.2371, 0.6337,0.2105,-1.0914, -0.4584,0.5301,0.5069,0.5019, 38.9771,-0.5142,37.3718
sensor, 0.6613,-0.3169,0.2343, 0.6358,0.2041,-1.1020, -0.4594,0.5299,0.5045,0.5037, 36.1832,0.1846,39.4104
sensor, 0.6250,-0.2898,0.2253, 0.6337,0.1988,-1.1041, -0.4603,0.5296,0.5020,0.5056, 36.1832,0.1846,39.4104
sensor, 0.6336,-0.3283,0.2336, 0.6369,0.1934,-1.1052, -0.4613,0.5293,0.4996,0.5075, 36.1832,0.1846,39.4104
sensor, 0.6064,-0.3310,0.2374, 0.6358,0.1881,-1.1031, -0.4622,0.5289,0.4971,0.5094, 36.1832,0.1846,39.4104
sensor, 0.5387,-0.3838,0.2328, 0.6337,0.1892,-1.0935, -0.4632,0.5286,0.4946,0.5113, 36.8820,1.5808,38.0524
sensor, 0.4531,-0.3652,0.2592, 0.6326,0.1870,-1.0828, -0.4641,0.5282,0.4922,0.5132, 36.8820,1.5808,38.0524
sensor, 0.4221,-0.3330,0.2635, 0.6326,0.1870,-1.0754, -0.4650,0.5279,0.4898,0.5150, 36.8820,1.5808,38.0524
sensor, 0.3999,-0.3105,0.2853, 0.6315,0.1892,-1.0679, -0.4659,0.5276,0.4873,0.5169, 36.8820,1.5808,38.0524
sensor, 0.3831,-0.2334,0.3071, 0.6315,0.1945,-1.0605, -0.4668,0.5272,0.4849,0.5187, 36.1832,2.2797,38.0524
sensor, 0.3953,-0.1670,0.3306, 0.6337,0.2030,-1.0551, -0.4676,0.5269,0.4825,0.5205, 36.1832,2.2797,38.0524
sensor, 0.3798,-0.0793,0.3769, 0.6379,0.2041,-1.0583, -0.4685,0.5266,0.4801,0.5222, 36.1832,2.2797,38.0524
sensor, 0.4006,-0.0400,0.4421, 0.6454,0.2115,-1.0626, -0.4693,0.5263,0.4777,0.5241, 36.1832,2.2797,38.0524
sensor, 0.4238,0.0334,0.4678, 0.6539,0.2158,-1.0690, -0.4700,0.5261,0.4752,0.5258, 38.2782,4.3747,40.7700
sensor, 0.4462,0.0704,0.5012, 0.6624,0.2190,-1.0786, -0.4708,0.5258,0.4727,0.5277, 38.2782,4.3747,40.7700
sensor, 0.4992,0.1312,0.4478, 0.6678,0.2190,-1.0871, -0.4715,0.5256,0.4702,0.5295, 38.2782,4.3747,40.7700
sensor, 0.5583,0.1349,0.4588, 0.6773,0.2179,-1.0999, -0.4722,0.5253,0.4676,0.5313, 38.2782,4.3747,40.7700
sensor, 0.5723,0.1410,0.4769, 0.6869,0.2126,-1.1116, -0.4730,0.5251,0.4651,0.5332, 36.8820,7.1686,40.0909
sensor, 0.5929,0.1273,0.4505, 0.6954,0.2137,-1.1201, -0.4735,0.5250,0.4623,0.5352, 36.8820,7.1686,40.0909
sensor, 0.5986,0.1277,0.4886, 0.7018,0.2115,-1.1255, -0.4743,0.5247,0.4597,0.5371, 36.8820,7.1686,40.0909
sensor, 0.6148,0.1041,0.4328, 0.7040,0.2094,-1.1308, -0.4750,0.5244,0.4570,0.5390, 36.8820,7.1686,40.0909
sensor, 0.6213,0.1264,0.4269, 0.7082,0.2115,-1.1382, -0.4757,0.5241,0.4543,0.5409, 36.1832,6.4697,40.7700
sensor, 0.6123,0.1359,0.4568, 0.7093,0.2019,-1.1425, -0.4765,0.5238,0.4517,0.5428, 36.1832,6.4697,40.7700
sensor, 0.6050,0.1196,0.4523, 0.7093,0.1998,-1.1468, -0.4772,0.5234,0.4490,0.5447, 36.1832,6.4697,40.7700
sensor, 0.5554,0.0765,0.4268, 0.7136,0.1988,-1.1521, -0.4779,0.5231,0.4463,0.5467, 36.1832,6.4697,40.7700
sensor, 0.5199,0.1081,0.4687, 0.7189,0.1998,-1.1553, -0.4786,0.5227,0.4436,0.5486, 35.4858,9.2636,39.4104
sensor, 0.5036,0.0571,0.4612, 0.7210,0.2030,-1.1585, -0.4792,0.5225,0.4407,0.5506, 35.4858,9.2636,39.4104
sensor, 0.5070,0.0531,0.4674, 0.7178,0.2062,-1.1627, -0.4799,0.5221,0.4380,0.5525, 35.4858,9.2636,39.4104
sensor, 0.4924,0.0494,0.4533, 0.7189,0.2105,-1.1649, -0.4806,0.5217,0.4352,0.5545, 35.4858,9.2636,39.4104
sensor, 0.5297,0.0006,0.4657, 0.7200,0.2083,-1.1670, -0.4813,0.5213,0.4324,0.5564, 36.8820,11.3602,42.1295
sensor, 0.5468,0.0027,0.4612, 0.7125,0.2083,-1.1691, -0.4819,0.5210,0.4295,0.5584, 36.8820,11.3602,42.1295
sensor, 0.5572,-0.0068,0.4246, 0.7114,0.2073,-1.1713, -0.4826,0.5206,0.4267,0.5603, 36.8820,11.3602,42.1295
sensor, 0.5818,-0.0374,0.4547, 0.7050,0.2062,-1.1702, -0.4834,0.5202,0.4239,0.5622, 36.8820,11.3602,42.1295
sensor, 0.5514,-0.0887,0.4725, 0.7008,0.2073,-1.1734, -0.4841,0.5197,0.4212,0.5640, 36.8820,12.7563,40.0909
sensor, 0.5414,-0.1148,0.4084, 0.6965,0.2062,-1.1723, -0.4847,0.5194,0.4182,0.5660, 36.8820,12.7563,40.0909
sensor, 0.5694,-0.1287,0.4213, 0.6901,0.2062,-1.1713, -0.4855,0.5189,0.4154,0.5679, 36.8820,12.7563,40.0909
sensor, 0.5950,-0.2118,0.3798, 0.6795,0.2030,-1.1691, -0.4862,0.5184,0.4126,0.5697, 36.8820,12.7563,40.0909
sensor, 0.5995,-0.2039,0.4085, 0.6699,0.2030,-1.1681, -0.4870,0.5178,0.4099,0.5715, 34.7870,14.1525,39.4104
sensor, 0.6314,-0.2407,0.3975, 0.6592,0.1966,-1.1670, -0.4877,0.5174,0.4069,0.5735, 34.7870,14.1525,39.4104
sensor, 0.6047,-0.3172,0.3645, 0.6486,0.1945,-1.1670, -0.4885,0.5169,0.4042,0.5752, 34.7870,14.1525,39.4104
sensor, 0.5387,-0.3233,0.3493, 0.6390,0.1913,-1.1617, -0.4893,0.5162,0.4014,0.5770, 34.7870,14.1525,39.4104
sensor, 0.4843,-0.3807,0.3305, 0.6262,0.1924,-1.1563, -0.4901,0.5156,0.3987,0.5788, 35.4858,16.2491,40.7700
sensor, 0.4415,-0.4419,0.3838, 0.6124,0.1966,-1.1489, -0.4908,0.5151,0.3958,0.5806, 35.4858,16.2491,40.7700
sensor, 0.4538,-0.4661,0.3446, 0.5964,0.1998,-1.1350, -0.4916,0.5145,0.3931,0.5823, 35.4858,16.2491,40.7700
sensor, 0.4402,-0.4886,0.3522, 0.5793,0.1998,-1.1201, -0.4925,0.5138,0.3905,0.5839, 35.4858,16.2491,40.7700
sensor, 0.4642,-0.4764,0.3282, 0.5602,0.1988,-1.1063, -0.4934,0.5131,0.3878,0.5855, 34.0881,17.6453,40.7700
sensor, 0.4800,-0.5050,0.3789, 0.5421,0.1988,-1.0924, -0.4941,0.5127,0.3850,0.5872, 34.0881,17.6453,40.7700
sensor, 0.5060,-0.4772,0.3523, 0.5261,0.1966,-1.0786, -0.4949,0.5120,0.3825,0.5887, 34.0881,17.6453,40.7700
sensor, 0.5322,-0.4154,0.3819, 0.5080,0.1977,-1.0669, -0.4958,0.5113,0.3800,0.5902, 34.0881,17.6453,40.7700
sensor, 0.5483,-0.3632,0.3950, 0.4941,0.1955,-1.0605, -0.4967,0.5106,0.3776,0.5916, 35.4858,16.9464,38.7314
sensor, 0.5862,-0.3017,0.4050, 0.4856,0.1913,-1.0594, -0.4975,0.5099,0.3751,0.5931, 35.4858,16.9464,38.7314
sensor, 0.6269,-0.2837,0.4288, 0.4803,0.1902,-1.0562, -0.4984,0.5092,0.3727,0.5945, 35.4858,16.9464,38.7314
sensor, 0.6133,-0.2462,0.3987, 0.4728,0.1870,-1.0541, -0.4993,0.5085,0.3703,0.5959, 35.4858,16.9464,38.7314
sensor, 0.6072,-0.2293,0.4227, 0.4686,0.1828,-1.0519, -0.5001,0.5078,0.3679,0.5972, 35.4858,16.2491,39.4104
sensor, 0.5669,-0.2847,0.4325, 0.4653,0.1774,-1.0466, -0.5011,0.5069,0.3657,0.5985, 35.4858,16.2491,39.4104
sensor, 0.5359,-0.3036,0.4145, 0.4611,0.1732,-1.0360, -0.5019,0.5062,0.3633,0.5999, 35.4858,16.2491,39.4104
sensor, 0.5001,-0.3238,0.3957, 0.4558,0.1732,-1.0210, -0.5028,0.5054,0.3610,0.6012, 35.4858,16.2491,39.4104
sensor, 0.4725,-0.3806,0.4162, 0.4504,0.1742,-1.0040, -0.5036,0.5047,0.3587,0.6025, 33.3893,16.9464,39.4104
sensor, 0.4315,-0.3852,0.4022, 0.4451,0.1710,-0.9848, -0.5045,0.5038,0.3566,0.6037, 33.3893,16.9464,39.4104
sensor, 0.4363,-0.3976,0.4235, 0.4366,0.1721,-0.9657, -0.5053,0.5031,0.3543,0.6050, 33.3893,16.9464,39.4104
sensor, 0.4460,-0.3885,0.4005, 0.4302,0.1732,-0.9444, -0.5061,0.5024,0.3521,0.6062, 33.3893,16.9464,39.4104
sensor, 0.4941,-0.3516,0.4341, 0.4227,0.1732,-0.9252, -0.5068,0.5017,0.3499,0.6074, 32.6920,20.4391,40.7700
sensor, 0.5032,-0.3041,0.4145, 0.4195,0.1721,-0.9124, -0.5075,0.5010,0.3478,0.6087, 32.6920,20.4391,40.7700
sensor, 0.5331,-0.2567,0.4289, 0.4195,0.1700,-0.9039, -0.5082,0.5004,0.3456,0.6098, 32.6920,20.4391,40.7700
sensor, 0.5198,-0.2331,0.4637, 0.4185,0.1710,-0.8986, -0.5089,0.4997,0.3435,0.6110, 32.6920,20.4391,40.7700
sensor, 0.5517,-0.1940,0.5008, 0.4206,0.1721,-0.9007, -0.5096,0.4991,0.3415,0.6121, 32.6920,21.1380,38.0524
sensor, 0.5956,-0.1625,0.4644, 0.4206,0.1764,-0.9028, -0.5102,0.4985,0.3393,0.6133, 32.6920,21.1380,38.0524
sensor, 0.6018,-0.1444,0.4766, 0.4217,0.1753,-0.9071, -0.5108,0.4979,0.3371,0.6144, 32.6920,21.1380,38.0524
sensor, 0.6203,-0.1327,0.4820, 0.4217,0.1732,-0.9124, -0.5115,0.4972,0.3350,0.6156, 32.6920,21.1380,38.0524
sensor, 0.5697,-0.1460,0.4578, 0.4238,0.1710,-0.9145, -0.5121,0.4966,0.3329,0.6167, 31.9931,21.8353,38.7314
sensor, 0.4973,-0.2221,0.4608, 0.4259,0.1700,-0.9145, -0.5127,0.4959,0.3307,0.6179, 31.9931,21.8353,38.7314
sensor, 0.4240,-0.2705,0.4571, 0.4249,0.1764,-0.9081, -0.5134,0.4953,0.3286,0.6190, 31.9931,21.8353,38.7314
sensor, 0.3651,-0.3455,0.4471, 0.4238,0.1838,-0.8996, -0.5140,0.4946,0.3264,0.6201, 31.9931,21.8353,38.7314
sensor, 0.3532,-0.4094,0.4374, 0.4195,0.1913,-0.8890, -0.5147,0.4940,0.3243,0.6212, 33.3893,23.9319,39.4104
sensor, 0.3881,-0.5270,0.3906, 0.4068,0.1955,-0.8751, -0.5153,0.4934,0.3221,0.6223, 33.3893,23.9319,39.4104
sensor, 0.3678,-0.5691,0.3547, 0.3940,0.2009,-0.8591, -0.5160,0.4927,0.3200,0.6234, 33.3893,23.9319,39.4104
sensor, 0.3767,-0.5946,0.3570, 0.3823,0.2030,-0.8400, -0.5167,0.4921,0.3179,0.6244, 33.3893,23.9319,39.4104
sensor, 0.3909,-0.5727,0.3547, 0.3684,0.2030,-0.8240, -0.5173,0.4915,0.3159,0.6253, 31.9931,22.5342,39.4104
sensor, 0.4083,-0.5424,0.3600, 0.3535,0.2083,-0.8080, -0.5181,0.4907,0.3140,0.6262, 31.9931,22.5342,39.4104
sensor, 0.4396,-0.4663,0.4064, 0.3428,0.2126,-0.7963, -0.5188,0.4902,0.3121,0.6270, 31.9931,22.5342,39.4104
sensor, 0.4714,-0.3646,0.4263, 0.3343,0.2137,-0.7899, -0.5195,0.4896,0.3101,0.6279, 31.9931,22.5342,39.4104
sensor, 0.5465,-0.3205,0.4068, 0.3301,0.2147,-0.7867, -0.5202,0.4890,0.3082,0.6287, 32.6920,23.2330,39.4104
sensor, 0.5980,-0.2520,0.4332, 0.3290,0.2094,-0.7835, -0.5210,0.4883,0.3065,0.6295, 32.6920,23.2330,39.4104
sensor, 0.6217,-0.1506,0.4613, 0.3322,0.2051,-0.7835, -0.5216,0.4877,0.3046,0.6303, 32.6920,23.2330,39.4104
sensor, 0.6246,-0.1235,0.4423, 0.3354,0.2030,-0.7878, -0.5222,0.4872,0.3027,0.6311, 32.6920,23.2330,39.4104
sensor, 0.6362,-0.1516,0.4641, 0.3396,0.1988,-0.7878, -0.5228,0.4866,0.3008,0.6319, 31.2943,26.7258,38.0524
sensor, 0.5523,-0.1917,0.4666, 0.3428,0.1977,-0.7824, -0.5233,0.4862,0.2988,0.6329, 31.2943,26.7258,38.0524
sensor, 0.5441,-0.2484,0.4295, 0.3471,0.1977,-0.7803, -0.5239,0.4856,0.2969,0.6337, 31.2943,26.7258,38.0524
sensor, 0.4991,-0.2931,0.4290, 0.3407,0.1977,-0.7622, -0.5245,0.4850,0.2950,0.6345, 31.2943,26.7258,38.0524
sensor, 0.4788,-0.3391,0.3780, 0.3354,0.1955,-0.7515, -0.5251,0.4845,0.2931,0.6353, 30.5954,26.0269,39.4104
sensor, 0.4673,-0.3813,0.3293, 0.3290,0.1945,-0.7420, -0.5257,0.4839,0.2913,0.6361, 30.5954,26.0269,39.4104
sensor, 0.4667,-0.4133,0.3340, 0.3215,0.1977,-0.7281, -0.5262,0.4834,0.2895,0.6369, 30.5954,26.0269,39.4104
sensor, 0.4062,-0.4298,0.2843, 0.3098,0.1966,-0.7164, -0.5268,0.4828,0.2877,0.6377, 30.5954,26.0269,39.4104
sensor, 0.4529,-0.4782,0.3104, 0.2970,0.1977,-0.7036, -0.5274,0.4823,0.2859,0.6384, 31.9931,26.0269,39.4104
sensor, 0.4965,-0.4947,0.2993, 0.2853,0.1966,-0.6898, -0.5281,0.4816,0.2843,0.6390, 31.9931,26.0269,39.4104
sensor, 0.5809,-0.4662,0.2895, 0.2736,0.1934,-0.6791, -0.5287,0.4811,0.2826,0.6397, 31.9931,26.0269,39.4104
sensor, 0.6071,-0.4949,0.2786, 0.2640,0.1924,-0.6684, -0.5293,0.4805,0.2809,0.6403, 31.9931,26.0269,39.4104
sensor, 0.6454,-0.4280,0.2909, 0.2555,0.1892,-0.6642, -0.5299,0.4800,0.2793,0.6409, 29.8981,28.1219,40.7700
sensor, 0.6771,-0.4477,0.2288, 0.2491,0.1849,-0.6610, -0.5305,0.4795,0.2777,0.6415, 29.8981,28.1219,40.7700
sensor, 0.6331,-0.4241,0.2340, 0.2438,0.1806,-0.6557, -0.5311,0.4789,0.2761,0.6421, 29.8981,28.1219,40.7700
sensor, 0.6291,-0.4448,0.2386, 0.2395,0.1753,-0.6493, -0.5317,0.4784,0.2745,0.6427, 29.8981,28.1219,40.7700
sensor, 0.5938,-0.4858,0.2104, 0.2363,0.1710,-0.6418, -0.5323,0.4778,0.2729,0.6433, 28.5004,27.4231,40.7700
sensor, 0.5648,-0.4923,0.2173, 0.2267,0.1679,-0.6269, -0.5330,0.4772,0.2715,0.6438, 28.5004,27.4231,40.7700
sensor, 0.5460,-0.5177,0.1853, 0.2161,0.1668,-0.6109, -0.5336,0.4767,0.2700,0.6443, 28.5004,27.4231,40.7700
sensor, 0.5597,-0.5292,0.2030, 0.2086,0.1625,-0.5949, -0.5342,0.4761,0.2685,0.6449, 28.5004,27.4231,40.7700
sensor, 0.5979,-0.5204,0.1748, 0.1969,0.1583,-0.5779, -0.5347,0.4756,0.2671,0.6454, 29.1992,28.8208,40.7700
sensor, 0.5725,-0.5614,0.1751, 0.1884,0.1540,-0.5566, -0.5354,0.4750,0.2658,0.6458, 29.1992,28.8208,40.7700
sensor, 0.5831,-0.5516,0.1759, 0.1831,0.1476,-0.5374, -0.5359,0.4745,0.2644,0.6463, 29.1992,28.8208,40.7700
sensor, 0.6060,-0.5354,0.1843, 0.1767,0.1402,-0.5172, -0.5365,0.4740,0.2632,0.6467, 29.1992,28.8208,40.7700
sensor, 0.5627,-0.5235,0.1842, 0.1735,0.1370,-0.4991, -0.5370,0.4735,0.2619,0.6472, 29.1992,30.9158,40.0909
sensor, 0.5484,-0.5418,0.1698, 0.1703,0.1359,-0.4810, -0.5374,0.4731,0.2606,0.6476, 29.1992,30.9158,40.0909
sensor, 0.5474,-0.5114,0.1969, 0.1671,0.1327,-0.4639, -0.5379,0.4727,0.2595,0.6480, 29.1992,30.9158,40.0909
sensor, 0.5164,-0.4715,0.1849, 0.1639,0.1295,-0.4458, -0.5383,0.4722,0.2583,0.6484, 29.1992,30.9158,40.0909
sensor, 0.5361,-0.4654,0.1826, 0.1586,0.1274,-0.4320, -0.5388,0.4718,0.2573,0.6488, 28.5004,29.5181,38.7314
sensor, 0.4893,-0.4481,0.1770, 0.1586,0.1231,-0.4181, -0.5392,0.4714,0.2562,0.6491, 28.5004,29.5181,38.7314
sensor, 0.5017,-0.4584,0.2191, 0.1586,0.1220,-0.4021, -0.5396,0.4711,0.2552,0.6495, 28.5004,29.5181,38.7314
sensor, 0.5129,-0.4580,0.2003, 0.1554,0.1210,-0.3872, -0.5399,0.4707,0.2542,0.6499, 28.5004,29.5181,38.7314
sensor, 0.5003,-0.4029,0.2065, 0.1532,0.1189,-0.3702, -0.5403,0.4703,0.2532,0.6502, 27.8030,30.2170,40.0909
sensor, 0.4843,-0.4438,0.1927, 0.1554,0.1146,-0.3510, -0.5406,0.4700,0.2523,0.6505, 27.8030,30.2170,40.0909
sensor, 0.4671,-0.4438,0.2042, 0.1543,0.1125,-0.3350, -0.5409,0.4697,0.2514,0.6508, 27.8030,30.2170,40.0909
sensor, 0.4487,-0.4046,0.2129, 0.1543,0.1103,-0.3180, -0.5412,0.4694,0.2505,0.6511, 27.8030,30.2170,40.0909
sensor, 0.4143,-0.3984,0.1636, 0.1554,0.1093,-0.2977, -0.5415,0.4692,0.2496,0.6514, 27.8030,28.8208,40.0909
sensor, 0.4007,-0.3634,0.2110, 0.1554,0.1114,-0.2828, -0.5419,0.4688,0.2490,0.6516, 27.8030,28.8208,40.0909
sensor, 0.4453,-0.3443,0.1987, 0.1575,0.1114,-0.2700, -0.5421,0.4686,0.2482,0.6519, 27.8030,28.8208,40.0909
sensor, 0.4325,-0.3514,0.1899, 0.1575,0.1093,-0.2583, -0.5422,0.4684,0.2475,0.6522, 27.8030,28.8208,40.0909
sensor, 0.4053,-0.3504,0.2199, 0.1575,0.1082,-0.2466, -0.5424,0.4682,0.2467,0.6525, 27.8030,30.2170,40.0909
sensor, 0.3755,-0.3581,0.2171, 0.1554,0.1103,-0.2381, -0.5426,0.4680,0.2461,0.6527, 27.8030,30.2170,40.0909
sensor, 0.3760,-0.3142,0.2104, 0.1554,0.1167,-0.2328, -0.5428,0.4678,0.2454,0.6529, 27.8030,30.2170,40.0909
sensor, 0.4345,-0.3316,0.1586, 0.1532,0.1199,-0.2264, -0.5429,0.4677,0.2447,0.6532, 27.8030,30.2170,40.0909
sensor, 0.4650,-0.3630,0.2265, 0.1490,0.1231,-0.2178, -0.5431,0.4676,0.2440,0.6534, 29.1992,30.9158,40.7700
sensor, 0.5157,-0.3208,0.2015, 0.1468,0.1242,-0.2136, -0.5433,0.4674,0.2434,0.6535, 29.1992,30.9158,40.7700
sensor, 0.5384,-0.3029,0.1946, 0.1415,0.1231,-0.2093, -0.5435,0.4673,0.2427,0.6537, 29.1992,30.9158,40.7700
sensor, 0.5207,-0.3442,0.1803, 0.1394,0.1167,-0.1997, -0.5436,0.4672,0.2421,0.6539, 29.1992,30.9158,40.7700
sensor, 0.5011,-0.3004,0.2083, 0.1383,0.1135,-0.1934, -0.5438,0.4671,0.2414,0.6541, 25.7065,30.2170,40.0909
sensor, 0.4463,-0.3055,0.2138, 0.1362,0.1146,-0.1816, -0.5439,0.4669,0.2409,0.6543, 25.7065,30.2170,40.0909
sensor, 0.4747,-0.3340,0.1721, 0.1373,0.1125,-0.1667, -0.5440,0.4669,0.2403,0.6545, 25.7065,30.2170,40.0909
sensor, 0.4840,-0.3153,0.1687, 0.1340,0.1093,-0.1539, -0.5441,0.4668,0.2397,0.6546, 25.7065,30.2170,40.0909
sensor, 0.4992,-0.3174,0.2239, 0.1319,0.1061,-0.1412, -0.5442,0.4668,0.2391,0.6548, 27.8030,30.2170,40.7700
sensor, 0.5075,-0.2855,0.2240, 0.1287,0.1007,-0.1305, -0.5444,0.4665,0.2388,0.6549, 27.8030,30.2170,40.7700
sensor, 0.5303,-0.2785,0.1800, 0.1255,0.0965,-0.1209, -0.5445,0.4665,0.2383,0.6550, 27.8030,30.2170,40.7700
sensor, 0.4963,-0.2311,0.1329, 0.1255,0.0965,-0.1209, -0.5445,0.4665,0.2379,0.6552, 27.8030,30.2170,40.7700
sensor, 0.5239,-0.2458,0.1482, 0.1181,0.0837,-0.0996, -0.5446,0.4665,0.2374,0.6553, 26.4053,30.9158,40.0909
sensor, 0.4926,-0.2287,0.1473, 0.1181,0.0837,-0.0996, -0.5447,0.4664,0.2371,0.6554, 26.4053,30.9158,40.0909
sensor, 0.4993,-0.2099,0.2020, 0.1106,0.0794,-0.0826, -0.5447,0.4664,0.2367,0.6556, 26.4053,30.9158,40.0909
sensor, 0.4813,-0.1922,0.1627, 0.1085,0.0773,-0.0762, -0.5448,0.4663,0.2363,0.6557, 26.4053,30.9158,40.0909
sensor, 0.4635,-0.1571,0.1228, 0.1021,0.0784,-0.0698, -0.5448,0.4661,0.2360,0.6559, 28.5004,30.9158,39.4104
sensor, 0.4535,-0.1448,0.1186, 0.1021,0.0784,-0.0698, -0.5450,0.4659,0.2359,0.6559, 28.5004,30.9158,39.4104
sensor, 0.4695,-0.1254,0.1063, 0.0893,0.0773,-0.0591, -0.5451,0.4658,0.2355,0.6560, 28.5004,30.9158,39.4104
sensor, 0.4552,-0.0913,0.1400, 0.0893,0.0773,-0.0591, -0.5452,0.4657,0.2352,0.6561, 28.5004,30.9158,39.4104
sensor, 0.5027,-0.0782,0.1347, 0.0733,0.0762,-0.0549, -0.5453,0.4657,0.2350,0.6562, 25.7065,30.9158,38.0524
sensor, 0.5116,-0.0811,0.1274, 0.0733,0.0762,-0.0549, -0.5453,0.4656,0.2347,0.6563, 25.7065,30.9158,38.0524
sensor, 0.5335,-0.0335,0.1379, 0.0669,0.0730,-0.0538, -0.5454,0.4655,0.2344,0.6564, 25.7065,30.9158,38.0524
sensor, 0.5277,-0.0103,0.0842, 0.0616,0.0688,-0.0517, -0.5456,0.4654,0.2340,0.6565, 25.7065,30.9158,38.0524
sensor, 0.5144,0.0266,0.1125, 0.0510,0.0624,-0.0538, -0.5456,0.4654,0.2340,0.6565, 28.5004,30.2170,39.4104
sensor, 0.5093,0.0041,0.1188, 0.0510,0.0624,-0.0538, -0.5459,0.4651,0.2340,0.6564, 28.5004,30.2170,39.4104
sensor, 0.4851,0.0439,0.1057, 0.0456,0.0549,-0.0517, -0.5460,0.4650,0.2338,0.6565, 28.5004,30.2170,39.4104
sensor, 0.4935,0.0871,0.0915, 0.0435,0.0539,-0.0474, -0.5461,0.4649,0.2336,0.6565, 28.5004,30.2170,39.4104
sensor, 0.4865,0.0787,0.1007, 0.0392,0.0411,-0.0421, -0.5461,0.4649,0.2334,0.6566, 27.8030,32.3120,39.4104
sensor, 0.4479,0.0754,0.1361, 0.0361,0.0358,-0.0389, -0.5462,0.4648,0.2333,0.6566, 27.8030,32.3120,39.4104
sensor, 0.4631,0.0606,0.1141, 0.0339,0.0304,-0.0346, -0.5463,0.4647,0.2332,0.6567, 27.8030,32.3120,39.4104
sensor, 0.4223,0.0810,0.0709, 0.0339,0.0304,-0.0346, -0.5463,0.4646,0.2331,0.6567, 27.8030,32.3120,39.4104
sensor, 0.3598,0.1202,0.0929, 0.0307,0.0283,-0.0293, -0.5464,0.4646,0.2330,0.6568, 25.7065,32.3120,39.4104
sensor, 0.3594,0.1344,0.1263, 0.0233,0.0198,-0.0272, -0.5464,0.4646,0.2328,0.6569, 25.7065,32.3120,39.4104
sensor, 0.3904,0.1169,0.1318, 0.0211,0.0198,-0.0261, -0.5464,0.4645,0.2327,0.6569, 25.7065,32.3120,39.4104
sensor, 0.3224,0.1459,0.1603, 0.0201,0.0176,-0.0261, -0.5464,0.4645,0.2327,0.6570, 25.7065,32.3120,39.4104
sensor, 0.3362,0.1693,0.1397, 0.0179,0.0176,-0.0272, -0.5464,0.4644,0.2326,0.6570, 27.8030,31.6147,40.7700
sensor, 0.3480,0.1576,0.1443, 0.0147,0.0187,-0.0293, -0.5465,0.4642,0.2327,0.6570, 27.8030,31.6147,40.7700
sensor, 0.3373,0.1662,0.1284, 0.0147,0.0187,-0.0293, -0.5465,0.4642,0.2326,0.6571, 27.8030,31.6147,40.7700
sensor, 0.3546,0.1365,0.1525, 0.0126,0.0166,-0.0282, -0.5466,0.4641,0.2326,0.6571, 27.8030,31.6147,40.7700
sensor, 0.3089,0.1518,0.1397, 0.0137,0.0081,-0.0229, -0.5466,0.4640,0.2325,0.6572, 26.4053,31.6147,39.4104
sensor, 0.3447,0.1562,0.1324, 0.0137,0.0081,-0.0229, -0.5466,0.4639,0.2326,0.6572, 26.4053,31.6147,39.4104
sensor, 0.3223,0.1733,0.1393, 0.0116,0.0038,-0.0208, -0.5466,0.4639,0.2325,0.6572, 26.4053,31.6147,39.4104
sensor, 0.3050,0.1722,0.1255, 0.0116,-0.0015,-0.0197, -0.5466,0.4638,0.2325,0.6573, 26.4053,31.6147,39.4104
sensor, 0.2702,0.1507,0.1080, 0.0105,-0.0047,-0.0091, -0.5466,0.4638,0.2325,0.6574, 26.4053,30.2170,39.4104
sensor, 0.2298,0.1622,0.1743, 0.0083,-0.0068,-0.0069, -0.5467,0.4636,0.2327,0.6573, 26.4053,30.2170,39.4104
sensor, 0.2745,0.1502,0.1467, 0.0030,-0.0047,0.0005, -0.5466,0.4635,0.2327,0.6574, 26.4053,30.2170,39.4104
sensor, 0.3614,0.1543,0.1241, 0.0030,-0.0058,0.0069, -0.5466,0.4635,0.2327,0.6575, 26.4053,30.2170,39.4104
sensor, 0.3643,0.1686,0.1198, 0.0020,-0.0111,0.0101, -0.5466,0.4634,0.2328,0.6575, 27.1042,32.3120,39.4104
sensor, 0.4046,0.1955,0.0964, 0.0020,-0.0111,0.0101, -0.5466,0.4633,0.2328,0.6575, 27.1042,32.3120,39.4104
sensor, 0.3615,0.2284,0.1198, 0.0009,-0.0218,0.0101, -0.5466,0.4633,0.2329,0.6576, 27.1042,32.3120,39.4104
sensor, 0.3359,0.2469,0.1783, 0.0041,-0.0228,0.0091, -0.5465,0.4633,0.2330,0.6576, 27.1042,32.3120,39.4104
sensor, 0.3035,0.2566,0.1898, 0.0083,-0.0228,0.0037, -0.5464,0.4632,0.2330,0.6577, 27.1042,32.3120,39.4104
sensor, 0.3326,0.2561,0.1635, 0.0126,-0.0239,0.0037, -0.5464,0.4631,0.2331,0.6577, 27.1042,32.3120,39.4104
sensor, 0.3319,0.2531,0.1899, 0.0126,-0.0239,0.0037, -0.5463,0.4631,0.2332,0.6578, 27.1042,32.3120,39.4104
sensor, 0.3451,0.2592,0.2087, 0.0179,-0.0250,0.0005, -0.5462,0.4630,0.2332,0.6579, 27.1042,32.3120,39.4104
sensor, 0.3071,0.2370,0.1711, 0.0243,-0.0324,-0.0037, -0.5461,0.4630,0.2333,0.6580, 27.1042,30.9158,38.7314
sensor, 0.3037,0.2298,0.1964, 0.0243,-0.0324,-0.0037, -0.5461,0.4628,0.2335,0.6581, 27.1042,30.9158,38.7314
sensor, 0.2923,0.2161,0.2047, 0.0275,-0.0367,-0.0016, -0.5460,0.4627,0.2335,0.6582, 27.1042,30.9158,38.7314
sensor, 0.2684,0.1847,0.1945, 0.0265,-0.0367,-0.0016, -0.5459,0.4626,0.2336,0.6583, 27.1042,30.9158,38.7314
sensor, 0.2225,0.1946,0.2134, 0.0307,-0.0431,0.0101, -0.5458,0.4625,0.2336,0.6585, 27.1042,32.3120,39.4104
sensor, 0.2552,0.1779,0.1895, 0.0307,-0.0431,0.0101, -0.5456,0.4625,0.2338,0.6586, 27.1042,32.3120,39.4104
sensor, 0.2067,0.1529,0.2282, 0.0275,-0.0420,0.0176, -0.5455,0.4624,0.2338,0.6587, 27.1042,32.3120,39.4104
sensor, 0.2396,0.1654,0.2338, 0.0275,-0.0431,0.0176, -0.5454,0.4623,0.2339,0.6589, 27.1042,32.3120,39.4104
sensor, 0.2532,0.1734,0.2084, 0.0275,-0.0431,0.0176, -0.5453,0.4622,0.2340,0.6590, 27.1042,32.3120,39.4104
sensor, 0.2741,0.1971,0.2612, 0.0233,-0.0452,0.0165, -0.5451,0.4622,0.2341,0.6591, 27.1042,33.0109,40.0909
sensor, 0.2613,0.1904,0.2648, 0.0254,-0.0441,0.0154, -0.5450,0.4621,0.2342,0.6593, 27.1042,33.0109,40.0909
sensor, 0.3002,0.1988,0.2942, 0.0254,-0.0441,0.0154, -0.5448,0.4620,0.2344,0.6594, 27.1042,33.0109,40.0909
sensor, 0.2604,0.1775,0.2767, 0.0286,-0.0495,0.0165, -0.5447,0.4619,0.2345,0.6596, 26.4053,31.6147,39.4104
sensor, 0.2661,0.1504,0.3104, 0.0286,-0.0495,0.0165, -0.5446,0.4617,0.2346,0.6597, 26.4053,31.6147,39.4104
sensor, 0.2959,0.1977,0.3232, 0.0275,-0.0505,0.0154, -0.5444,0.4616,0.2348,0.6599, 26.4053,31.6147,39.4104
sensor, 0.3093,0.1912,0.3018, 0.0286,-0.0516,0.0154, -0.5443,0.4615,0.2349,0.6600, 26.4053,31.6147,39.4104
sensor, 0.2934,0.1698,0.2875, 0.0265,-0.0527,0.0122, -0.5441,0.4613,0.2350,0.6602, 26.4053,31.6147,39.4104
sensor, 0.2863,0.1792,0.3213, 0.0265,-0.0527,0.0122, -0.5440,0.4612,0.2352,0.6603, 26.4053,31.6147,39.4104
sensor, 0.3109,0.1983,0.3106, 0.0243,-0.0537,0.0122, -0.5439,0.4610,0.2353,0.6605, 26.4053,31.6147,39.4104
sensor, 0.2754,0.1682,0.2922, 0.0211,-0.0590,0.0122, -0.5438,0.4609,0.2354,0.6607, 26.4053,31.6147,39.4104
sensor, 0.2153,0.1349,0.3001, 0.0211,-0.0569,0.0122, -0.5436,0.4607,0.2356,0.6608, 27.1042,30.9158,39.4104
sensor, 0.1928,0.1389,0.2653, 0.0211,-0.0569,0.0122, -0.5436,0.4605,0.2359,0.6609, 27.1042,30.9158,39.4104
sensor, 0.1560,0.1191,0.3095, 0.0190,-0.0569,0.0112, -0.5435,0.4603,0.2360,0.6611, 27.1042,30.9158,39.4104
sensor, 0.1449,0.1410,0.2913, 0.0190,-0.0548,0.0133, -0.5433,0.4602,0.2361,0.6612, 27.1042,30.9158,39.4104
sensor, 0.1307,0.1497,0.2919, 0.0147,-0.0452,0.0122, -0.5432,0.4601,0.2363,0.6614, 27.1042,30.9158,38.0524
sensor, 0.1260,0.1489,0.2913, 0.0169,-0.0420,0.0091, -0.5431,0.4599,0.2365,0.6615, 27.1042,30.9158,38.0524
sensor, 0.1377,0.1835,0.2977, 0.0169,-0.0409,0.0080, -0.5430,0.4598,0.2366,0.6616, 27.1042,30.9158,38.0524
sensor, 0.1503,0.1685,0.3390, 0.0158,-0.0356,0.0048, -0.5429,0.4597,0.2367,0.6618, 27.1042,30.9158,38.0524
sensor, 0.1539,0.1516,0.2857, 0.0137,-0.0345,0.0016, -0.5427,0.4596,0.2368,0.6619, 26.4053,30.9158,39.4104
sensor, 0.1241,0.1420,0.3421, 0.0116,-0.0345,-0.0005, -0.5427,0.4594,0.2370,0.6620, 26.4053,30.9158,39.4104
sensor, 0.1620,0.1494,0.3073, 0.0105,-0.0314,0.0005, -0.5426,0.4593,0.2371,0.6621, 26.4053,30.9158,39.4104
sensor, 0.1479,0.1452,0.3198, 0.0116,-0.0292,-0.0005, -0.5425,0.4592,0.2372,0.6623, 26.4053,30.9158,39.4104
sensor, 0.1574,0.1627,0.2969, 0.0116,-0.0292,0.0005, -0.5424,0.4591,0.2373,0.6624, 27.8030,31.6147,38.7314
sensor, 0.1940,0.1468,0.2636, 0.0105,-0.0292,-0.0005, -0.5424,0.4589,0.2375,0.6625, 27.8030,31.6147,38.7314
sensor, 0.1793,0.1572,0.2779, 0.0126,-0.0292,-0.0016, -0.5423,0.4588,0.2376,0.6626, 27.8030,31.6147,38.7314
sensor, 0.1499,0.1667,0.2812, 0.0126,-0.0271,-0.0027, -0.5422,0.4587,0.2377,0.6627, 27.8030,31.6147,38.7314
sensor, 0.1486,0.1654,0.2773, 0.0126,-0.0271,-0.0027, -0.5421,0.4586,0.2378,0.6628, 27.8030,30.2170,40.7700
sensor, 0.1437,0.1776,0.2624, 0.0147,-0.0282,-0.0027, -0.5422,0.4582,0.2382,0.6628, 27.8030,30.2170,40.7700
sensor, 0.1454,0.1893,0.2911, 0.0158,-0.0282,-0.0037, -0.5421,0.4582,0.2382,0.6629, 27.8030,30.2170,40.7700
sensor, 0.1607,0.1808,0.2601, 0.0201,-0.0196,-0.0059, -0.5420,0.4581,0.2383,0.6630, 27.8030,30.2170,40.7700
sensor, 0.1363,0.1624,0.2509, 0.0201,-0.0196,-0.0059, -0.5419,0.4580,0.2384,0.6632, 27.1042,33.0109,38.7314
sensor, 0.1333,0.1881,0.2500, 0.0211,-0.0186,-0.0080, -0.5417,0.4580,0.2383,0.6633, 27.1042,33.0109,38.7314
sensor, 0.1323,0.1800,0.2755, 0.0211,-0.0143,-0.0080, -0.5416,0.4580,0.2384,0.6634, 27.1042,33.0109,38.7314
sensor, 0.1238,0.1908,0.2896, 0.0211,-0.0143,-0.0080, -0.5415,0.4579,0.2384,0.6635, 27.1042,33.0109,38.7314
sensor, 0.1329,0.1944,0.2628, 0.0265,-0.0122,-0.0112, -0.5414,0.4579,0.2384,0.6637, 27.8030,30.9158,39.4104
sensor, 0.1134,0.1616,0.2140, 0.0297,-0.0111,-0.0122, -0.5414,0.4577,0.2387,0.6637, 27.8030,30.9158,39.4104
sensor, 0.1003,0.1779,0.2865, 0.0318,-0.0090,-0.0101, -0.5413,0.4576,0.2387,0.6638, 27.8030,30.9158,39.4104
sensor, 0.1025,0.1671,0.2417, 0.0318,-0.0090,-0.0101, -0.5411,0.4576,0.2387,0.6640, 27.8030,30.9158,39.4104
sensor, 0.1180,0.1445,0.2560, 0.0329,-0.0026,-0.0112, -0.5410,0.4575,0.2387,0.6641, 25.7065,32.3120,38.7314
sensor, 0.0497,0.1496,0.2044, 0.0361,0.0027,-0.0091, -0.5408,0.4576,0.2386,0.6642, 25.7065,32.3120,38.7314
sensor, 0.0615,0.1417,0.2501, 0.0392,0.0091,-0.0101, -0.5407,0.4576,0.2386,0.6643, 25.7065,32.3120,38.7314
sensor, 0.0967,0.1076,0.2452, 0.0392,0.0091,-0.0101, -0.5406,0.4576,0.2386,0.6644, 25.7065,32.3120,38.7314
sensor, 0.0833,0.1322,0.1912, 0.0392,0.0134,-0.0059, -0.5405,0.4576,0.2385,0.6645, 28.5004,30.2170,38.0524
sensor, 0.0842,0.0945,0.1686, 0.0392,0.0134,-0.0059, -0.5406,0.4574,0.2387,0.6645, 28.5004,30.2170,38.0524
sensor, 0.1359,0.0750,0.1769, 0.0371,0.0187,-0.0048, -0.5405,0.4574,0.2387,0.6646, 28.5004,30.2170,38.0524
sensor, 0.1264,0.1303,0.1626, 0.0371,0.0208,-0.0037, -0.5404,0.4574,0.2387,0.6647, 28.5004,30.2170,38.0524
sensor, 0.1105,0.1156,0.1953, 0.0414,0.0219,-0.0005, -0.5403,0.4574,0.2386,0.6648, 27.1042,30.9158,38.7314
sensor, 0.1487,0.1414,0.1913, 0.0392,0.0219,-0.0016, -0.5403,0.4573,0.2387,0.6648, 27.1042,30.9158,38.7314
sensor, 0.1465,0.1050,0.2037, 0.0392,0.0240,-0.0016, -0.5402,0.4574,0.2387,0.6649, 27.1042,30.9158,38.7314
sensor, 0.1272,0.1119,0.1850, 0.0403,0.0230,-0.0027, -0.5401,0.4574,0.2386,0.6649, 27.1042,30.9158,38.7314
sensor, 0.1694,0.0988,0.1422, 0.0424,0.0230,-0.0005, -0.5400,0.4574,0.2386,0.6650, 27.8030,32.3120,39.4104
sensor, 0.1508,0.1162,0.1795, 0.0424,0.0230,-0.0005, -0.5400,0.4574,0.2386,0.6651, 27.8030,32.3120,39.4104
sensor, 0.1646,0.1300,0.1620, 0.0382,0.0208,0.0005, -0.5399,0.4574,0.2386,0.6651, 27.8030,32.3120,39.4104
sensor, 0.1603,0.0949,0.1755, 0.0361,0.0219,-0.0016, -0.5398,0.4574,0.2385,0.6652, 27.8030,32.3120,39.4104
sensor, 0.1322,0.0576,0.1817, 0.0382,0.0208,-0.0005, -0.5397,0.4574,0.2385,0.6653, 27.1042,31.6147,40.0909
sensor, 0.1380,0.0846,0.1526, 0.0382,0.0230,0.0037, -0.5397,0.4573,0.2386,0.6653, 27.1042,31.6147,40.0909
sensor, 0.1723,0.1036,0.1546, 0.0382,0.0230,0.0037, -0.5396,0.4574,0.2385,0.6654, 27.1042,31.6147,40.0909
sensor, 0.1462,0.1242,0.1133, 0.0414,0.0240,-0.0005, -0.5396,0.4574,0.2385,0.6654, 27.1042,31.6147,40.0909
sensor, 0.1636,0.1140,0.1630, 0.0424,0.0219,-0.0016, -0.5395,0.4574,0.2384,0.6655, 26.4053,32.3120,38.7314
sensor, 0.0725,0.1041,0.1475, 0.0446,0.0230,-0.0059, -0.5394,0.4575,0.2383,0.6656, 26.4053,32.3120,38.7314
sensor, 0.0127,0.0554,0.1206, 0.0456,0.0294,-0.0069, -0.5393,0.4575,0.2383,0.6656, 26.4053,32.3120,38.7314
sensor, -0.0701,0.0570,0.1381, 0.0456,0.0294,-0.0069, -0.5392,0.4576,0.2382,0.6657, 26.4053,32.3120,38.7314
sensor, -0.1157,0.0471,0.1321, 0.0424,0.0421,-0.0080, -0.5391,0.4577,0.2381,0.6658, 27.8030,32.3120,39.4104
sensor, -0.1342,0.0446,0.1097, 0.0424,0.0421,-0.0080, -0.5390,0.4577,0.2381,0.6658, 27.8030,32.3120,39.4104
sensor, -0.1124,-0.0066,0.1341, 0.0403,0.0528,-0.0059, -0.5390,0.4577,0.2381,0.6658, 27.8030,32.3120,39.4104
sensor, -0.1361,0.0101,0.0951, 0.0297,0.0741,-0.0016, -0.5390,0.4578,0.2380,0.6658, 27.8030,32.3120,39.4104
sensor, -0.1311,0.0223,0.0705, 0.0254,0.0826,0.0037, -0.5389,0.4580,0.2379,0.6657, 26.4053,30.9158,40.0909
sensor, -0.0939,0.0430,0.1257, 0.0254,0.0826,0.0037, -0.5390,0.4580,0.2379,0.6656, 26.4053,30.9158,40.0909
sensor, -0.0963,0.0199,0.1144, 0.0126,0.1007,0.0037, -0.5390,0.4582,0.2378,0.6656, 26.4053,30.9158,40.0909
sensor, -0.0575,0.0775,0.1498, 0.0126,0.1007,0.0037, -0.5390,0.4584,0.2377,0.6655, 26.4053,30.9158,40.0909
sensor, 0.0187,0.0881,0.1246, 0.0094,0.1114,0.0016, -0.5389,0.4586,0.2376,0.6654, 27.8030,33.7097,41.4505
sensor, 0.0500,0.1349,0.1576, 0.0094,0.1135,-0.0005, -0.5390,0.4587,0.2375,0.6653, 27.8030,33.7097,41.4505
sensor, 0.1056,0.1419,0.1609, 0.0094,0.1199,-0.0037, -0.5390,0.4589,0.2373,0.6653, 27.8030,33.7097,41.4505
sensor, 0.1472,0.1728,0.1613, 0.0094,0.1199,-0.0037, -0.5390,0.4591,0.2372,0.6652, 27.8030,33.7097,41.4505
sensor, 0.1712,0.1811,0.1720, 0.0094,0.1199,-0.0133, -0.5390,0.4593,0.2370,0.6651, 27.8030,31.6147,38.7314
sensor, 0.2411,0.1501,0.1315, 0.0094,0.1199,-0.0133, -0.5391,0.4594,0.2370,0.6650, 27.8030,31.6147,38.7314
sensor, 0.3095,0.1764,0.1421, 0.0083,0.1178,-0.0208, -0.5391,0.4595,0.2368,0.6649, 27.8030,31.6147,38.7314
sensor, 0.3404,0.1716,0.1570, 0.0083,0.1178,-0.0208, -0.5392,0.4597,0.2367,0.6648, 27.8030,31.6147,38.7314
sensor, 0.3309,0.1607,0.1508, 0.0158,0.1029,-0.0282, -0.5393,0.4598,0.2365,0.6647, 28.5004,30.2170,39.4104
sensor, 0.3217,0.1700,0.1386, 0.0190,0.0954,-0.0336, -0.5395,0.4596,0.2366,0.6646, 28.5004,30.2170,39.4104
sensor, 0.2498,0.1553,0.1645, 0.0254,0.0922,-0.0378, -0.5396,0.4597,0.2364,0.6646, 28.5004,30.2170,39.4104
sensor, 0.1853,0.1439,0.1585, 0.0254,0.0922,-0.0378, -0.5396,0.4598,0.2362,0.6646, 28.5004,30.2170,39.4104
sensor, 0.1613,0.0890,0.1769, 0.0307,0.0901,-0.0400, -0.5396,0.4599,0.2361,0.6646, 27.1042,30.9158,39.4104
sensor, 0.1052,0.0681,0.1261, 0.0329,0.0911,-0.0431, -0.5398,0.4598,0.2360,0.6645, 27.1042,30.9158,39.4104
sensor, 0.0957,0.0441,0.0958, 0.0371,0.0869,-0.0346, -0.5398,0.4599,0.2358,0.6645, 27.1042,30.9158,39.4104
sensor, 0.0192,-0.0310,0.1131, 0.0371,0.0869,-0.0346, -0.5398,0.4600,0.2356,0.6645, 27.1042,30.9158,39.4104
sensor, 0.0168,-0.0766,0.0960, 0.0446,0.0858,0.0027, -0.5398,0.4600,0.2355,0.6645, 25.7065,32.3120,40.7700
sensor, -0.0255,-0.0830,0.1221, 0.0478,0.0880,0.0261, -0.5398,0.4601,0.2353,0.6645, 25.7065,32.3120,40.7700
sensor, 0.0300,-0.0507,0.1027, 0.0488,0.0911,0.0389, -0.5397,0.4603,0.2352,0.6644, 25.7065,32.3120,40.7700
sensor, 0.1052,-0.0188,0.0859, 0.0392,0.0943,0.0410, -0.5397,0.4605,0.2351,0.6644, 25.7065,32.3120,40.7700
sensor, 0.2046,0.0253,0.0627, 0.0286,0.0943,0.0346, -0.5396,0.4606,0.2350,0.6643, 27.1042,31.6147,38.7314
sensor, 0.2512,0.0208,0.0291, 0.0190,0.0901,0.0240, -0.5397,0.4607,0.2351,0.6642, 27.1042,31.6147,38.7314
sensor, 0.2863,0.0351,0.0694, 0.0126,0.0880,0.0165, -0.5397,0.4609,0.2350,0.6642, 27.1042,31.6147,38.7314
sensor, 0.3210,0.0538,0.0474, 0.0062,0.0858,0.0122, -0.5398,0.4610,0.2349,0.6641, 27.1042,31.6147,38.7314
sensor, 0.3380,0.0668,0.1117, 0.0062,0.0741,0.0069, -0.5398,0.4611,0.2348,0.6640, 28.5004,30.9158,39.4104
sensor, 0.3564,0.0571,0.0756, 0.0052,0.0677,0.0048, -0.5400,0.4609,0.2349,0.6638, 28.5004,30.9158,39.4104
sensor, 0.3651,0.0849,0.0747, 0.0041,0.0592,0.0037, -0.5401,0.4610,0.2349,0.6638, 28.5004,30.9158,39.4104
sensor, 0.3654,0.0781,0.0533, 0.0073,0.0539,0.0048, -0.5402,0.4610,0.2348,0.6637, 28.5004,30.9158,39.4104
sensor, 0.3411,0.0733,0.0756, 0.0105,0.0454,0.0069, -0.5402,0.4611,0.2347,0.6637, 26.4053,32.3120,40.7700
sensor, 0.4091,0.0691,0.0501, 0.0137,0.0358,0.0080, -0.5403,0.4610,0.2347,0.6637, 26.4053,32.3120,40.7700
sensor, 0.3907,0.0584,0.0778, 0.0137,0.0283,0.0069, -0.5403,0.4610,0.2347,0.6636, 26.4053,32.3120,40.7700
sensor, 0.4006,0.0723,0.0219, 0.0137,0.0283,0.0069, -0.5404,0.4610,0.2347,0.6636, 26.4053,32.3120,40.7700
sensor, 0.3744,0.0820,0.0628, 0.0094,0.0187,0.0037, -0.5404,0.4610,0.2346,0.6636, 27.1042,32.3120,39.4104
sensor, 0.2912,0.0532,0.0536, 0.0137,-0.0005,-0.0016, -0.5405,0.4609,0.2347,0.6636, 27.1042,32.3120,39.4104
sensor, 0.2344,0.0448,0.0130, 0.0105,-0.0026,-0.0005, -0.5405,0.4608,0.2347,0.6637, 27.1042,32.3120,39.4104
sensor, 0.1716,0.0310,0.0308, 0.0126,-0.0037,0.0005, -0.5405,0.4608,0.2347,0.6637, 27.1042,32.3120,39.4104
sensor, 0.1192,0.0192,0.0084, 0.0116,-0.0047,0.0005, -0.5405,0.4608,0.2347,0.6637, 27.1042,31.6147,40.0909
sensor, 0.1568,-0.0202,0.0034, 0.0083,-0.0058,0.0005, -0.5406,0.4606,0.2348,0.6637, 27.1042,31.6147,40.0909
sensor, 0.1253,-0.0241,0.0086, 0.0062,-0.0058,0.0048, -0.5406,0.4606,0.2348,0.6637, 27.1042,31.6147,40.0909
sensor, 0.1408,0.0123,0.0015, 0.0094,-0.0058,0.0080, -0.5406,0.4605,0.2348,0.6637, 27.1042,31.6147,40.0909
sensor, 0.1384,0.0088,0.0416, 0.0073,-0.0101,0.0101, -0.5406,0.4605,0.2348,0.6637, 25.7065,32.3120,40.0909
sensor, 0.1414,0.0356,0.0413, 0.0030,-0.0111,0.0101, -0.5406,0.4605,0.2349,0.6638, 25.7065,32.3120,40.0909
sensor, 0.1618,0.0450,0.0379, 0.0030,-0.0111,0.0101, -0.5406,0.4604,0.2349,0.6638, 25.7065,32.3120,40.0909
sensor, 0.1426,0.0104,0.0657, 0.0030,-0.0154,0.0091, -0.5405,0.4604,0.2349,0.6638, 25.7065,32.3120,40.0909
sensor, 0.1450,0.0029,0.0595, 0.0030,-0.0196,0.0144, -0.5405,0.4604,0.2350,0.6638, 27.1042,31.6147,40.0909
sensor, 0.1526,-0.0060,0.0449, 0.0030,-0.0196,0.0144, -0.5406,0.4602,0.2352,0.6638, 27.1042,31.6147,40.0909
sensor, 0.1406,-0.0220,0.0536, 0.0041,-0.0282,0.0218, -0.5406,0.4601,0.2352,0.6639, 27.1042,31.6147,40.0909
sensor, 0.1513,0.0287,0.0357, 0.0041,-0.0282,0.0218, -0.5406,0.4601,0.2353,0.6639, 27.1042,31.6147,40.0909
sensor, 0.1093,-0.0042,-0.0008, -0.0012,-0.0356,0.0293, -0.5405,0.4600,0.2354,0.6639, 27.8030,31.6147,41.4505
sensor, 0.0646,0.0201,0.0146, -0.0023,-0.0367,0.0293, -0.5407,0.4598,0.2357,0.6639, 27.8030,31.6147,41.4505
sensor, 0.0144,0.0230,0.0526, -0.0034,-0.0324,0.0314, -0.5406,0.4597,0.2358,0.6639, 27.8030,31.6147,41.4505
sensor, 0.0133,0.0445,0.0463, -0.0044,-0.0292,0.0346, -0.5406,0.4597,0.2360,0.6639, 27.8030,31.6147,41.4505
sensor, 0.0275,0.0147,0.0307, -0.0055,-0.0271,0.0368, -0.5405,0.4597,0.2361,0.6639, 27.1042,33.7097,40.0909
sensor, 0.0880,0.0620,0.0258, -0.0044,-0.0271,0.0421, -0.5404,0.4597,0.2361,0.6640, 27.1042,33.7097,40.0909
sensor, 0.0983,0.0669,0.0348, -0.0034,-0.0292,0.0410, -0.5403,0.4597,0.2362,0.6640, 27.1042,33.7097,40.0909
sensor, 0.0952,0.0789,0.0398, -0.0012,-0.0303,0.0389, -0.5403,0.4597,0.2364,0.6640, 27.1042,33.7097,40.0909
sensor, 0.0635,0.0996,0.0150, -0.0012,-0.0250,0.0346, -0.5402,0.4597,0.2365,0.6640, 26.4053,32.3120,40.7700
sensor, 0.0685,0.1308,0.0890, -0.0002,-0.0228,0.0293, -0.5402,0.4597,0.2366,0.6640, 26.4053,32.3120,40.7700
sensor, 0.0332,0.1322,0.0861, 0.0030,-0.0196,0.0240, -0.5401,0.4597,0.2367,0.6640, 26.4053,32.3120,40.7700
sensor, 0.0904,0.0943,0.0967, 0.0030,-0.0196,0.0208, -0.5400,0.4598,0.2368,0.6641, 26.4053,32.3120,40.7700
sensor, 0.0580,0.1228,0.0664, 0.0041,-0.0207,0.0176, -0.5399,0.4597,0.2369,0.6641, 27.1042,31.6147,40.0909
sensor, 0.0894,0.1151,0.0235, 0.0052,-0.0228,0.0165, -0.5399,0.4596,0.2371,0.6641, 27.1042,31.6147,40.0909
sensor, 0.1091,0.0979,0.1023, 0.0052,-0.0228,0.0165, -0.5398,0.4596,0.2372,0.6641, 27.1042,31.6147,40.0909
sensor, 0.0758,0.0774,0.1113, 0.0052,-0.0239,0.0197, -0.5398,0.4596,0.2372,0.6642, 27.1042,31.6147,40.0909
sensor, 0.0404,0.0873,0.0809, -0.0002,-0.0250,0.0229, -0.5397,0.4596,0.2373,0.6642, 27.1042,32.3120,38.0524
sensor, 0.0066,0.0552,0.0665, -0.0012,-0.0228,0.0261, -0.5396,0.4596,0.2374,0.6642, 27.1042,32.3120,38.0524
sensor, 0.0037,0.0767,0.1105, -0.0012,-0.0228,0.0261, -0.5395,0.4596,0.2375,0.6643, 27.1042,32.3120,38.0524
sensor, -0.0404,0.0628,0.1276, -0.0023,-0.0207,0.0282, -0.5395,0.4596,0.2376,0.6643, 27.1042,32.3120,38.0524
sensor, -0.0285,0.0991,0.1102, -0.0023,-0.0154,0.0336, -0.5394,0.4596,0.2377,0.6643, 27.1042,30.9158,40.0909
sensor, -0.0200,0.1015,0.1181, -0.0002,-0.0101,0.0346, -0.5394,0.4595,0.2380,0.6643, 27.1042,30.9158,40.0909
sensor, -0.0045,0.1011,0.1509, 0.0020,-0.0058,0.0336, -0.5393,0.4595,0.2381,0.6643, 27.1042,30.9158,40.0909
sensor, -0.0235,0.1308,0.1239, 0.0020,-0.0058,0.0336, -0.5392,0.4596,0.2382,0.6643, 27.1042,30.9158,40.0909
sensor, -0.0243,0.1320,0.1376, 0.0009,-0.0005,0.0314, -0.5391,0.4596,0.2383,0.6643, 27.1042,33.0109,39.4104
sensor, -0.0019,0.1512,0.1309, 0.0030,0.0027,0.0240, -0.5389,0.4597,0.2383,0.6644, 27.1042,33.0109,39.4104
sensor, 0.0212,0.1400,0.1336, 0.0041,0.0070,0.0186, -0.5388,0.4598,0.2384,0.6644, 27.1042,33.0109,39.4104
sensor, 0.0202,0.1743,0.1581, 0.0041,0.0123,0.0165, -0.5388,0.4598,0.2385,0.6644, 27.1042,33.0109,39.4104
sensor, -0.0005,0.1471,0.1681, 0.0062,0.0123,0.0112, -0.5387,0.4599,0.2385,0.6644, 26.4053,33.0109,39.4104
sensor, -0.0035,0.1734,0.1415, 0.0062,0.0123,0.0112, -0.5385,0.4600,0.2384,0.6645, 26.4053,33.0109,39.4104
sensor, -0.0537,0.1315,0.1598, 0.0147,0.0176,0.0080, -0.5384,0.4601,0.2385,0.6645, 26.4053,33.0109,39.4104
sensor, -0.0686,0.1130,0.1460, 0.0147,0.0176,0.0080, -0.5383,0.4601,0.2385,0.6645, 26.4053,33.0109,39.4104
sensor, -0.0785,0.1251,0.2058, 0.0190,0.0294,0.0059, -0.5383,0.4602,0.2385,0.6646, 25.7065,32.3120,40.7700
sensor, -0.0771,0.1163,0.1768, 0.0222,0.0336,0.0091, -0.5382,0.4602,0.2386,0.6646, 25.7065,32.3120,40.7700
sensor, -0.0969,0.1193,0.1514, 0.0265,0.0390,0.0101, -0.5381,0.4603,0.2386,0.6646, 25.7065,32.3120,40.7700
sensor, -0.1145,0.1175,0.1623, 0.0307,0.0454,0.0133, -0.5380,0.4604,0.2386,0.6646, 25.7065,32.3120,40.7700
sensor, -0.1604,0.1239,0.1733, 0.0361,0.0517,0.0144, -0.5379,0.4604,0.2386,0.6646, 27.1042,30.9158,39.4104
sensor, -0.0866,0.1048,0.1740, 0.0361,0.0517,0.0144, -0.5379,0.4604,0.2388,0.6645, 27.1042,30.9158,39.4104
sensor, -0.0465,0.0995,0.1249, 0.0435,0.0624,0.0122, -0.5379,0.4605,0.2388,0.6645, 27.1042,30.9158,39.4104
sensor, 0.0136,0.0865,0.1338, 0.0435,0.0624,0.0122, -0.5378,0.4606,0.2388,0.6645, 27.1042,30.9158,39.4104
sensor, 0.0201,0.0603,0.1222, 0.0467,0.0656,0.0133, -0.5377,0.4608,0.2387,0.6645, 27.8030,31.6147,39.4104
sensor, 0.0508,0.0482,0.1454, 0.0467,0.0656,0.0144, -0.5377,0.4608,0.2387,0.6645, 27.8030,31.6147,39.4104
sensor, 0.0350,0.0300,0.1508, 0.0467,0.0656,0.0144, -0.5376,0.4609,0.2386,0.6645, 27.8030,31.6147,39.4104
sensor, 0.0446,0.0281,0.1221, 0.0499,0.0656,0.0144, -0.5375,0.4611,0.2385,0.6645, 27.8030,31.6147,39.4104
sensor, 0.0645,0.0310,0.1145, 0.0488,0.0677,0.0176, -0.5374,0.4612,0.2384,0.6645, 27.1042,33.7097,39.4104
sensor, 0.0923,0.0419,0.1277, 0.0499,0.0677,0.0165, -0.5373,0.4614,0.2383,0.6646, 27.1042,33.7097,39.4104
sensor, 0.0931,0.0581,0.0946, 0.0499,0.0645,0.0154, -0.5372,0.4615,0.2382,0.6646, 27.1042,33.7097,39.4104
sensor, 0.1689,0.0280,0.1154, 0.0499,0.0645,0.0154, -0.5371,0.4617,0.2381,0.6646, 27.1042,33.7097,39.4104
sensor, 0.1374,0.0404,0.1082, 0.0510,0.0613,0.0144, -0.5371,0.4618,0.2380,0.6646, 27.8030,31.6147,39.4104
sensor, 0.1157,0.0279,0.0870, 0.0510,0.0539,0.0080, -0.5371,0.4617,0.2380,0.6646, 27.8030,31.6147,39.4104
sensor, 0.1087,0.0363,0.0610, 0.0510,0.0539,0.0080, -0.5370,0.4618,0.2379,0.6646, 27.8030,31.6147,39.4104
sensor, 0.1352,0.0114,0.0878, 0.0499,0.0560,0.0059, -0.5370,0.4619,0.2378,0.6646, 27.8030,31.6147,39.4104
sensor, 0.1267,0.0177,0.0757, 0.0478,0.0528,0.0037, -0.5369,0.4620,0.2377,0.6646, 27.1042,31.6147,40.0909
sensor, 0.1316,0.0172,0.0684, 0.0478,0.0528,0.0037, -0.5370,0.4620,0.2377,0.6646, 27.1042,31.6147,40.0909
sensor, 0.1567,-0.0118,0.0459, 0.0488,0.0507,0.0016, -0.5369,0.4621,0.2376,0.6646, 27.1042,31.6147,40.0909
sensor, 0.1245,-0.0162,0.0214, 0.0456,0.0475,0.0016, -0.5369,0.4621,0.2375,0.6647, 27.1042,31.6147,40.0909
sensor, 0.1354,-0.0259,0.0410, 0.0403,0.0411,0.0016, -0.5369,0.4622,0.2374,0.6647, 27.1042,32.3120,40.0909
sensor, 0.1714,-0.0145,0.0556, 0.0403,0.0411,0.0016, -0.5369,0.4622,0.2373,0.6647, 27.1042,32.3120,40.0909
sensor, 0.1302,-0.0052,0.0321, 0.0339,0.0347,0.0016, -0.5369,0.4622,0.2373,0.6647, 27.1042,32.3120,40.0909
sensor, 0.1295,-0.0287,0.0181, 0.0339,0.0347,0.0016, -0.5369,0.4623,0.2372,0.6647, 27.1042,32.3120,40.0909
sensor, 0.1216,-0.0293,0.0563, 0.0318,0.0283,0.0005, -0.5369,0.4623,0.2371,0.6647, 26.4053,32.3120,38.7314
sensor, 0.0907,-0.0195,0.0356, 0.0307,0.0304,0.0037, -0.5369,0.4623,0.2370,0.6647, 26.4053,32.3120,38.7314
sensor, 0.0785,-0.0139,0.0560, 0.0307,0.0294,0.0069, -0.5368,0.4624,0.2370,0.6648, 26.4053,32.3120,38.7314
sensor, 0.0937,-0.0307,0.0346, 0.0307,0.0294,0.0069, -0.5368,0.4624,0.2369,0.6648, 26.4053,32.3120,38.7314
sensor, 0.1218,-0.0277,0.0282, 0.0243,0.0315,0.0048, -0.5368,0.4624,0.2368,0.6648, 25.7065,34.4086,39.4104
sensor, 0.0876,-0.0347,0.0226, 0.0243,0.0272,0.0027, -0.5366,0.4626,0.2366,0.6649, 25.7065,34.4086,39.4104
sensor, 0.1190,-0.0089,0.0195, 0.0201,0.0262,0.0005, -0.5366,0.4627,0.2365,0.6649, 25.7065,34.4086,39.4104
sensor, 0.0927,-0.0153,0.0070, 0.0179,0.0272,-0.0005, -0.5366,0.4627,0.2365,0.6649, 25.7065,34.4086,39.4104
sensor, 0.0694,-0.0354,0.0389, 0.0137,0.0272,-0.0005, -0.5366,0.4627,0.2364,0.6649, 25.7065,33.7097,39.4104
sensor, 0.0711,-0.0088,0.0268, 0.0083,0.0272,-0.0037, -0.5366,0.4628,0.2362,0.6649, 25.7065,33.7097,39.4104
sensor, 0.1078,-0.0132,0.0221, 0.0083,0.0262,-0.0059, -0.5366,0.4628,0.2362,0.6649, 25.7065,33.7097,39.4104
sensor, 0.0960,-0.0140,0.0499, 0.0083,0.0262,-0.0059, -0.5366,0.4629,0.2361,0.6649, 25.7065,33.7097,39.4104
sensor, 0.0879,-0.0450,0.0764, 0.0062,0.0262,-0.0069, -0.5366,0.4629,0.2361,0.6649, 25.7065,33.0109,39.4104
sensor, 0.0897,0.0123,0.0613, 0.0052,0.0230,-0.0080, -0.5366,0.4629,0.2360,0.6649, 25.7065,33.0109,39.4104
sensor, 0.0683,-0.0084,0.0389, 0.0009,0.0219,-0.0059, -0.5366,0.4629,0.2359,0.6649, 25.7065,33.0109,39.4104
sensor, 0.0944,-0.0068,0.0576, -0.0012,0.0230,-0.0048, -0.5367,0.4629,0.2359,0.6649, 25.7065,33.0109,39.4104
sensor, 0.0908,0.0023,0.0288, -0.0023,0.0176,0.0037, -0.5367,0.4629,0.2359,0.6649, 25.7065,31.6147,41.4505
sensor, 0.1400,0.0012,0.0641, -0.0023,0.0176,0.0037, -0.5368,0.4628,0.2360,0.6648, 25.7065,31.6147,41.4505
sensor, 0.1420,0.0011,0.1079, -0.0012,0.0113,0.0059, -0.5368,0.4628,0.2360,0.6648, 25.7065,31.6147,41.4505
sensor, 0.1336,0.0168,0.0572, -0.0023,0.0070,0.0080, -0.5368,0.4627,0.2360,0.6648, 25.7065,31.6147,41.4505
sensor, 0.1564,0.0419,0.0824, -0.0023,0.0017,0.0059, -0.5368,0.4627,0.2360,0.6648, 25.0092,33.0109,40.0909
sensor, 0.1718,0.0146,0.0883, 0.0009,-0.0047,0.0048, -0.5368,0.4627,0.2360,0.6649, 25.0092,33.0109,40.0909
sensor, 0.1769,0.0551,0.0919, 0.0030,-0.0079,0.0016, -0.5368,0.4627,0.2360,0.6649, 25.0092,33.0109,40.0909
sensor, 0.1049,0.0448,0.0537, 0.0030,-0.0079,0.0016, -0.5368,0.4626,0.2360,0.6649, 25.0092,33.0109,40.0909
sensor, 0.0856,0.0726,0.0514, 0.0062,-0.0132,0.0005, -0.5368,0.4626,0.2361,0.6650, 27.1042,32.3120,40.7700
sensor, 0.0444,0.0492,0.0872, 0.0062,-0.0132,0.0005, -0.5368,0.4625,0.2362,0.6650, 27.1042,32.3120,40.7700
sensor, 0.0507,0.0538,0.0752, 0.0105,-0.0164,0.0080, -0.5367,0.4625,0.2362,0.6650, 27.1042,32.3120,40.7700
sensor, 0.1001,0.0025,0.0157, 0.0105,-0.0164,0.0080, -0.5367,0.4624,0.2363,0.6650, 27.1042,32.3120,40.7700
sensor, 0.1056,-0.0056,0.0157, 0.0116,-0.0175,0.0154, -0.5367,0.4624,0.2363,0.6651, 27.1042,33.0109,40.0909
sensor, 0.0959,0.0282,0.0026, 0.0116,-0.0175,0.0154, -0.5366,0.4624,0.2364,0.6651, 27.1042,33.0109,40.0909
sensor, 0.0371,0.0179,0.0365, 0.0094,-0.0207,0.0186, -0.5366,0.4623,0.2364,0.6651, 27.1042,33.0109,40.0909
sensor, -0.0150,0.0254,0.0382, 0.0094,-0.0207,0.0186, -0.5366,0.4623,0.2365,0.6652, 27.1042,33.0109,40.0909
sensor, -0.0637,0.0342,0.0305, 0.0147,-0.0186,0.0176, -0.5365,0.4623,0.2365,0.6652, 27.1042,33.0109,38.7314
sensor, -0.0957,0.0661,0.0383, 0.0147,-0.0186,0.0176, -0.5364,0.4624,0.2365,0.6653, 27.1042,33.0109,38.7314
sensor, -0.1453,0.0554,0.0657, 0.0211,0.0006,0.0144, -0.5363,0.4624,0.2366,0.6653, 27.1042,33.0109,38.7314
sensor, -0.1287,0.0643,0.0537, 0.0222,0.0091,0.0101, -0.5362,0.4625,0.2366,0.6653, 27.1042,33.0109,38.7314
sensor, -0.0782,0.0501,0.0697, 0.0201,0.0134,0.0091, -0.5361,0.4626,0.2366,0.6654, 25.7065,32.3120,40.7700
sensor, 0.0071,0.0324,0.0691, 0.0201,0.0176,0.0016, -0.5360,0.4626,0.2366,0.6654, 25.7065,32.3120,40.7700
sensor, 0.0842,0.0259,0.0308, 0.0211,0.0198,-0.0016, -0.5360,0.4626,0.2366,0.6654, 25.7065,32.3120,40.7700
sensor, 0.0840,0.0502,0.0710, 0.0190,0.0187,-0.0048, -0.5360,0.4627,0.2365,0.6654, 25.7065,32.3120,40.7700
sensor, 0.0858,0.0365,0.0659, 0.0201,0.0176,-0.0069, -0.5360,0.4626,0.2365,0.6654, 27.1042,31.6147,39.4104
sensor, 0.0676,0.0603,0.0596, 0.0201,0.0176,-0.0069, -0.5361,0.4625,0.2366,0.6654, 27.1042,31.6147,39.4104
sensor, 0.0442,0.0074,0.0614, 0.0222,0.0176,-0.0101, -0.5361,0.4625,0.2367,0.6654, 27.1042,31.6147,39.4104
sensor, 0.0222,0.0280,0.1003, 0.0254,0.0187,-0.0101, -0.5361,0.4624,0.2367,0.6654, 27.1042,31.6147,39.4104
sensor, 0.0290,-0.0183,0.0543, 0.0286,0.0166,-0.0101, -0.5361,0.4624,0.2367,0.6654, 27.8030,32.3120,38.7314
sensor, 0.0264,-0.0474,0.0671, 0.0275,0.0134,-0.0016, -0.5361,0.4623,0.2368,0.6654, 27.8030,32.3120,38.7314
sensor, 0.0283,-0.0719,0.0430, 0.0275,0.0134,-0.0016, -0.5362,0.4622,0.2368,0.6654, 27.8030,32.3120,38.7314
sensor, 0.0200,-0.0579,0.0275, 0.0254,0.0091,0.0080, -0.5362,0.4622,0.2368,0.6655, 27.8030,32.3120,38.7314
sensor, 0.0017,-0.0856,0.0264, 0.0222,0.0059,0.0133, -0.5362,0.4622,0.2368,0.6655, 26.4053,32.3120,38.7314
sensor, 0.0286,-0.0736,0.0473, 0.0179,0.0049,0.0208, -0.5361,0.4622,0.2368,0.6655, 26.4053,32.3120,38.7314
sensor, -0.0072,-0.0699,0.0082, 0.0147,0.0038,0.0240, -0.5361,0.4622,0.2368,0.6655, 26.4053,32.3120,38.7314
sensor, -0.0047,-0.0794,0.0467, 0.0147,0.0038,0.0240, -0.5361,0.4622,0.2368,0.6655, 26.4053,32.3120,38.7314
sensor, -0.0065,-0.0537,0.0352, 0.0105,0.0027,0.0325, -0.5360,0.4622,0.2368,0.6655, 26.4053,33.0109,40.7700
sensor, 0.0130,-0.0360,-0.0373, 0.0105,0.0027,0.0325, -0.5360,0.4623,0.2369,0.6655, 26.4053,33.0109,40.7700
sensor, 0.0381,-0.0096,0.0602, 0.0052,0.0070,0.0346, -0.5359,0.4623,0.2369,0.6655, 26.4053,33.0109,40.7700
sensor, 0.0416,-0.0113,0.0108, 0.0030,0.0091,0.0357, -0.5359,0.4624,0.2369,0.6655, 26.4053,33.0109,40.7700
sensor, 0.0429,0.0204,0.0202, -0.0002,0.0070,0.0325, -0.5358,0.4625,0.2369,0.6655, 28.5004,31.6147,39.4104
sensor, 0.0744,0.0302,0.0465, -0.0002,0.0070,0.0325, -0.5359,0.4624,0.2371,0.6654, 28.5004,31.6147,39.4104
sensor, 0.1020,0.0405,-0.0004, 0.0020,0.0102,0.0240, -0.5358,0.4626,0.2371,0.6654, 28.5004,31.6147,39.4104
sensor, 0.0534,0.0614,0.0018, 0.0020,0.0102,0.0240, -0.5358,0.4626,0.2371,0.6654, 28.5004,31.6147,39.4104
sensor, 0.0907,0.0590,0.0378, -0.0002,0.0091,0.0240, -0.5356,0.4627,0.2370,0.6654, 26.4053,33.0109,39.4104
sensor, 0.0696,0.0625,0.0317, 0.0009,0.0102,0.0165, -0.5356,0.4627,0.2370,0.6654, 26.4053,33.0109,39.4104
sensor, 0.0791,0.0620,-0.0083, 0.0009,0.0081,0.0133, -0.5356,0.4628,0.2370,0.6654, 26.4053,33.0109,39.4104
sensor, 0.0520,0.0754,0.0402, 0.0009,0.0081,0.0133, -0.5356,0.4628,0.2370,0.6654, 26.4053,33.0109,39.4104
sensor, 0.0823,0.0611,0.0173, -0.0002,0.0081,0.0069, -0.5355,0.4629,0.2370,0.6654, 27.1042,31.6147,39.4104
sensor, 0.1069,0.0355,0.0086, -0.0002,0.0081,0.0069, -0.5356,0.4628,0.2371,0.6654, 27.1042,31.6147,39.4104
sensor, 0.0933,0.0704,0.0147, -0.0002,0.0070,0.0037, -0.5356,0.4628,0.2371,0.6653, 27.1042,31.6147,39.4104
sensor, 0.0989,0.0788,-0.0188, -0.0002,0.0070,0.0037, -0.5356,0.4628,0.2371,0.6653, 27.1042,31.6147,39.4104
sensor, 0.0361,0.0517,0.0172, 0.0009,0.0027,0.0037, -0.5356,0.4629,0.2371,0.6653, 27.1042,31.6147,39.4104
sensor, 0.0851,0.0553,0.0182, -0.0012,-0.0005,0.0016, -0.5356,0.4629,0.2371,0.6653, 25.7065,33.0109,40.7700
sensor, 0.0779,0.0447,-0.0306, -0.0012,-0.0026,0.0016, -0.5355,0.4629,0.2371,0.6653, 25.7065,33.0109,40.7700
sensor, 0.0916,0.0735,-0.0028, 0.0020,-0.0047,0.0027, -0.5355,0.4629,0.2371,0.6653, 25.7065,33.0109,40.7700
sensor, 0.0817,0.0680,0.0453, 0.0094,-0.0090,0.0037, -0.5355,0.4629,0.2371,0.6654, 27.1042,33.0109,39.4104
sensor, 0.0915,0.0664,-0.0098, 0.0105,-0.0111,0.0037, -0.5355,0.4629,0.2371,0.6654, 27.1042,33.0109,39.4104
sensor, 0.0840,0.0370,-0.0102, 0.0094,-0.0111,0.0016, -0.5354,0.4629,0.2372,0.6654, 27.1042,33.0109,39.4104
sensor, 0.0694,0.0398,0.0137, 0.0094,-0.0143,0.0016, -0.5354,0.4629,0.2372,0.6654, 27.1042,33.0109,39.4104
sensor, 0.0368,0.0442,0.0136, 0.0137,-0.0143,0.0016, -0.5354,0.4629,0.2372,0.6655, 24.3103,32.3120,40.0909
sensor, 0.0324,0.0363,-0.0005, 0.0137,-0.0143,0.0016, -0.5353,0.4629,0.2372,0.6655, 24.3103,32.3120,40.0909
sensor, 0.0218,0.0089,0.0025, 0.0147,-0.0132,0.0016, -0.5353,0.4629,0.2372,0.6655, 24.3103,32.3120,40.0909
sensor, -0.0014,0.0083,0.0122, 0.0147,-0.0186,0.0027, -0.5353,0.4628,0.2372,0.6656, 24.3103,32.3120,40.0909
sensor, -0.0724,-0.0268,-0.0283, 0.0169,-0.0196,0.0080, -0.5352,0.4628,0.2372,0.6656, 26.4053,31.6147,40.0909
sensor, -0.0965,-0.0217,-0.0115, 0.0169,-0.0196,0.0080, -0.5353,0.4627,0.2374,0.6656, 26.4053,31.6147,40.0909
sensor, -0.1180,-0.0354,-0.0019, 0.0179,-0.0186,0.0101, -0.5352,0.4627,0.2374,0.6656, 26.4053,31.6147,40.0909
sensor, -0.0926,-0.0208,-0.0000, 0.0137,-0.0122,0.0122, -0.5352,0.4627,0.2374,0.6657, 26.4053,31.6147,40.0909
sensor, -0.0298,-0.0436,0.0106, 0.0116,-0.0015,0.0154, -0.5351,0.4627,0.2375,0.6657, 26.4053,33.0109,40.0909
sensor, 0.0447,0.0050,-0.0098, 0.0116,-0.0015,0.0154, -0.5351,0.4628,0.2375,0.6657, 26.4053,33.0109,40.0909
sensor, 0.0953,0.0038,-0.0136, 0.0116,-0.0047,0.0122, -0.5350,0.4628,0.2375,0.6657, 26.4053,33.0109,40.0909
sensor, 0.0981,0.0146,-0.0214, 0.0116,-0.0068,0.0122, -0.5350,0.4628,0.2375,0.6657, 26.4053,33.0109,40.0909
sensor, 0.0828,0.0303,0.0276, 0.0094,-0.0058,0.0101, -0.5350,0.4628,0.2375,0.6657, 26.4053,31.6147,40.7700
sensor, 0.0382,0.0336,0.0350, 0.0083,-0.0058,0.0037, -0.5351,0.4627,0.2376,0.6657, 26.4053,31.6147,40.7700
sensor, 0.0309,0.0442,0.0065, 0.0116,-0.0058,-0.0048, -0.5351,0.4626,0.2376,0.6657, 26.4053,31.6147,40.7700
sensor, 0.0720,0.0490,0.0116, 0.0116,-0.0058,-0.0048, -0.5351,0.4626,0.2377,0.6657, 26.4053,31.6147,40.7700
sensor, 0.0878,0.0318,0.0219, 0.0137,-0.0047,-0.0101, -0.5351,0.4626,0.2377,0.6658, 27.1042,31.6147,38.7314
sensor, 0.1092,-0.0098,0.0100, 0.0137,-0.0047,-0.0101, -0.5351,0.4625,0.2378,0.6658, 27.1042,31.6147,38.7314
sensor, 0.0830,-0.0321,0.0213, 0.0158,-0.0154,-0.0048, -0.5352,0.4624,0.2378,0.6658, 27.1042,31.6147,38.7314
sensor, 0.0469,-0.0145,0.0363, 0.0158,-0.0154,-0.0048, -0.5352,0.4623,0.2378,0.6658, 27.1042,31.6147,38.7314
sensor, 0.0391,-0.0583,-0.0073, 0.0169,-0.0175,-0.0005, -0.5352,0.4622,0.2378,0.6659, 27.8030,32.3120,37.3718
sensor, 0.0216,-0.0222,0.0345, 0.0137,-0.0175,0.0016, -0.5352,0.4622,0.2379,0.6659, 27.8030,32.3120,37.3718
sensor, 0.0244,-0.0403,0.0327, 0.0137,-0.0175,0.0016, -0.5351,0.4621,0.2379,0.6659, 27.8030,32.3120,37.3718
sensor, 0.0368,-0.0713,0.0759, 0.0105,-0.0196,0.0037, -0.5351,0.4621,0.2379,0.6660, 27.8030,32.3120,37.3718
sensor, 0.0467,-0.0611,0.0524, 0.0083,-0.0228,0.0037, -0.5351,0.4620,0.2380,0.6660, 27.1042,31.6147,40.0909
sensor, 0.0179,-0.0267,0.0497, 0.0083,-0.0207,0.0059, -0.5352,0.4618,0.2382,0.6660, 27.1042,31.6147,40.0909
sensor, 0.0437,-0.0142,-0.0038, 0.0083,-0.0207,0.0059, -0.5352,0.4617,0.2382,0.6661, 27.1042,31.6147,40.0909
sensor, 0.0020,-0.0159,0.0454, 0.0052,-0.0196,0.0059, -0.5351,0.4617,0.2382,0.6661, 27.1042,31.6147,40.0909
sensor, 0.0161,-0.0318,0.0475, 0.0052,-0.0196,0.0059, -0.5351,0.4617,0.2382,0.6661, 25.7065,32.3120,38.7314
sensor, 0.0484,-0.0443,0.0218, 0.0030,-0.0186,0.0069, -0.5351,0.4617,0.2382,0.6662, 25.7065,32.3120,38.7314
sensor, 0.0871,-0.0086,0.0353, 0.0020,-0.0207,0.0069, -0.5350,0.4616,0.2382,0.6662, 25.7065,32.3120,38.7314
sensor, 0.0684,-0.0115,0.0592, 0.0020,-0.0207,0.0069, -0.5350,0.4616,0.2383,0.6663, 25.7065,32.3120,38.7314
sensor, 0.0612,-0.0057,0.0685, 0.0020,-0.0260,0.0059, -0.5350,0.4615,0.2383,0.6663, 27.1042,33.0109,40.7700
sensor, 0.0753,-0.0189,0.0866, 0.0009,-0.0271,0.0037, -0.5350,0.4614,0.2384,0.6664, 27.1042,33.0109,40.7700
sensor, 0.0774,0.0059,0.0764, -0.0002,-0.0282,0.0005, -0.5350,0.4614,0.2384,0.6664, 27.1042,33.0109,40.7700
sensor, 0.0204,-0.0043,0.0895, -0.0002,-0.0271,0.0016, -0.5349,0.4613,0.2385,0.6665, 27.1042,33.0109,40.7700
sensor, 0.0298,0.0027,0.0743, -0.0012,-0.0271,0.0027, -0.5349,0.4612,0.2385,0.6665, 27.1042,32.3120,38.7314
sensor, 0.0189,-0.0075,0.0524, -0.0002,-0.0260,0.0037, -0.5349,0.4612,0.2386,0.6666, 27.1042,32.3120,38.7314
sensor, -0.0192,-0.0106,0.0864, -0.0002,-0.0260,0.0037, -0.5348,0.4611,0.2386,0.6666, 27.1042,32.3120,38.7314
sensor, -0.0198,0.0104,0.0846, -0.0002,-0.0271,0.0037, -0.5348,0.4611,0.2387,0.6667, 27.1042,32.3120,38.7314
sensor, -0.0320,-0.0094,0.0820, -0.0044,-0.0207,0.0037, -0.5347,0.4610,0.2387,0.6667, 27.1042,32.3120,39.4104
sensor, -0.0482,0.0097,0.1189, -0.0044,-0.0207,0.0037, -0.5347,0.4609,0.2388,0.6668, 27.1042,32.3120,39.4104
sensor, -0.0664,0.0043,0.0714, -0.0044,-0.0175,0.0059, -0.5347,0.4609,0.2388,0.6668, 27.1042,32.3120,39.4104
sensor, -0.0179,0.0281,0.0946, -0.0034,-0.0143,0.0059, -0.5346,0.4609,0.2389,0.6668, 27.1042,32.3120,39.4104
sensor, -0.0545,0.0194,0.0749, -0.0012,-0.0143,0.0037, -0.5346,0.4609,0.2389,0.6669, 27.8030,32.3120,39.4104
sensor, -0.0331,0.0228,0.0456, -0.0012,-0.0143,0.0037, -0.5346,0.4608,0.2390,0.6669, 27.8030,32.3120,39.4104
sensor, -0.0226,0.0325,0.0417, -0.0002,-0.0132,0.0048, -0.5346,0.4608,0.2390,0.6669, 27.8030,32.3120,39.4104
sensor, -0.0574,0.0844,0.0448, -0.0002,-0.0090,0.0027, -0.5345,0.4608,0.2391,0.6669, 27.8030,32.3120,39.4104
sensor, -0.0800,0.0607,0.0730, -0.0012,-0.0068,0.0027, -0.5345,0.4608,0.2391,0.6670, 26.4053,32.3120,39.4104
sensor, -0.0475,0.0550,0.0611, 0.0020,-0.0058,0.0027, -0.5344,0.4609,0.2391,0.6670, 26.4053,32.3120,39.4104
sensor, -0.0330,0.0535,0.0923, 0.0020,-0.0058,0.0027, -0.5344,0.4609,0.2391,0.6670, 26.4053,32.3120,39.4104
sensor, -0.0305,0.0646,0.0996, 0.0020,-0.0068,0.0048, -0.5343,0.4609,0.2392,0.6670, 26.4053,32.3120,39.4104
sensor, -0.0425,0.0542,0.1069, 0.0020,-0.0026,0.0091, -0.5342,0.4609,0.2392,0.6671, 27.1042,33.0109,38.7314
sensor, -0.0674,0.0476,0.0883, 0.0052,-0.0026,0.0101, -0.5341,0.4609,0.2392,0.6671, 27.1042,33.0109,38.7314
sensor, -0.0337,0.0685,0.0861, 0.0073,-0.0015,0.0101, -0.5341,0.4610,0.2392,0.6671, 27.1042,33.0109,38.7314
sensor, 0.0016,0.0081,0.0565, 0.0073,-0.0015,0.0101, -0.5340,0.4610,0.2392,0.6672, 27.1042,33.0109,38.7314
sensor, -0.0170,0.0976,0.0334, 0.0094,0.0038,0.0069, -0.5340,0.4610,0.2393,0.6672, 26.4053,30.9158,38.7314
sensor, 0.0091,0.0856,0.0380, 0.0073,0.0059,0.0048, -0.5340,0.4610,0.2394,0.6671, 26.4053,30.9158,38.7314
sensor, 0.0061,0.0884,0.0454, 0.0073,0.0059,0.0048, -0.5339,0.4610,0.2394,0.6672, 26.4053,30.9158,38.7314
sensor, -0.0126,0.0912,0.0623, 0.0083,0.0049,0.0016, -0.5339,0.4610,0.2394,0.6672, 26.4053,30.9158,38.7314
sensor, 0.0004,0.0883,0.0553, 0.0073,0.0070,-0.0048, -0.5339,0.4610,0.2394,0.6672, 26.4053,33.7097,39.4104
sensor, 0.0054,0.0702,0.0468, 0.0073,0.0091,-0.0037, -0.5338,0.4611,0.2393,0.6672, 26.4053,33.7097,39.4104
sensor, -0.0245,0.0773,0.0392, 0.0073,0.0102,-0.0059, -0.5337,0.4611,0.2393,0.6672, 26.4053,33.7097,39.4104
sensor, -0.0179,0.0760,0.0590, 0.0083,0.0113,-0.0069, -0.5337,0.4612,0.2393,0.6672, 26.4053,33.7097,39.4104
sensor, 0.0222,0.0857,0.0629, 0.0116,0.0113,-0.0059, -0.5337,0.4612,0.2393,0.6672, 27.1042,32.3120,39.4104
sensor, 0.0230,0.0729,0.0681, 0.0116,0.0145,-0.0080, -0.5337,0.4611,0.2394,0.6672, 27.1042,32.3120,39.4104
sensor, 0.0264,0.0653,0.0227, 0.0105,0.0123,-0.0101, -0.5337,0.4611,0.2394,0.6672, 27.1042,32.3120,39.4104
sensor, 0.0390,0.0601,0.0194, 0.0105,0.0113,-0.0112, -0.5337,0.4611,0.2394,0.6672, 27.1042,32.3120,39.4104
sensor, 0.0162,0.0384,0.0411, 0.0116,0.0102,-0.0101, -0.5337,0.4611,0.2394,0.6672, 25.7065,33.0109,38.7314
sensor, 0.0591,0.0569,0.0195, 0.0126,0.0102,-0.0112, -0.5337,0.4612,0.2393,0.6673, 25.7065,33.0109,38.7314
sensor, 0.0612,0.0310,0.0483, 0.0126,0.0102,-0.0144, -0.5337,0.4612,0.2393,0.6673, 25.7065,33.0109,38.7314
sensor, 0.0880,0.0289,0.0589, 0.0137,0.0081,-0.0133, -0.5337,0.4611,0.2393,0.6673, 25.7065,33.0109,38.7314
sensor, 0.0603,0.0521,0.0280, 0.0147,0.0070,-0.0133, -0.5337,0.4611,0.2393,0.6673, 27.8030,30.9158,39.4104
sensor, 0.0784,0.0359,0.0277, 0.0147,0.0070,-0.0133, -0.5339,0.4609,0.2395,0.6672, 27.8030,30.9158,39.4104
sensor, 0.0726,0.0414,0.0393, 0.0158,0.0070,-0.0144, -0.5339,0.4608,0.2395,0.6673, 27.8030,30.9158,39.4104
sensor, 0.0558,0.0199,0.0374, 0.0179,0.0027,-0.0186, -0.5339,0.4607,0.2395,0.6673, 27.8030,30.9158,39.4104
sensor, 0.0377,0.0134,0.0270, 0.0169,-0.0047,-0.0176, -0.5340,0.4607,0.2395,0.6673, 27.1042,30.9158,39.4104
sensor, 0.0005,0.0027,0.0340, 0.0169,-0.0015,-0.0165, -0.5341,0.4605,0.2397,0.6673, 27.1042,30.9158,39.4104
sensor, -0.0002,-0.0062,0.0161, 0.0169,-0.0015,-0.0165, -0.5341,0.4604,0.2397,0.6673, 27.1042,30.9158,39.4104
sensor, -0.0051,-0.0130,0.0099, 0.0169,-0.0015,-0.0165, -0.5342,0.4603,0.2397,0.6673, 27.1042,30.9158,39.4104
sensor, 0.0031,0.0048,-0.0278, 0.0169,-0.0005,-0.0186, -0.5342,0.4603,0.2397,0.6673, 27.1042,32.3120,38.7314
sensor, 0.0140,-0.0445,0.0076, 0.0169,-0.0005,-0.0186, -0.5343,0.4601,0.2398,0.6673, 27.1042,32.3120,38.7314
sensor, -0.0135,-0.0616,0.0127, 0.0137,0.0027,-0.0154, -0.5343,0.4601,0.2398,0.6673, 27.1042,32.3120,38.7314
sensor, 0.0180,-0.0358,0.0054, 0.0126,0.0038,-0.0144, -0.5343,0.4601,0.2398,0.6673, 27.1042,32.3120,38.7314
sensor, 0.0006,-0.0022,-0.0149, 0.0083,0.0038,-0.0154, -0.5344,0.4600,0.2398,0.6674, 27.8030,34.4086,38.7314
sensor, -0.0075,0.0044,0.0051, 0.0094,0.0059,-0.0154, -0.5343,0.4600,0.2396,0.6674, 27.8030,34.4086,38.7314
sensor, -0.0159,-0.0332,0.0469, 0.0094,0.0059,-0.0154, -0.5343,0.4600,0.2396,0.6674, 27.8030,34.4086,38.7314
sensor, 0.0096,-0.0224,0.0160, 0.0105,0.0059,-0.0186, -0.5344,0.4600,0.2396,0.6674, 27.8030,34.4086,38.7314
sensor, -0.0099,-0.0113,0.0427, 0.0105,0.0070,-0.0176, -0.5344,0.4599,0.2396,0.6674, 27.1042,33.0109,38.7314
sensor, -0.0074,-0.0025,-0.0025, 0.0116,0.0081,-0.0197, -0.5344,0.4599,0.2396,0.6674, 27.1042,33.0109,38.7314
sensor, 0.0061,-0.0393,0.0183, 0.0105,0.0059,-0.0218, -0.5345,0.4598,0.2396,0.6674, 27.1042,33.0109,38.7314
sensor, 0.0065,-0.0361,0.0169, 0.0105,0.0059,-0.0218, -0.5345,0.4598,0.2396,0.6675, 27.1042,33.0109,38.7314
sensor, -0.0079,-0.0209,0.0315, 0.0052,0.0091,-0.0144, -0.5346,0.4597,0.2396,0.6675, 27.8030,30.9158,40.0909
sensor, 0.0287,-0.0217,-0.0058, 0.0052,0.0091,-0.0144, -0.5348,0.4595,0.2398,0.6674, 27.8030,30.9158,40.0909
sensor, 0.0479,-0.0369,0.0103, 0.0030,0.0091,-0.0112, -0.5348,0.4595,0.2398,0.6674, 27.8030,30.9158,40.0909
sensor, 0.0850,-0.0248,-0.0345, 0.0030,0.0038,-0.0069, -0.5349,0.4594,0.2398,0.6674, 27.8030,30.9158,40.0909
sensor, 0.0477,-0.0501,0.0007, 0.0030,0.0006,-0.0059, -0.5349,0.4594,0.2397,0.6673, 26.4053,33.7097,38.7314
sensor, 0.0361,-0.0091,0.0087, 0.0030,0.0006,-0.0059, -0.5349,0.4594,0.2396,0.6674, 26.4053,33.7097,38.7314
sensor, 0.0113,0.0263,-0.0165, 0.0041,0.0017,-0.0059, -0.5349,0.4594,0.2396,0.6674, 26.4053,33.7097,38.7314
sensor, -0.0460,0.0194,0.0218, 0.0073,0.0006,-0.0112, -0.5349,0.4594,0.2396,0.6674, 26.4053,33.7097,38.7314
sensor, -0.0264,-0.0095,-0.0169, 0.0062,0.0049,-0.0144, -0.5349,0.4594,0.2396,0.6674, 25.7065,33.0109,40.0909
sensor, -0.0613,-0.0295,-0.0272, 0.0062,0.0102,-0.0176, -0.5349,0.4594,0.2395,0.6674, 25.7065,33.0109,40.0909
sensor, 0.0132,-0.0052,0.0477, 0.0062,0.0134,-0.0208, -0.5349,0.4594,0.2395,0.6674, 25.7065,33.0109,40.0909
sensor, 0.0703,-0.0207,-0.0610, 0.0073,0.0113,-0.0250, -0.5350,0.4593,0.2395,0.6674, 25.7065,33.0109,40.0909
sensor, 0.0837,-0.0118,0.0127, 0.0052,0.0081,-0.0250, -0.5351,0.4593,0.2395,0.6674, 27.1042,32.3120,40.0909
sensor, 0.0931,-0.0294,-0.0184, 0.0030,0.0059,-0.0240, -0.5352,0.4591,0.2396,0.6674, 27.1042,32.3120,40.0909
sensor, 0.0502,-0.0352,0.0126, 0.0052,0.0027,-0.0240, -0.5353,0.4591,0.2395,0.6674, 27.1042,32.3120,40.0909
sensor, 0.0217,-0.0296,-0.0059, 0.0052,0.0027,-0.0240, -0.5353,0.4590,0.2395,0.6674, 27.1042,32.3120,40.0909
sensor, 0.0000,-0.0366,-0.0276, 0.0030,0.0049,-0.0186, -0.5354,0.4589,0.2395,0.6674, 25.7065,33.0109,39.4104
sensor, -0.0155,-0.0504,0.0064, 0.0062,0.0017,-0.0165, -0.5354,0.4589,0.2394,0.6674, 25.7065,33.0109,39.4104
sensor, -0.0014,-0.0451,0.0142, 0.0083,0.0017,-0.0122, -0.5354,0.4589,0.2394,0.6674, 25.7065,33.0109,39.4104
sensor, -0.0255,-0.0864,0.0246, 0.0094,0.0017,-0.0037, -0.5355,0.4588,0.2394,0.6674, 25.7065,33.0109,39.4104
sensor, -0.0282,-0.1077,0.0280, 0.0094,0.0006,0.0027, -0.5355,0.4588,0.2394,0.6674, 28.5004,33.0109,38.7314
sensor, -0.0083,-0.0931,0.0085, 0.0073,-0.0037,0.0048, -0.5355,0.4587,0.2395,0.6674, 28.5004,33.0109,38.7314
sensor, -0.0190,-0.0675,0.0285, 0.0073,-0.0037,0.0048, -0.5355,0.4587,0.2395,0.6674, 28.5004,33.0109,38.7314
sensor, -0.0264,-0.0588,0.0126, 0.0052,-0.0037,0.0165, -0.5355,0.4586,0.2395,0.6675, 28.5004,33.0109,38.7314
sensor, -0.0224,-0.0781,0.0329, 0.0062,0.0017,0.0197, -0.5355,0.4587,0.2395,0.6675, 25.7065,33.0109,38.7314
sensor, -0.0345,-0.0452,0.0178, 0.0062,0.0017,0.0197, -0.5354,0.4588,0.2394,0.6675, 25.7065,33.0109,38.7314
sensor, -0.0370,-0.0427,0.0055, 0.0009,0.0070,0.0208, -0.5354,0.4588,0.2394,0.6675, 25.7065,33.0109,38.7314
sensor, 0.0274,-0.0073,0.0081, 0.0009,0.0081,0.0208, -0.5353,0.4589,0.2394,0.6675, 25.7065,33.0109,38.7314
sensor, 0.0632,0.0041,-0.0049, -0.0012,0.0070,0.0197, -0.5353,0.4589,0.2394,0.6675, 25.7065,33.0109,40.7700
sensor, 0.0545,-0.0080,-0.0066, -0.0023,0.0070,0.0186, -0.5352,0.4590,0.2394,0.6675, 25.7065,33.0109,40.7700
sensor, 0.0833,0.0228,0.0071, -0.0023,0.0070,0.0186, -0.5352,0.4590,0.2393,0.6675, 25.7065,33.0109,40.7700
sensor, 0.0894,0.0351,0.0181, -0.0034,0.0070,0.0133, -0.5352,0.4591,0.2393,0.6675, 25.7065,33.0109,40.7700
sensor, 0.0984,0.0222,0.0002, -0.0034,0.0059,0.0112, -0.5352,0.4591,0.2393,0.6675, 25.7065,34.4086,38.7314
sensor, 0.0712,0.0002,-0.0085, -0.0034,0.0059,0.0112, -0.5350,0.4593,0.2391,0.6675, 25.7065,34.4086,38.7314
sensor, 0.0687,0.0224,0.0544, -0.0012,0.0038,0.0080, -0.5350,0.4593,0.2391,0.6675, 25.7065,34.4086,38.7314
sensor, 0.0469,0.0350,0.0111, -0.0012,0.0038,0.0080, -0.5350,0.4593,0.2391,0.6675, 25.7065,34.4086,38.7314
sensor, 0.0297,0.0191,-0.0151, -0.0034,0.0049,0.0048, -0.5350,0.4594,0.2391,0.6675, 27.1042,33.0109,40.0909
sensor, 0.0420,0.0336,0.0001, -0.0034,0.0038,0.0027, -0.5350,0.4594,0.2391,0.6675, 27.1042,33.0109,40.0909
sensor, 0.0618,0.0037,0.0051, -0.0066,0.0017,-0.0005, -0.5350,0.4594,0.2391,0.6675, 27.1042,33.0109,40.0909
sensor, 0.0524,-0.0043,0.0245, -0.0055,0.0006,-0.0016, -0.5350,0.4594,0.2391,0.6675, 27.1042,33.0109,40.0909
sensor, 0.0270,0.0350,0.0000, -0.0044,-0.0005,-0.0016, -0.5350,0.4594,0.2391,0.6675, 26.4053,33.0109,40.0909
sensor, 0.0053,-0.0085,0.0378, -0.0076,-0.0026,-0.0027, -0.5350,0.4594,0.2391,0.6675, 26.4053,33.0109,40.0909
sensor, 0.0053,0.0224,0.0265, -0.0034,-0.0015,-0.0005, -0.5350,0.4594,0.2391,0.6675, 26.4053,33.0109,40.0909
sensor, -0.0049,0.0478,0.0267, -0.0044,-0.0005,-0.0016, -0.5350,0.4594,0.2391,0.6675, 26.4053,33.0109,40.0909
sensor, -0.0284,0.0336,-0.0133, -0.0044,-0.0026,-0.0016, -0.5350,0.4594,0.2391,0.6675, 27.1042,30.9158,37.3718
sensor, -0.0095,0.0438,0.0242, -0.0044,-0.0026,-0.0016, -0.5350,0.4593,0.2392,0.6675, 27.1042,30.9158,37.3718
sensor, -0.0006,0.0400,0.0157, -0.0012,-0.0005,-0.0037, -0.5350,0.4593,0.2392,0.6675, 27.1042,30.9158,37.3718
sensor, -0.0390,0.0588,0.0001, -0.0023,0.0027,-0.0037, -0.5350,0.4593,0.2392,0.6675, 27.1042,30.9158,37.3718
sensor, -0.0340,0.0285,0.0126, 0.0009,0.0017,-0.0037, -0.5350,0.4594,0.2392,0.6675, 26.4053,33.7097,38.0524
sensor, -0.0803,0.0245,0.0378, 0.0009,0.0027,-0.0016, -0.5349,0.4595,0.2390,0.6676, 26.4053,33.7097,38.0524
sensor, -0.0974,0.0322,0.0226, 0.0041,0.0027,0.0005, -0.5348,0.4595,0.2390,0.6676, 26.4053,33.7097,38.0524
sensor, -0.0642,0.0417,-0.0276, 0.0041,0.0038,0.0005, -0.5348,0.4595,0.2390,0.6676, 26.4053,33.7097,38.0524
sensor, -0.1268,0.0195,0.0127, 0.0062,0.0049,0.0048, -0.5348,0.4596,0.2390,0.6676, 27.1042,31.6147,38.0524
sensor, -0.1954,0.0120,0.0156, 0.0094,0.0123,0.0048, -0.5348,0.4596,0.2391,0.6675, 27.1042,31.6147,38.0524
sensor, -0.1363,-0.0228,-0.0048, 0.0062,0.0166,0.0080, -0.5347,0.4597,0.2391,0.6675, 27.1042,31.6147,38.0524
sensor, -0.0833,0.0230,0.0521, 0.0062,0.0166,0.0080, -0.5347,0.4597,0.2391,0.6675, 27.1042,31.6147,38.0524
sensor, 0.0221,0.0093,-0.0042, 0.0062,0.0219,0.0091, -0.5347,0.4598,0.2391,0.6675, 26.4053,31.6147,38.7314
sensor, 0.0821,0.0231,-0.0198, 0.0041,0.0219,0.0091, -0.5347,0.4598,0.2391,0.6675, 26.4053,31.6147,38.7314
sensor, 0.1064,0.0088,-0.0309, 0.0020,0.0145,0.0027, -0.5347,0.4598,0.2391,0.6674, 26.4053,31.6147,38.7314
sensor, 0.0934,0.0319,-0.0402, 0.0020,0.0145,0.0027, -0.5348,0.4598,0.2391,0.6674, 26.4053,31.6147,38.7314
sensor, 0.0314,0.0700,0.0243, 0.0041,0.0113,-0.0005, -0.5348,0.4599,0.2391,0.6674, 27.8030,33.0109,38.0524
sensor, 0.0219,0.0597,0.0339, 0.0073,0.0123,-0.0037, -0.5347,0.4599,0.2390,0.6674, 27.8030,33.0109,38.0524
sensor, 0.0106,0.0333,0.0497, 0.0116,0.0145,-0.0048, -0.5347,0.4599,0.2390,0.6674, 27.8030,33.0109,38.0524
sensor, 0.0318,0.0499,-0.0056, 0.0116,0.0145,-0.0059, -0.5347,0.4599,0.2390,0.6674, 27.8030,33.0109,38.0524
sensor, 0.0262,0.0282,0.0053, 0.0169,0.0123,-0.0091, -0.5347,0.4599,0.2390,0.6674, 27.1042,33.0109,40.0909
sensor, 0.0428,0.0148,-0.0187, 0.0169,0.0123,-0.0091, -0.5348,0.4599,0.2390,0.6674, 27.1042,33.0109,40.0909
sensor, 0.0095,0.0082,0.0150, 0.0147,0.0091,-0.0005, -0.5348,0.4599,0.2390,0.6674, 27.1042,33.0109,40.0909
sensor, 0.0210,-0.0103,0.0156, 0.0137,0.0049,-0.0005, -0.5348,0.4599,0.2390,0.6674, 27.1042,33.0109,40.0909
sensor, 0.0241,-0.0076,-0.0096, 0.0126,0.0038,0.0027, -0.5348,0.4599,0.2390,0.6674, 27.1042,31.6147,38.0524
sensor, 0.0398,0.0121,0.0269, 0.0116,0.0049,0.0048, -0.5348,0.4598,0.2391,0.6673, 27.1042,31.6147,38.0524
sensor, 0.0379,-0.0192,-0.0070, 0.0126,0.0038,0.0091, -0.5348,0.4598,0.2391,0.6674, 27.1042,31.6147,38.0524
sensor, 0.0357,-0.0293,-0.0035, 0.0126,0.0038,0.0091, -0.5348,0.4598,0.2391,0.6674, 27.1042,31.6147,38.0524
sensor, 0.0443,-0.0006,0.0274, 0.0116,-0.0005,0.0091, -0.5348,0.4598,0.2391,0.6674, 27.1042,31.6147,38.7314
sensor, 0.0539,-0.0524,-0.0297, 0.0126,0.0027,0.0101, -0.5348,0.4598,0.2392,0.6674, 27.1042,31.6147,38.7314
sensor, 0.0549,-0.0231,-0.0045, 0.0126,0.0027,0.0101, -0.5348,0.4598,0.2392,0.6673, 27.1042,31.6147,38.7314
sensor, 0.0775,-0.0202,0.0354, 0.0105,0.0006,0.0080, -0.5348,0.4598,0.2392,0.6674, 27.1042,31.6147,38.7314
sensor, 0.0895,-0.0245,0.0466, 0.0083,-0.0037,0.0069, -0.5348,0.4597,0.2392,0.6674, 26.4053,33.0109,38.7314
sensor, 0.1406,-0.0154,-0.0118, 0.0073,-0.0047,0.0069, -0.5348,0.4598,0.2392,0.6674, 26.4053,33.0109,38.7314
sensor, 0.0891,-0.0042,0.0066, 0.0094,-0.0058,0.0048, -0.5348,0.4597,0.2392,0.6674, 26.4053,33.0109,38.7314
sensor, 0.0828,-0.0322,0.0227, 0.0094,-0.0058,0.0048, -0.5348,0.4597,0.2392,0.6674, 26.4053,33.0109,38.7314
sensor, 0.0507,-0.0255,0.0167, 0.0094,-0.0058,0.0027, -0.5348,0.4597,0.2392,0.6675, 27.1042,33.0109,39.4104
sensor, 0.0812,-0.0493,0.0166, 0.0094,-0.0058,0.0027, -0.5348,0.4596,0.2392,0.6675, 27.1042,33.0109,39.4104
sensor, 0.0254,-0.0532,0.0216, 0.0073,-0.0079,0.0048, -0.5348,0.4596,0.2392,0.6675, 27.1042,33.0109,39.4104
sensor, 0.0107,-0.0656,-0.0054, 0.0062,-0.0090,0.0037, -0.5348,0.4596,0.2392,0.6675, 27.1042,33.0109,39.4104
sensor, -0.0024,-0.0598,-0.0003, 0.0009,-0.0058,0.0027, -0.5348,0.4595,0.2392,0.6675, 27.8030,33.7097,39.4104
sensor, -0.0147,-0.0924,-0.0142, 0.0009,-0.0058,0.0027, -0.5348,0.4595,0.2392,0.6676, 27.8030,33.7097,39.4104
sensor, -0.0011,-0.0746,-0.0003, -0.0034,-0.0058,0.0059, -0.5348,0.4595,0.2392,0.6676, 27.8030,33.7097,39.4104
sensor, 0.0370,-0.0529,0.0020, -0.0055,-0.0058,0.0059, -0.5348,0.4595,0.2392,0.6676, 27.8030,33.7097,39.4104
sensor, -0.0186,-0.0818,-0.0022, -0.0087,-0.0068,0.0069, -0.5348,0.4595,0.2392,0.6676, 27.8030,34.4086,40.0909
sensor, -0.0141,-0.0210,0.0103, -0.0108,-0.0058,0.0091, -0.5348,0.4595,0.2391,0.6676, 27.8030,34.4086,40.0909
sensor, -0.0055,-0.0185,0.0455, -0.0108,-0.0058,0.0091, -0.5347,0.4595,0.2391,0.6676, 27.8030,34.4086,40.0909
sensor, 0.0139,-0.0032,0.0166, -0.0098,-0.0068,0.0144, -0.5347,0.4595,0.2391,0.6676, 27.8030,34.4086,40.0909
sensor, -0.0241,-0.0226,0.0262, -0.0098,-0.0058,0.0165, -0.5347,0.4596,0.2392,0.6676, 27.1042,31.6147,39.4104
sensor, -0.0066,0.0105,0.0201, -0.0098,-0.0058,0.0165, -0.5347,0.4595,0.2393,0.6676, 27.1042,31.6147,39.4104
sensor, -0.0142,0.0020,0.0368, -0.0108,-0.0026,0.0154, -0.5347,0.4595,0.2393,0.6676, 27.1042,31.6147,39.4104
sensor, -0.0485,0.0124,0.0751, -0.0108,-0.0037,0.0133, -0.5347,0.4596,0.2393,0.6676, 27.1042,31.6147,39.4104
sensor, -0.0306,0.0015,0.0405, -0.0108,-0.0037,0.0101, -0.5346,0.4596,0.2393,0.6676, 26.4053,33.7097,40.0909
sensor, -0.0375,-0.0057,0.0389, -0.0108,-0.0037,0.0101, -0.5345,0.4597,0.2392,0.6676, 26.4053,33.7097,40.0909
sensor, -0.0099,0.0302,0.0610, -0.0087,-0.0005,0.0133, -0.5345,0.4597,0.2392,0.6676, 26.4053,33.7097,40.0909
sensor, -0.0261,0.0338,0.0820, -0.0087,-0.0015,0.0144, -0.5344,0.4598,0.2392,0.6677, 26.4053,33.7097,40.0909
sensor, -0.0258,0.0323,0.0462, -0.0087,-0.0015,0.0144, -0.5344,0.4598,0.2393,0.6677, 25.7065,31.6147,40.0909
sensor, -0.0196,0.0220,0.0272, -0.0076,-0.0015,0.0144, -0.5344,0.4598,0.2393,0.6677, 25.7065,31.6147,40.0909
sensor, -0.0188,0.0256,0.0354, -0.0055,-0.0005,0.0154, -0.5343,0.4598,0.2393,0.6677, 25.7065,31.6147,40.0909
sensor, -0.0244,0.0155,0.0168, -0.0055,-0.0005,0.0154, -0.5343,0.4599,0.2394,0.6677, 25.7065,31.6147,40.0909
sensor, -0.0159,0.0061,0.0304, -0.0055,-0.0015,0.0154, -0.5342,0.4599,0.2394,0.6677, 25.7065,33.0109,38.7314
sensor, 0.0059,0.0370,0.0247, -0.0076,0.0006,0.0122, -0.5341,0.4601,0.2393,0.6677, 25.7065,33.0109,38.7314
sensor, 0.0059,0.0406,0.0184, -0.0076,0.0006,0.0122, -0.5341,0.4601,0.2393,0.6677, 25.7065,33.0109,38.7314
sensor, 0.0361,0.0487,0.0175, -0.0076,0.0006,0.0122, -0.5340,0.4601,0.2393,0.6677, 25.7065,33.0109,38.7314
sensor, 0.0267,0.0724,0.0487, -0.0076,-0.0005,0.0069, -0.5340,0.4602,0.2393,0.6677, 27.8030,30.9158,39.4104
sensor, 0.0035,0.0493,-0.0103, -0.0055,0.0006,0.0048, -0.5341,0.4600,0.2395,0.6676, 27.8030,30.9158,39.4104
