sensor, -0.0018,-0.1206,0.0025, 0.0073,0.0155,-0.0005, 0.7347,-0.0633,0.6682,0.0981, -39.9460,-17.2760,-0.6897
sensor, 0.0236,-0.0743,0.0190, 0.0073,0.0155,-0.0005, 0.7347,-0.0633,0.6682,0.0981, -39.9460,-17.2760,-0.6897
sensor, 0.0169,-0.0956,0.0270, 0.0083,0.0176,-0.0016, 0.7347,-0.0633,0.6683,0.0979, -40.6448,-18.6737,-0.0107
sensor, 0.0119,-0.0636,-0.0195, 0.0073,0.0187,0.0027, 0.7346,-0.0631,0.6684,0.0975, -40.6448,-18.6737,-0.0107
sensor, 0.0606,-0.0929,-0.0047, 0.0073,0.0187,0.0016, 0.7346,-0.0632,0.6685,0.0974, -40.6448,-18.6737,-0.0107
sensor, 0.0467,-0.0763,-0.0230, 0.0052,0.0176,-0.0005, 0.7346,-0.0633,0.6685,0.0972, -40.6448,-18.6737,-0.0107
sensor, 0.0420,-0.0939,-0.0304, 0.0030,0.0187,-0.0005, 0.7346,-0.0633,0.6685,0.0971, -40.6448,-17.2760,0.6683
sensor, 0.0813,-0.0907,-0.0382, 0.0009,0.0198,-0.0048, 0.7346,-0.0634,0.6686,0.0969, -40.6448,-17.2760,0.6683
sensor, 0.0518,-0.0573,0.0316, 0.0009,0.0176,-0.0080, 0.7346,-0.0635,0.6686,0.0968, -40.6448,-17.2760,0.6683
sensor, 0.0488,-0.0459,0.0025, -0.0023,0.0176,-0.0080, 0.7345,-0.0634,0.6687,0.0966, -40.6448,-17.2760,0.6683
sensor, 0.0652,-0.0551,-0.0030, -0.0023,0.0176,-0.0080, 0.7345,-0.0634,0.6687,0.0966, -40.6448,-17.9749,1.3489
sensor, 0.0569,-0.0560,0.0062, -0.0012,0.0166,-0.0080, 0.7345,-0.0632,0.6688,0.0963, -40.6448,-17.9749,1.3489
sensor, 0.0458,-0.0548,0.0134, -0.0034,0.0166,-0.0069, 0.7344,-0.0632,0.6689,0.0962, -40.6448,-17.9749,1.3489
sensor, 0.0705,-0.0342,0.0089, -0.0023,0.0145,-0.0059, 0.7344,-0.0631,0.6689,0.0961, -40.6448,-17.9749,1.3489
sensor, 0.0419,-0.0598,0.0149, -0.0012,0.0113,-0.0048, 0.7343,-0.0631,0.6690,0.0960, -42.0410,-17.9749,1.3489
sensor, 0.0636,-0.0475,0.0233, -0.0012,0.0113,-0.0048, 0.7343,-0.0629,0.6691,0.0957, -42.0410,-17.9749,1.3489
sensor, 0.0679,-0.0412,-0.0017, -0.0034,0.0113,-0.0048, 0.7343,-0.0628,0.6691,0.0956, -42.0410,-17.9749,1.3489
sensor, 0.0508,-0.0343,0.0076, -0.0012,0.0081,0.0005, 0.7343,-0.0628,0.6692,0.0955, -42.0410,-17.9749,1.3489
sensor, 0.0484,-0.0893,-0.0005, -0.0012,0.0070,0.0016, 0.7342,-0.0628,0.6692,0.0955, -42.0410,-17.2760,0.6683
sensor, 0.0552,-0.0498,0.0105, -0.0012,0.0081,0.0027, 0.7342,-0.0627,0.6693,0.0953, -42.0410,-17.2760,0.6683
sensor, 0.0657,-0.0245,-0.0204, -0.0023,0.0049,0.0048, 0.7342,-0.0627,0.6693,0.0952, -42.0410,-17.2760,0.6683
sensor, 0.0713,-0.0628,-0.0111, -0.0044,0.0049,0.0037, 0.7342,-0.0628,0.6693,0.0952, -42.0410,-17.2760,0.6683
sensor, 0.0563,-0.0551,-0.0239, -0.0044,0.0038,0.0037, 0.7342,-0.0628,0.6693,0.0951, -39.9460,-18.6737,1.3489
sensor, 0.0434,-0.0388,-0.0035, -0.0044,0.0059,0.0048, 0.7342,-0.0627,0.6693,0.0948, -39.9460,-18.6737,1.3489
sensor, 0.0255,-0.0466,-0.0104, -0.0034,0.0038,0.0059, 0.7342,-0.0627,0.6694,0.0948, -39.9460,-18.6737,1.3489
sensor, 0.0317,-0.0248,0.0104, -0.0055,-0.0005,0.0016, 0.7342,-0.0627,0.6694,0.0947, -39.9460,-18.6737,1.3489
sensor, 0.0613,-0.0452,0.0022, -0.0034,0.0017,-0.0005, 0.7342,-0.0627,0.6694,0.0947, -41.3437,-17.9749,-0.6897
sensor, 0.0652,-0.0299,0.0379, -0.0034,0.0017,0.0005, 0.7342,-0.0628,0.6694,0.0947, -41.3437,-17.9749,-0.6897
sensor, 0.0211,-0.0215,0.0176, -0.0044,0.0027,-0.0016, 0.7341,-0.0627,0.6695,0.0946, -41.3437,-17.9749,-0.6897
sensor, 0.0430,-0.0085,0.0164, -0.0044,0.0006,-0.0005, 0.7341,-0.0627,0.6695,0.0946, -41.3437,-17.9749,-0.6897
sensor, 0.0329,-0.0403,0.0117, -0.0034,0.0006,-0.0037, 0.7341,-0.0628,0.6695,0.0946, -42.0410,-17.9749,-0.6897
sensor, 0.0082,-0.0539,0.0226, -0.0012,-0.0005,-0.0027, 0.7341,-0.0628,0.6695,0.0945, -42.0410,-17.9749,-0.6897
sensor, 0.0307,-0.0439,0.0034, -0.0012,-0.0005,-0.0027, 0.7341,-0.0628,0.6695,0.0945, -42.0410,-17.9749,-0.6897
sensor, 0.0249,-0.0433,-0.0150, -0.0044,-0.0037,-0.0016, 0.7341,-0.0628,0.6695,0.0945, -42.0410,-17.9749,-0.6897
sensor, 0.0180,-0.0345,-0.0067, -0.0034,-0.0015,-0.0037, 0.7341,-0.0628,0.6695,0.0945, -41.3437,-17.9749,-0.0107
sensor, 0.0180,-0.0748,-0.0039, -0.0034,-0.0015,-0.0037, 0.7341,-0.0628,0.6695,0.0944, -41.3437,-17.9749,-0.0107
sensor, -0.0005,-0.0286,0.0316, -0.0034,-0.0015,-0.0016, 0.7341,-0.0629,0.6695,0.0944, -41.3437,-17.9749,-0.0107
sensor, 0.0299,-0.0141,-0.0104, -0.0023,-0.0015,-0.0016, 0.7341,-0.0628,0.6695,0.0943, -41.3437,-17.9749,-0.0107
sensor, 0.0250,-0.0210,-0.0024, -0.0023,-0.0037,-0.0005, 0.7341,-0.0628,0.6695,0.0943, -42.0410,-18.6737,-1.3702
sensor, 0.0196,-0.0289,0.0133, -0.0023,-0.0015,-0.0005, 0.7341,-0.0630,0.6695,0.0945, -42.0410,-18.6737,-1.3702
sensor, 0.0108,-0.0073,-0.0135, 0.0009,0.0017,-0.0005, 0.7341,-0.0630,0.6695,0.0945, -42.0410,-18.6737,-1.3702
sensor, -0.0227,-0.0104,0.0171, 0.0009,0.0017,-0.0005, 0.7341,-0.0630,0.6695,0.0945, -42.0410,-18.6737,-1.3702
sensor, 0.0201,-0.0245,0.0065, 0.0020,0.0006,-0.0027, 0.7341,-0.0630,0.6695,0.0944, -42.0410,-17.2760,0.6683
sensor, 0.0121,-0.0413,0.0143, 0.0020,0.0006,-0.0027, 0.7341,-0.0629,0.6695,0.0943, -42.0410,-17.2760,0.6683
sensor, 0.0042,-0.0441,-0.0197, -0.0002,0.0038,0.0016, 0.7341,-0.0629,0.6696,0.0943, -42.0410,-17.2760,0.6683
sensor, 0.0729,-0.0508,-0.0186, -0.0012,0.0017,0.0027, 0.7341,-0.0630,0.6695,0.0943, -42.0410,-17.2760,0.6683
sensor, 0.0548,-0.0253,-0.0323, -0.0012,0.0017,0.0027, 0.7341,-0.0630,0.6696,0.0942, -42.7399,-17.9749,-1.3702
sensor, 0.0455,-0.0637,-0.0424, 0.0009,-0.0015,0.0059, 0.7341,-0.0633,0.6695,0.0944, -42.7399,-17.9749,-1.3702
sensor, 0.0472,-0.0392,-0.0158, 0.0020,-0.0068,0.0069, 0.7341,-0.0634,0.6695,0.0944, -42.7399,-17.9749,-1.3702
sensor, 0.0076,-0.0333,-0.0115, 0.0020,-0.0068,0.0059, 0.7341,-0.0634,0.6695,0.0944, -42.7399,-17.9749,-1.3702
sensor, 0.0509,-0.0380,0.0253, 0.0020,-0.0058,0.0048, 0.7341,-0.0634,0.6695,0.0944, -42.0410,-17.2760,0.6683
sensor, 0.0060,-0.0474,-0.0070, 0.0020,-0.0058,0.0027, 0.7341,-0.0633,0.6695,0.0942, -42.0410,-17.2760,0.6683
sensor, 0.0293,-0.0445,-0.0231, 0.0020,-0.0058,-0.0016, 0.7341,-0.0633,0.6695,0.0942, -42.0410,-17.2760,0.6683
sensor, 0.0405,-0.0493,-0.0122, 0.0009,-0.0058,-0.0027, 0.7341,-0.0634,0.6695,0.0942, -42.0410,-17.2760,0.6683
sensor, 0.0098,-0.0565,-0.0328, 0.0020,-0.0058,-0.0016, 0.7341,-0.0634,0.6694,0.0942, -39.9460,-17.9749,1.3489
sensor, 0.0248,-0.0308,-0.0388, 0.0009,-0.0079,-0.0027, 0.7342,-0.0631,0.6695,0.0938, -39.9460,-17.9749,1.3489
sensor, -0.0023,-0.0764,-0.0016, -0.0002,-0.0079,-0.0048, 0.7342,-0.0632,0.6694,0.0939, -39.9460,-17.9749,1.3489
sensor, -0.0209,-0.0416,0.0075, -0.0023,-0.0047,-0.0027, 0.7342,-0.0632,0.6694,0.0939, -39.9460,-17.9749,1.3489
sensor, -0.0390,-0.0123,-0.0042, -0.0012,0.0006,-0.0037, 0.7342,-0.0633,0.6694,0.0938, -41.3437,-17.9749,-0.6897
sensor, -0.0018,-0.0163,-0.0227, -0.0012,-0.0005,-0.0048, 0.7342,-0.0635,0.6694,0.0940, -41.3437,-17.9749,-0.6897
sensor, -0.0136,-0.0363,0.0110, -0.0012,-0.0015,-0.0027, 0.7342,-0.0635,0.6694,0.0941, -41.3437,-17.9749,-0.6897
sensor, 0.0173,-0.0103,0.0034, -0.0012,-0.0037,-0.0027, 0.7342,-0.0635,0.6694,0.0940, -41.3437,-17.9749,-0.6897
sensor, -0.0033,-0.0407,-0.0102, -0.0002,-0.0015,-0.0005, 0.7342,-0.0635,0.6694,0.0941, -41.3437,-17.9749,-2.0493
sensor, 0.0391,-0.0463,-0.0340, -0.0012,-0.0005,0.0027, 0.7342,-0.0641,0.6693,0.0946, -41.3437,-17.9749,-2.0493
sensor, 0.0155,-0.0731,-0.0027, -0.0023,-0.0026,0.0037, 0.7342,-0.0642,0.6693,0.0946, -41.3437,-17.9749,-2.0493
sensor, -0.0122,-0.0382,-0.0064, -0.0034,-0.0026,0.0027, 0.7342,-0.0642,0.6693,0.0945, -41.3437,-17.9749,-2.0493
sensor, -0.0079,-0.0444,-0.0042, -0.0034,-0.0026,0.0037, 0.7342,-0.0642,0.6693,0.0945, -40.6448,-16.5787,-0.0107
sensor, -0.0392,-0.0132,0.0122, -0.0034,-0.0005,0.0059, 0.7342,-0.0643,0.6692,0.0946, -40.6448,-16.5787,-0.0107
sensor, -0.0101,-0.0535,-0.0271, -0.0055,-0.0005,0.0027, 0.7342,-0.0643,0.6692,0.0945, -40.6448,-16.5787,-0.0107
sensor, -0.0022,-0.0034,0.0204, -0.0023,-0.0026,0.0016, 0.7342,-0.0644,0.6692,0.0945, -40.6448,-16.5787,-0.0107
sensor, -0.0434,-0.0107,0.0010, -0.0023,-0.0015,0.0016, 0.7342,-0.0644,0.6692,0.0945, -39.9460,-17.9749,-1.3702
sensor, -0.0216,-0.0028,-0.0012, -0.0002,-0.0026,0.0005, 0.7342,-0.0647,0.6692,0.0948, -39.9460,-17.9749,-1.3702
sensor, -0.0140,-0.0110,0.0084, -0.0002,-0.0015,-0.0037, 0.7342,-0.0648,0.6692,0.0949, -39.9460,-17.9749,-1.3702
sensor, 0.0131,-0.0167,0.0147, -0.0034,0.0006,-0.0037, 0.7342,-0.0648,0.6692,0.0949, -39.9460,-17.9749,-1.3702
sensor, 0.0154,-0.0420,0.0033, -0.0012,0.0006,-0.0005, 0.7342,-0.0647,0.6692,0.0948, -41.3437,-16.5787,-0.0107
sensor, 0.0099,-0.0230,0.0009, 0.0020,0.0006,-0.0005, 0.7342,-0.0648,0.6692,0.0949, -41.3437,-16.5787,-0.0107
sensor, -0.0160,-0.0385,0.0056, -0.0002,0.0006,-0.0016, 0.7341,-0.0648,0.6692,0.0949, -41.3437,-16.5787,-0.0107
sensor, 0.0011,-0.0251,0.0295, -0.0002,0.0017,-0.0005, 0.7341,-0.0648,0.6692,0.0949, -41.3437,-16.5787,-0.0107
sensor, -0.0078,-0.0172,0.0046, -0.0002,0.0006,-0.0005, 0.7342,-0.0646,0.6692,0.0946, -42.0410,-17.9749,0.6683
sensor, 0.0044,0.0164,0.0130, 0.0009,0.0027,-0.0027, 0.7341,-0.0646,0.6693,0.0946, -42.0410,-17.9749,0.6683
sensor, 0.0037,-0.0061,-0.0186, 0.0020,0.0017,-0.0027, 0.7341,-0.0646,0.6693,0.0946, -42.0410,-17.9749,0.6683
sensor, 0.0298,0.0053,-0.0050, 0.0020,0.0038,-0.0037, 0.7341,-0.0646,0.6693,0.0946, -42.0410,-17.9749,0.6683
sensor, 0.0138,-0.0290,-0.0143, 0.0009,0.0027,-0.0037, 0.7341,-0.0646,0.6693,0.0946, -39.9460,-17.2760,-0.0107
sensor, 0.0012,-0.0003,0.0096, -0.0012,-0.0005,-0.0005, 0.7341,-0.0646,0.6693,0.0946, -39.9460,-17.2760,-0.0107
sensor, -0.0118,-0.0199,-0.0430, 0.0009,0.0006,-0.0016, 0.7341,-0.0646,0.6693,0.0946, -39.9460,-17.2760,-0.0107
sensor, 0.0274,-0.0376,-0.0219, 0.0030,0.0017,-0.0016, 0.7342,-0.0646,0.6692,0.0946, -39.9460,-17.2760,-0.0107
sensor, 0.0094,-0.0222,-0.0331, 0.0020,0.0017,-0.0016, 0.7342,-0.0646,0.6692,0.0946, -39.9460,-17.2760,-0.0107
sensor, 0.0301,-0.0095,-0.0147, -0.0002,0.0006,0.0005, 0.7342,-0.0646,0.6692,0.0947, -39.9460,-17.2760,-0.0107
sensor, 0.0316,-0.0034,0.0002, -0.0002,0.0017,0.0016, 0.7342,-0.0647,0.6692,0.0947, -39.9460,-17.2760,-0.0107
sensor, 0.0363,-0.0030,0.0215, 0.0009,0.0006,0.0027, 0.7342,-0.0646,0.6692,0.0946, -39.9460,-17.2760,-0.0107
sensor, 0.0256,0.0062,-0.0098, -0.0012,-0.0005,0.0048, 0.7342,-0.0646,0.6692,0.0946, -39.9460,-17.9749,-1.3702
sensor, 0.0230,-0.0254,-0.0272, -0.0023,-0.0015,0.0048, 0.7341,-0.0650,0.6692,0.0949, -39.9460,-17.9749,-1.3702
sensor, 0.0184,-0.0264,-0.0128, -0.0012,-0.0037,0.0048, 0.7341,-0.0650,0.6692,0.0949, -39.9460,-17.9749,-1.3702
sensor, 0.0437,-0.0209,0.0179, 0.0009,-0.0015,0.0048, 0.7341,-0.0651,0.6692,0.0949, -39.9460,-17.9749,-1.3702
sensor, -0.0021,0.0056,0.0036, -0.0012,-0.0015,0.0048, 0.7341,-0.0651,0.6692,0.0949, -41.3437,-16.5787,1.3489
sensor, 0.0119,-0.0045,-0.0237, -0.0012,-0.0005,0.0069, 0.7342,-0.0647,0.6692,0.0946, -41.3437,-16.5787,1.3489
sensor, 0.0115,0.0172,-0.0289, -0.0034,-0.0058,0.0069, 0.7342,-0.0648,0.6692,0.0946, -41.3437,-16.5787,1.3489
sensor, -0.0108,-0.0141,-0.0071, -0.0012,-0.0037,0.0059, 0.7342,-0.0648,0.6692,0.0946, -41.3437,-16.5787,1.3489
sensor, -0.0054,0.0003,-0.0058, -0.0012,-0.0026,0.0080, 0.7342,-0.0649,0.6692,0.0946, -42.0410,-18.6737,-0.0107
sensor, -0.0214,-0.0026,0.0173, -0.0012,-0.0026,0.0080, 0.7342,-0.0648,0.6692,0.0946, -42.0410,-18.6737,-0.0107
sensor, 0.0058,-0.0360,-0.0244, -0.0034,-0.0015,0.0080, 0.7342,-0.0648,0.6692,0.0946, -42.0410,-18.6737,-0.0107
sensor, -0.0412,0.0302,0.0064, -0.0012,0.0006,0.0069, 0.7342,-0.0649,0.6692,0.0945, -42.0410,-18.6737,-0.0107
sensor, -0.0237,-0.0066,0.0077, -0.0002,0.0017,0.0112, 0.7342,-0.0649,0.6692,0.0945, -40.6448,-17.9749,1.3489
sensor, -0.0012,-0.0006,0.0229, -0.0002,-0.0015,0.0133, 0.7342,-0.0645,0.6693,0.0941, -40.6448,-17.9749,1.3489
sensor, -0.0232,-0.0047,0.0075, -0.0012,0.0017,0.0133, 0.7342,-0.0644,0.6693,0.0941, -40.6448,-17.9749,1.3489
sensor, 0.0036,-0.0090,-0.0149, 0.0020,0.0006,0.0144, 0.7342,-0.0644,0.6693,0.0940, -40.6448,-17.9749,1.3489
sensor, 0.0083,0.0010,0.0084, 0.0030,-0.0005,0.0144, 0.7342,-0.0645,0.6693,0.0940, -39.9460,-16.5787,-0.6897
sensor, -0.0063,0.0256,-0.0260, 0.0020,-0.0015,0.0133, 0.7342,-0.0648,0.6692,0.0942, -39.9460,-16.5787,-0.6897
sensor, 0.0222,0.0133,0.0084, 0.0041,-0.0005,0.0133, 0.7342,-0.0648,0.6692,0.0942, -39.9460,-16.5787,-0.6897
sensor, 0.0098,-0.0215,0.0096, 0.0062,-0.0015,0.0133, 0.7342,-0.0648,0.6692,0.0941, -39.9460,-16.5787,-0.6897
sensor, 0.0296,-0.0117,-0.0070, 0.0073,-0.0026,0.0133, 0.7342,-0.0648,0.6693,0.0941, -41.3437,-17.9749,0.6683
sensor, 0.0124,-0.0171,-0.0094, 0.0062,-0.0037,0.0154, 0.7342,-0.0646,0.6693,0.0939, -41.3437,-17.9749,0.6683
sensor, 0.0337,-0.0048,0.0174, 0.0073,-0.0058,0.0112, 0.7342,-0.0646,0.6693,0.0938, -41.3437,-17.9749,0.6683
sensor, 0.0090,-0.0331,-0.0115, 0.0073,-0.0058,0.0112, 0.7342,-0.0647,0.6693,0.0938, -41.3437,-17.9749,0.6683
sensor, 0.0295,-0.0227,-0.0002, 0.0083,-0.0047,0.0122, 0.7342,-0.0647,0.6693,0.0938, -39.9460,-18.6737,0.6683
sensor, 0.0408,0.0131,-0.0050, 0.0105,-0.0037,0.0112, 0.7343,-0.0645,0.6693,0.0935, -39.9460,-18.6737,0.6683
sensor, 0.0116,-0.0174,-0.0172, 0.0116,-0.0047,0.0091, 0.7343,-0.0645,0.6693,0.0935, -39.9460,-18.6737,0.6683
sensor, 0.0065,-0.0026,-0.0270, 0.0105,-0.0015,0.0080, 0.7343,-0.0645,0.6693,0.0935, -39.9460,-18.6737,0.6683
sensor, 0.0005,-0.0018,0.0472, 0.0126,-0.0015,0.0080, 0.7343,-0.0646,0.6693,0.0935, -41.3437,-17.9749,-1.3702
sensor, -0.0301,-0.0355,0.0402, 0.0126,-0.0037,0.0080, 0.7343,-0.0650,0.6692,0.0938, -41.3437,-17.9749,-1.3702
sensor, -0.0106,-0.0137,-0.0067, 0.0137,-0.0005,0.0080, 0.7343,-0.0650,0.6692,0.0938, -41.3437,-17.9749,-1.3702
sensor, -0.0179,-0.0377,-0.0055, 0.0137,-0.0037,0.0091, 0.7343,-0.0650,0.6692,0.0937, -41.3437,-17.9749,-1.3702
sensor, 0.0030,-0.0078,-0.0160, 0.0116,-0.0026,0.0112, 0.7343,-0.0650,0.6692,0.0937, -41.3437,-17.2760,1.3489
sensor, -0.0080,-0.0388,0.0279, 0.0116,-0.0026,0.0122, 0.7343,-0.0647,0.6693,0.0934, -41.3437,-17.2760,1.3489
sensor, 0.0009,-0.0412,-0.0273, 0.0105,0.0006,0.0101, 0.7343,-0.0647,0.6693,0.0933, -41.3437,-17.2760,1.3489
sensor, 0.0124,-0.0065,-0.0348, 0.0094,0.0027,0.0112, 0.7343,-0.0647,0.6693,0.0933, -41.3437,-17.2760,1.3489
sensor, -0.0165,-0.0527,-0.0562, 0.0116,0.0006,0.0122, 0.7343,-0.0648,0.6693,0.0933, -39.2471,-17.9749,-0.6897
sensor, 0.0026,-0.0432,-0.0031, 0.0083,-0.0015,0.0144, 0.7343,-0.0650,0.6692,0.0934, -39.2471,-17.9749,-0.6897
sensor, -0.0019,-0.0149,-0.0452, 0.0062,-0.0005,0.0144, 0.7343,-0.0650,0.6692,0.0933, -39.2471,-17.9749,-0.6897
sensor, -0.0025,-0.0451,-0.0384, 0.0062,0.0017,0.0154, 0.7343,-0.0650,0.6692,0.0933, -39.2471,-17.9749,-0.6897
sensor, 0.0310,-0.0466,-0.0066, 0.0041,-0.0005,0.0176, 0.7343,-0.0651,0.6692,0.0932, -40.6448,-17.2760,-0.6897
sensor, -0.0195,-0.0072,-0.0184, 0.0030,-0.0005,0.0197, 0.7343,-0.0653,0.6692,0.0934, -40.6448,-17.2760,-0.6897
sensor, -0.0288,0.0090,-0.0356, 0.0020,-0.0015,0.0218, 0.7343,-0.0654,0.6692,0.0933, -40.6448,-17.2760,-0.6897
sensor, 0.0082,-0.0213,0.0032, -0.0002,-0.0047,0.0272, 0.7343,-0.0654,0.6692,0.0933, -40.6448,-17.2760,-0.6897
sensor, -0.0047,0.0076,-0.0769, 0.0009,-0.0015,0.0282, 0.7343,-0.0655,0.6692,0.0932, -40.6448,-17.2760,-0.0107
sensor, 0.0137,0.0364,-0.0236, -0.0012,-0.0026,0.0282, 0.7343,-0.0656,0.6691,0.0933, -40.6448,-17.2760,-0.0107
sensor, -0.0331,0.0334,-0.0437, -0.0012,-0.0047,0.0282, 0.7343,-0.0656,0.6691,0.0932, -40.6448,-17.2760,-0.0107
sensor, -0.0261,0.0326,-0.0485, -0.0012,-0.0037,0.0336, 0.7344,-0.0657,0.6691,0.0932, -40.6448,-17.2760,-0.0107
sensor, -0.0345,0.0030,-0.0170, -0.0012,-0.0037,0.0346, 0.7344,-0.0658,0.6691,0.0932, -42.0410,-17.9749,-0.6897
sensor, -0.0497,0.0457,-0.0722, -0.0012,-0.0037,0.0368, 0.7344,-0.0660,0.6691,0.0933, -42.0410,-17.9749,-0.6897
sensor, -0.0117,0.0511,-0.0015, -0.0012,-0.0015,0.0410, 0.7344,-0.0661,0.6690,0.0933, -42.0410,-17.9749,-0.6897
sensor, -0.0340,0.0441,-0.0214, -0.0012,-0.0005,0.0442, 0.7344,-0.0662,0.6690,0.0932, -42.0410,-17.9749,-0.6897
sensor, -0.0373,0.0211,0.0007, 0.0009,-0.0047,0.0485, 0.7344,-0.0662,0.6690,0.0931, -42.7399,-17.9749,1.3489
sensor, -0.0624,0.0083,-0.0094, 0.0020,-0.0005,0.0517, 0.7344,-0.0659,0.6691,0.0927, -42.7399,-17.9749,1.3489
sensor, -0.0017,-0.0013,-0.0011, 0.0020,-0.0026,0.0613, 0.7344,-0.0660,0.6691,0.0926, -42.7399,-17.9749,1.3489
sensor, -0.0179,0.0143,-0.0426, 0.0020,-0.0026,0.0613, 0.7344,-0.0660,0.6691,0.0924, -42.7399,-17.9749,1.3489
sensor, -0.0327,0.0195,-0.0145, -0.0012,-0.0026,0.0740, 0.7344,-0.0661,0.6691,0.0923, -41.3437,-17.2760,-1.3702
sensor, -0.0033,0.0182,-0.0386, -0.0023,-0.0026,0.0836, 0.7344,-0.0666,0.6691,0.0925, -41.3437,-17.2760,-1.3702
sensor, -0.0191,0.0942,-0.0281, -0.0044,-0.0015,0.0911, 0.7344,-0.0667,0.6691,0.0923, -41.3437,-17.2760,-1.3702
sensor, 0.0105,0.0801,-0.0135, -0.0044,-0.0037,0.1039, 0.7344,-0.0669,0.6691,0.0919, -41.3437,-17.2760,-1.3702
sensor, 0.0114,0.0519,-0.0268, -0.0044,-0.0047,0.1071, 0.7344,-0.0669,0.6691,0.0919, -41.3437,-18.6737,-0.6897
sensor, -0.0548,0.0814,-0.0534, -0.0023,-0.0090,0.1124, 0.7344,-0.0671,0.6691,0.0918, -41.3437,-18.6737,-0.6897
sensor, -0.0356,0.0624,-0.0312, -0.0034,-0.0090,0.1209, 0.7344,-0.0673,0.6691,0.0916, -41.3437,-18.6737,-0.6897
sensor, -0.0637,0.0884,-0.0648, -0.0055,-0.0068,0.1294, 0.7344,-0.0675,0.6691,0.0915, -41.3437,-18.6737,-0.6897
sensor, -0.0750,0.0764,-0.0144, -0.0044,-0.0068,0.1379, 0.7344,-0.0678,0.6691,0.0913, -41.3437,-17.2760,-0.6897
sensor, -0.0809,0.0877,-0.0160, -0.0034,-0.0079,0.1475, 0.7344,-0.0683,0.6691,0.0914, -41.3437,-17.2760,-0.6897
sensor, -0.0615,0.1097,-0.0336, -0.0034,-0.0068,0.1550, 0.7344,-0.0686,0.6691,0.0912, -41.3437,-17.2760,-0.6897
sensor, -0.0464,0.1605,0.0038, -0.0034,-0.0079,0.1646, 0.7344,-0.0689,0.6691,0.0910, -41.3437,-17.2760,-0.6897
sensor, -0.0514,0.1444,-0.0650, 0.0009,-0.0079,0.1763, 0.7344,-0.0692,0.6691,0.0908, -41.3437,-17.2760,0.6683
sensor, -0.0459,0.1628,-0.0088, 0.0052,-0.0090,0.1848, 0.7344,-0.0694,0.6691,0.0905, -41.3437,-17.2760,0.6683
sensor, -0.0690,0.1998,-0.0487, 0.0062,-0.0068,0.1934, 0.7344,-0.0698,0.6691,0.0903, -41.3437,-17.2760,0.6683
sensor, -0.0563,0.1884,-0.0414, 0.0083,-0.0079,0.2040, 0.7344,-0.0701,0.6691,0.0901, -41.3437,-17.2760,0.6683
sensor, -0.1087,0.2024,-0.0566, 0.0137,-0.0090,0.2136, 0.7344,-0.0705,0.6691,0.0898, -42.0410,-17.9749,2.0279
sensor, -0.0473,0.2128,-0.0208, 0.0190,-0.0068,0.2242, 0.7344,-0.0703,0.6692,0.0890, -42.0410,-17.9749,2.0279
sensor, -0.0799,0.1804,-0.0144, 0.0233,-0.0122,0.2349, 0.7344,-0.0707,0.6692,0.0887, -42.0410,-17.9749,2.0279
sensor, -0.0802,0.2051,-0.0189, 0.0286,-0.0132,0.2455, 0.7344,-0.0711,0.6692,0.0884, -42.0410,-17.9749,2.0279
sensor, -0.0843,0.1936,-0.0217, 0.0329,-0.0122,0.2594, 0.7344,-0.0715,0.6692,0.0881, -40.6448,-17.2760,-0.0107
sensor, -0.1024,0.1872,-0.0532, 0.0361,-0.0132,0.2732, 0.7344,-0.0719,0.6692,0.0877, -40.6448,-17.2760,-0.0107
sensor, -0.1280,0.1733,-0.0387, 0.0371,-0.0143,0.2850, 0.7344,-0.0724,0.6692,0.0873, -40.6448,-17.2760,-0.0107
sensor, -0.1240,0.1925,-0.0502, 0.0371,-0.0143,0.2850, 0.7344,-0.0729,0.6692,0.0869, -40.6448,-17.2760,-0.0107
sensor, -0.1088,0.1944,-0.0077, 0.0435,-0.0090,0.3084, 0.7343,-0.0734,0.6692,0.0864, -42.7399,-15.1810,-0.0107
sensor, -0.0715,0.2185,-0.0060, 0.0467,-0.0090,0.3191, 0.7343,-0.0741,0.6693,0.0861, -42.7399,-15.1810,-0.0107
sensor, -0.0754,0.2025,-0.0615, 0.0510,-0.0111,0.3329, 0.7343,-0.0746,0.6693,0.0856, -42.7399,-15.1810,-0.0107
sensor, -0.0320,0.2179,-0.0579, 0.0552,-0.0132,0.3446, 0.7343,-0.0751,0.6693,0.0851, -42.7399,-15.1810,-0.0107
sensor, -0.0935,0.2358,-0.0367, 0.0563,-0.0154,0.3531, 0.7342,-0.0765,0.6693,0.0842, -42.0410,-16.5787,-0.6897
sensor, -0.1007,0.2477,-0.0340, 0.0627,-0.0132,0.3670, 0.7342,-0.0765,0.6693,0.0842, -42.0410,-16.5787,-0.6897
sensor, -0.1111,0.2315,-0.0162, 0.0669,-0.0164,0.3776, 0.7342,-0.0771,0.6694,0.0836, -42.0410,-16.5787,-0.6897
sensor, -0.1360,0.2062,-0.0041, 0.0701,-0.0143,0.3894, 0.7341,-0.0777,0.6694,0.0830, -42.0410,-16.5787,-0.6897
sensor, -0.1214,0.2209,0.0189, 0.0755,-0.0132,0.4021, 0.7341,-0.0783,0.6695,0.0823, -43.4387,-16.5787,-0.0107
sensor, -0.1233,0.2175,-0.0168, 0.0776,-0.0132,0.4149, 0.7341,-0.0790,0.6695,0.0817, -43.4387,-16.5787,-0.0107
sensor, -0.0850,0.2316,-0.0257, 0.0808,-0.0143,0.4277, 0.7340,-0.0796,0.6696,0.0810, -43.4387,-16.5787,-0.0107
sensor, -0.0803,0.2474,-0.0395, 0.0840,-0.0164,0.4405, 0.7340,-0.0803,0.6696,0.0802, -43.4387,-16.5787,-0.0107
sensor, -0.0571,0.2470,-0.0547, 0.0872,-0.0175,0.4543, 0.7340,-0.0809,0.6696,0.0795, -42.7399,-15.1810,0.6683
sensor, -0.0531,0.2413,-0.0268, 0.0904,-0.0207,0.4650, 0.7339,-0.0816,0.6697,0.0786, -42.7399,-15.1810,0.6683
sensor, -0.0538,0.2421,-0.0166, 0.0978,-0.0228,0.4778, 0.7339,-0.0823,0.6697,0.0778, -42.7399,-15.1810,0.6683
sensor, -0.1049,0.2423,-0.0539, 0.1010,-0.0250,0.4916, 0.7339,-0.0830,0.6698,0.0770, -42.7399,-15.1810,0.6683
sensor, -0.1021,0.2423,-0.0707, 0.1010,-0.0239,0.5044, 0.7338,-0.0838,0.6698,0.0761, -42.0410,-15.8798,-0.0107
sensor, -0.1539,0.2581,-0.0307, 0.1042,-0.0250,0.5161, 0.7338,-0.0847,0.6698,0.0753, -42.0410,-15.8798,-0.0107
sensor, -0.1505,0.2355,-0.0026, 0.1064,-0.0239,0.5300, 0.7338,-0.0854,0.6699,0.0744, -42.0410,-15.8798,-0.0107
sensor, -0.1795,0.2301,-0.0131, 0.1085,-0.0228,0.5449, 0.7337,-0.0862,0.6699,0.0734, -42.0410,-15.8798,-0.0107
sensor, -0.1598,0.2050,-0.0491, 0.1117,-0.0228,0.5577, 0.7337,-0.0871,0.6700,0.0724, -42.0410,-15.8798,0.6683
sensor, -0.1993,0.2065,-0.0609, 0.1138,-0.0207,0.5726, 0.7336,-0.0878,0.6701,0.0713, -42.0410,-15.8798,0.6683
sensor, -0.1733,0.2099,-0.0322, 0.1149,-0.0196,0.5875, 0.7336,-0.0887,0.6701,0.0703, -42.0410,-15.8798,0.6683
sensor, -0.2021,0.1928,-0.0368, 0.1160,-0.0186,0.6003, 0.7335,-0.0896,0.6702,0.0692, -42.0410,-15.8798,0.6683
sensor, -0.2133,0.1851,-0.0282, 0.1181,-0.0143,0.6131, 0.7335,-0.0905,0.6702,0.0681, -42.0410,-15.8798,1.3489
sensor, -0.1668,0.1353,-0.0736, 0.1181,-0.0122,0.6258, 0.7334,-0.0911,0.6703,0.0666, -42.0410,-15.8798,1.3489
sensor, -0.1573,0.1321,-0.0547, 0.1160,-0.0132,0.6418, 0.7333,-0.0921,0.6704,0.0655, -42.0410,-15.8798,1.3489
sensor, -0.1401,0.1461,-0.0841, 0.1117,-0.0132,0.6557, 0.7332,-0.0932,0.6705,0.0643, -42.0410,-15.8798,1.3489
sensor, -0.1267,0.1101,-0.0870, 0.1085,-0.0154,0.6727, 0.7331,-0.0943,0.6705,0.0631, -42.0410,-13.7848,0.6683
sensor, -0.1186,0.1020,-0.0891, 0.1010,-0.0132,0.6866, 0.7331,-0.0953,0.6706,0.0618, -42.0410,-13.7848,0.6683
sensor, -0.1571,0.1347,-0.0914, 0.0968,-0.0111,0.6972, 0.7329,-0.0965,0.6707,0.0605, -42.0410,-13.7848,0.6683
sensor, -0.1367,0.1421,-0.0556, 0.0936,-0.0101,0.7079, 0.7328,-0.0976,0.6708,0.0592, -42.0410,-13.7848,0.6683
sensor, -0.1359,0.1785,-0.0361, 0.0904,-0.0068,0.7153, 0.7327,-0.0988,0.6709,0.0579, -43.4387,-11.6882,1.3489
sensor, -0.1534,0.1882,-0.0730, 0.0872,-0.0037,0.7185, 0.7325,-0.0999,0.6710,0.0565, -43.4387,-11.6882,1.3489
sensor, -0.1437,0.1755,-0.0621, 0.0851,-0.0015,0.7217, 0.7324,-0.1011,0.6711,0.0552, -43.4387,-11.6882,1.3489
sensor, -0.1446,0.1729,-0.0492, 0.0829,-0.0005,0.7302, 0.7322,-0.1023,0.6712,0.0539, -43.4387,-11.6882,1.3489
sensor, -0.1721,0.1936,-0.0573, 0.0797,0.0006,0.7398, 0.7321,-0.1035,0.6713,0.0526, -44.8349,-13.0859,0.6683
sensor, -0.1696,0.1745,-0.0216, 0.0776,0.0006,0.7494, 0.7317,-0.1060,0.6715,0.0499, -44.8349,-13.0859,0.6683
sensor, -0.1887,0.1910,-0.0595, 0.0744,0.0049,0.7579, 0.7315,-0.1073,0.6716,0.0485, -44.8349,-13.0859,0.6683
sensor, -0.2072,0.2134,-0.0542, 0.0723,0.0081,0.7654, 0.7315,-0.1073,0.6716,0.0485, -44.8349,-13.0859,0.6683
sensor, -0.2175,0.2021,-0.0399, 0.0733,0.0102,0.7750, 0.7313,-0.1086,0.6717,0.0472, -43.4387,-10.9909,-0.0107
sensor, -0.2159,0.2187,-0.0234, 0.0744,0.0145,0.7846, 0.7308,-0.1115,0.6719,0.0446, -43.4387,-10.9909,-0.0107
sensor, -0.2232,0.2704,-0.0011, 0.0818,0.0155,0.7931, 0.7308,-0.1115,0.6719,0.0446, -43.4387,-10.9909,-0.0107
sensor, -0.2287,0.2138,0.0319, 0.0829,0.0198,0.8037, 0.7303,-0.1141,0.6722,0.0417, -43.4387,-10.9909,-0.0107
sensor, -0.2508,0.2146,-0.0275, 0.0840,0.0219,0.8155, 0.7303,-0.1141,0.6722,0.0417, -44.8349,-11.6882,-0.0107
sensor, -0.2770,0.1909,0.0306, 0.0840,0.0219,0.8155, 0.7301,-0.1156,0.6723,0.0404, -44.8349,-11.6882,-0.0107
sensor, -0.2862,0.1712,0.0305, 0.0861,0.0272,0.8272, 0.7298,-0.1170,0.6725,0.0389, -44.8349,-11.6882,-0.0107
sensor, -0.1962,0.1602,-0.0704, 0.0914,0.0347,0.8453, 0.7295,-0.1184,0.6726,0.0374, -44.8349,-11.6882,-0.0107
sensor, -0.1876,0.2225,-0.1171, 0.0872,0.0315,0.8655, 0.7292,-0.1198,0.6728,0.0358, -46.9299,-9.5932,0.6683
sensor, -0.2258,0.2227,-0.0376, 0.0893,0.0347,0.8687, 0.7286,-0.1229,0.6731,0.0328, -46.9299,-9.5932,0.6683
sensor, -0.1957,0.2335,0.0064, 0.0893,0.0347,0.8687, 0.7286,-0.1229,0.6731,0.0328, -46.9299,-9.5932,0.6683
sensor, -0.2257,0.2365,-0.0296, 0.0893,0.0379,0.8719, 0.7282,-0.1243,0.6732,0.0313, -46.9299,-9.5932,0.6683
sensor, -0.2062,0.1922,-0.0222, 0.0946,0.0421,0.8762, 0.7279,-0.1258,0.6734,0.0297, -45.5338,-8.8959,2.0279
sensor, -0.2090,0.2116,0.0015, 0.0957,0.0443,0.8815, 0.7276,-0.1269,0.6736,0.0278, -45.5338,-8.8959,2.0279
sensor, -0.2250,0.1711,-0.0102, 0.0968,0.0443,0.8868, 0.7273,-0.1283,0.6737,0.0262, -45.5338,-8.8959,2.0279
sensor, -0.2481,0.2001,-0.0546, 0.1000,0.0454,0.8943, 0.7269,-0.1298,0.6739,0.0245, -45.5338,-8.8959,2.0279
sensor, -0.2816,0.2040,0.0137, 0.1042,0.0443,0.9049, 0.7262,-0.1327,0.6742,0.0212, -47.6288,-7.4982,1.3489
sensor, -0.3121,0.1971,0.0019, 0.1074,0.0507,0.9145, 0.7262,-0.1327,0.6742,0.0212, -47.6288,-7.4982,1.3489
sensor, -0.2954,0.1778,0.0668, 0.1085,0.0549,0.9241, 0.7254,-0.1356,0.6746,0.0178, -47.6288,-7.4982,1.3489
sensor, -0.2657,0.2198,0.0140, 0.1149,0.0603,0.9337, 0.7254,-0.1356,0.6746,0.0178, -47.6288,-7.4982,1.3489
sensor, -0.2361,0.2346,0.0097, 0.1213,0.0656,0.9433, 0.7250,-0.1371,0.6747,0.0160, -44.8349,-6.7993,1.3489
sensor, -0.2551,0.1806,-0.0019, 0.1245,0.0677,0.9508, 0.7242,-0.1400,0.6751,0.0124, -44.8349,-6.7993,1.3489
sensor, -0.2587,0.2094,0.0106, 0.1298,0.0667,0.9593, 0.7237,-0.1415,0.6753,0.0106, -44.8349,-6.7993,1.3489
sensor, -0.2847,0.2114,0.0027, 0.1351,0.0688,0.9678, 0.7233,-0.1431,0.6755,0.0087, -44.8349,-6.7993,1.3489
sensor, -0.2939,0.1915,0.0456, 0.1394,0.0752,0.9752, 0.7233,-0.1431,0.6755,0.0087, -46.2326,-5.4031,0.6683
sensor, -0.3259,0.1699,0.0015, 0.1490,0.0794,0.9848, 0.7223,-0.1462,0.6759,0.0051, -46.2326,-5.4031,0.6683
sensor, -0.3443,0.1722,0.0557, 0.1543,0.0858,0.9934, 0.7223,-0.1462,0.6759,0.0051, -46.2326,-5.4031,0.6683
sensor, -0.3567,0.1301,0.0672, 0.1543,0.0858,0.9934, 0.7218,-0.1478,0.6762,0.0032, -46.2326,-5.4031,0.6683
sensor, -0.3836,0.1400,0.0640, 0.1596,0.0880,0.9997, -0.7207,0.1507,-0.6766,0.0009, -47.6288,-5.4031,1.3489
sensor, -0.4272,0.1204,0.0572, 0.1692,0.1007,1.0147, -0.7202,0.1522,-0.6769,0.0029, -47.6288,-5.4031,1.3489
sensor, -0.4151,0.1521,0.0970, 0.1724,0.1093,1.0221, -0.7196,0.1537,-0.6771,0.0050, -47.6288,-5.4031,1.3489
sensor, -0.3891,0.1562,0.1068, 0.1756,0.1210,1.0296, -0.7196,0.1537,-0.6771,0.0050, -47.6288,-5.4031,1.3489
sensor, -0.3526,0.2224,0.1238, 0.1820,0.1263,1.0381, -0.7184,0.1567,-0.6777,0.0091, -47.6288,-5.4031,0.6683
sensor, -0.3059,0.2095,0.1181, 0.1841,0.1295,1.0413, -0.7177,0.1583,-0.6780,0.0112, -47.6288,-5.4031,0.6683
sensor, -0.2945,0.2239,0.0968, 0.1916,0.1316,1.0402, -0.7171,0.1598,-0.6783,0.0132, -47.6288,-5.4031,0.6683
sensor, -0.2583,0.2529,0.0966, 0.2033,0.1359,1.0413, -0.7164,0.1613,-0.6786,0.0153, -47.6288,-5.4031,0.6683
sensor, -0.2892,0.2351,0.1276, 0.2129,0.1402,1.0381, -0.7158,0.1625,-0.6789,0.0177, -47.6288,-4.0054,1.3489
sensor, -0.2968,0.2242,0.1040, 0.2203,0.1444,1.0370, -0.7151,0.1639,-0.6792,0.0198, -47.6288,-4.0054,1.3489
sensor, -0.3044,0.2328,0.1532, 0.2278,0.1465,1.0349, -0.7144,0.1654,-0.6795,0.0219, -47.6288,-4.0054,1.3489
sensor, -0.2779,0.1927,0.1439, 0.2459,0.1551,1.0338, -0.7137,0.1668,-0.6799,0.0241, -47.6288,-4.0054,1.3489
sensor, -0.3030,0.1874,0.1253, 0.2534,0.1561,1.0306, -0.7131,0.1678,-0.6802,0.0266, -45.5338,-3.3081,1.3489
sensor, -0.2779,0.1906,0.1671, 0.2534,0.1561,1.0306, -0.7131,0.1678,-0.6802,0.0266, -45.5338,-3.3081,1.3489
sensor, -0.2922,0.1480,0.1732, 0.2693,0.1636,1.0243, -0.7116,0.1705,-0.6809,0.0309, -45.5338,-3.3081,1.3489
sensor, -0.2866,0.1730,0.1402, 0.2693,0.1636,1.0243, -0.7116,0.1705,-0.6809,0.0309, -45.5338,-3.3081,1.3489
sensor, -0.2759,0.1253,0.1790, 0.2874,0.1710,1.0189, -0.7108,0.1718,-0.6812,0.0332, -46.2326,-2.6093,0.6683
sensor, -0.2786,0.1013,0.2331, 0.2960,0.1774,1.0243, -0.7093,0.1742,-0.6820,0.0378, -46.2326,-2.6093,0.6683
sensor, -0.2441,0.0814,0.1652, 0.3045,0.1753,1.0306, -0.7093,0.1742,-0.6820,0.0378, -46.2326,-2.6093,0.6683
sensor, -0.2033,0.0391,0.1730, 0.3130,0.1689,1.0360, -0.7085,0.1754,-0.6823,0.0401, -46.2326,-2.6093,0.6683
sensor, -0.1653,0.0026,0.0773, 0.3205,0.1647,1.0392, -0.7077,0.1767,-0.6827,0.0424, -46.9299,-2.6093,0.6683
sensor, -0.1217,-0.0159,0.0740, 0.3237,0.1551,1.0381, -0.7070,0.1777,-0.6830,0.0450, -46.9299,-2.6093,0.6683
sensor, -0.0991,-0.0704,0.1018, 0.3269,0.1508,1.0360, -0.7055,0.1803,-0.6836,0.0497, -46.9299,-2.6093,0.6683
sensor, -0.1491,-0.0745,0.1265, 0.3301,0.1433,1.0317, -0.7047,0.1815,-0.6839,0.0520, -46.9299,-2.6093,0.6683
sensor, -0.1895,-0.1022,0.1794, 0.3301,0.1412,1.0285, -0.7047,0.1815,-0.6839,0.0520, -47.6288,-1.9104,0.6683
sensor, -0.2411,-0.1840,0.1503, 0.3301,0.1412,1.0285, -0.7033,0.1837,-0.6844,0.0571, -47.6288,-1.9104,0.6683
sensor, -0.2210,-0.1746,0.1422, 0.3365,0.1380,1.0317, -0.7033,0.1837,-0.6844,0.0571, -47.6288,-1.9104,0.6683
sensor, -0.2307,-0.1784,0.1692, 0.3343,0.1348,1.0338, -0.7025,0.1849,-0.6847,0.0595, -47.6288,-1.9104,0.6683
sensor, -0.2080,-0.2157,0.1708, 0.3311,0.1327,1.0349, -0.7017,0.1861,-0.6849,0.0619, -47.6288,0.8835,1.3489
sensor, -0.2050,-0.2166,0.1637, 0.3343,0.1327,1.0338, -0.7011,0.1869,-0.6851,0.0648, -47.6288,0.8835,1.3489
sensor, -0.2246,-0.2219,0.2663, 0.3365,0.1316,1.0328, -0.6995,0.1894,-0.6856,0.0697, -47.6288,0.8835,1.3489
sensor, -0.2047,-0.1987,0.2290, 0.3354,0.1274,1.0306, -0.6995,0.1894,-0.6856,0.0697, -47.6288,0.8835,1.3489
sensor, -0.1719,-0.2288,0.2395, 0.3354,0.1274,1.0306, -0.6987,0.1905,-0.6858,0.0721, -47.6288,2.9785,1.3489
sensor, -0.1921,-0.2225,0.2075, 0.3354,0.1220,1.0115, -0.6973,0.1924,-0.6862,0.0773, -47.6288,2.9785,1.3489
sensor, -0.1880,-0.2463,0.1971, 0.3354,0.1220,1.0115, -0.6973,0.1924,-0.6862,0.0773, -47.6288,2.9785,1.3489
sensor, -0.1661,-0.2498,0.2595, 0.3354,0.1135,0.9944, -0.6957,0.1947,-0.6865,0.0821, -47.6288,2.9785,1.3489
sensor, -0.1737,-0.2989,0.2541, 0.3407,0.1135,0.9912, -0.6950,0.1955,-0.6867,0.0848, -48.3276,2.9785,0.6683
sensor, -0.1387,-0.3598,0.1542, 0.3333,0.1082,0.9859, -0.6950,0.1955,-0.6867,0.0848, -48.3276,2.9785,0.6683
sensor, -0.1366,-0.3256,0.1941, 0.3301,0.0986,0.9827, -0.6943,0.1966,-0.6868,0.0872, -48.3276,2.9785,0.6683
sensor, -0.1702,-0.3453,0.1910, 0.3269,0.0943,0.9763, -0.6936,0.1978,-0.6869,0.0895, -48.3276,2.9785,0.6683
sensor, -0.1504,-0.3830,0.2407, 0.3247,0.0869,0.9699, -0.6928,0.1989,-0.6870,0.0919, -47.6288,4.3747,-0.0107
sensor, -0.1903,-0.3609,0.2507, 0.3215,0.0773,0.9646, -0.6921,0.1998,-0.6871,0.0944, -47.6288,4.3747,-0.0107
sensor, -0.1815,-0.3605,0.2670, 0.3226,0.0752,0.9561, -0.6907,0.2020,-0.6873,0.0990, -47.6288,4.3747,-0.0107
sensor, -0.1910,-0.3659,0.2669, 0.3173,0.0741,0.9518, -0.6907,0.2020,-0.6873,0.0990, -47.6288,4.3747,-0.0107
sensor, -0.2030,-0.3866,0.2668, 0.3162,0.0720,0.9486, -0.6900,0.2030,-0.6873,0.1013, -49.0265,4.3747,-0.6897
sensor, -0.2532,-0.3813,0.3396, 0.3194,0.0730,0.9475, -0.6893,0.2041,-0.6874,0.1037, -49.0265,4.3747,-0.6897
sensor, -0.2347,-0.3415,0.2946, 0.3162,0.0635,0.9433, -0.6886,0.2051,-0.6874,0.1060, -49.0265,4.3747,-0.6897
sensor, -0.1522,-0.3621,0.2910, 0.3120,0.0528,0.9358, -0.6879,0.2061,-0.6875,0.1083, -49.0265,4.3747,-0.6897
sensor, -0.1678,-0.3616,0.2634, 0.3109,0.0475,0.9262, -0.6872,0.2072,-0.6875,0.1106, -48.3276,5.7724,0.6683
sensor, -0.1683,-0.3588,0.3151, 0.3056,0.0400,0.9135, -0.6866,0.2078,-0.6874,0.1133, -48.3276,5.7724,0.6683
sensor, -0.1630,-0.3907,0.3004, 0.3066,0.0347,0.9007, -0.6854,0.2097,-0.6873,0.1178, -48.3276,5.7724,0.6683
sensor, -0.1400,-0.3796,0.3031, 0.3077,0.0283,0.8922, -0.6854,0.2097,-0.6873,0.1178, -48.3276,5.7724,0.6683
sensor, -0.1210,-0.4394,0.2672, 0.3077,0.0230,0.8847, -0.6847,0.2107,-0.6873,0.1200, -48.3276,6.4697,0.6683
sensor, -0.1415,-0.4714,0.2493, 0.3034,0.0145,0.8773, -0.6842,0.2112,-0.6872,0.1226, -48.3276,6.4697,0.6683
sensor, -0.0955,-0.4668,0.2670, 0.2960,0.0027,0.8687, -0.6831,0.2131,-0.6870,0.1270, -48.3276,6.4697,0.6683
sensor, -0.1068,-0.5163,0.2451, 0.2896,-0.0047,0.8602, -0.6825,0.2140,-0.6868,0.1291, -48.3276,6.4697,0.6683
sensor, -0.1209,-0.4928,0.2364, 0.2832,-0.0111,0.8517, -0.6825,0.2140,-0.6868,0.1291, -47.6288,8.5663,2.0279
sensor, -0.1070,-0.5262,0.2442, 0.2736,-0.0228,0.8410, -0.6817,0.2151,-0.6864,0.1341, -47.6288,8.5663,2.0279
sensor, -0.1313,-0.5310,0.2265, 0.2683,-0.0335,0.8293, -0.6817,0.2151,-0.6864,0.1341, -47.6288,8.5663,2.0279
sensor, -0.1645,-0.5498,0.2012, 0.2587,-0.0367,0.8197, -0.6812,0.2160,-0.6862,0.1362, -47.6288,8.5663,2.0279
sensor, -0.1713,-0.5214,0.2392, 0.2587,-0.0367,0.8197, -0.6807,0.2169,-0.6860,0.1382, -48.3276,7.1686,-0.0107
sensor, -0.2010,-0.4960,0.2374, 0.2395,-0.0505,0.7984, -0.6803,0.2175,-0.6857,0.1405, -48.3276,7.1686,-0.0107
sensor, -0.1850,-0.5173,0.2826, 0.2342,-0.0527,0.7867, -0.6794,0.2193,-0.6852,0.1444, -48.3276,7.1686,-0.0107
sensor, -0.2326,-0.4558,0.3007, 0.2299,-0.0569,0.7760, -0.6794,0.2193,-0.6852,0.1444, -48.3276,7.1686,-0.0107
sensor, -0.2651,-0.4781,0.3123, 0.2225,-0.0654,0.7601, -0.6781,0.2218,-0.6844,0.1502, -46.9299,7.8674,-0.6897
sensor, -0.3082,-0.4497,0.3019, 0.2225,-0.0654,0.7601, -0.6781,0.2218,-0.6844,0.1502, -46.9299,7.8674,-0.6897
sensor, -0.2864,-0.4551,0.2951, 0.2182,-0.0665,0.7515, -0.6777,0.2226,-0.6841,0.1521, -46.9299,7.8674,-0.6897
sensor, -0.3467,-0.5017,0.3029, 0.2171,-0.0708,0.7420, -0.6777,0.2226,-0.6841,0.1521, -46.9299,7.8674,-0.6897
sensor, -0.4136,-0.5058,0.3320, 0.2129,-0.0761,0.7334, -0.6772,0.2234,-0.6833,0.1567, -49.7238,8.5663,2.0279
sensor, -0.4119,-0.4980,0.2652, 0.2129,-0.0761,0.7334, -0.6772,0.2234,-0.6833,0.1567, -49.7238,8.5663,2.0279
sensor, -0.4599,-0.5220,0.2985, 0.2044,-0.0750,0.7175, -0.6765,0.2250,-0.6827,0.1603, -49.7238,8.5663,2.0279
sensor, -0.4633,-0.5141,0.3000, 0.2001,-0.0718,0.7068, -0.6765,0.2250,-0.6827,0.1603, -49.7238,8.5663,2.0279
sensor, -0.4806,-0.5246,0.3318, 0.1958,-0.0676,0.6972, -0.6760,0.2258,-0.6819,0.1646, -48.3276,9.2636,2.0279
sensor, -0.5018,-0.5226,0.3198, 0.1926,-0.0601,0.6887, -0.6756,0.2266,-0.6816,0.1664, -48.3276,9.2636,2.0279
sensor, -0.5257,-0.4957,0.3715, 0.1873,-0.0548,0.6759, -0.6752,0.2273,-0.6813,0.1681, -48.3276,9.2636,2.0279
sensor, -0.5262,-0.4538,0.3292, 0.1831,-0.0484,0.6717, -0.6752,0.2273,-0.6813,0.1681, -48.3276,9.2636,2.0279
sensor, -0.4733,-0.5085,0.3001, 0.1831,-0.0484,0.6717, -0.6748,0.2281,-0.6811,0.1697, -47.6288,12.0575,1.3489
sensor, -0.4870,-0.4551,0.3352, 0.1756,-0.0505,0.6642, -0.6742,0.2290,-0.6804,0.1736, -47.6288,12.0575,1.3489
sensor, -0.4955,-0.4876,0.3086, 0.1713,-0.0388,0.6418, -0.6742,0.2290,-0.6804,0.1736, -47.6288,12.0575,1.3489
sensor, -0.4781,-0.4608,0.3000, 0.1660,-0.0345,0.6301, -0.6734,0.2305,-0.6799,0.1767, -47.6288,12.0575,1.3489
sensor, -0.4629,-0.4578,0.3253, 0.1671,-0.0314,0.6152, -0.6732,0.2306,-0.6795,0.1788, -47.6288,10.6613,1.3489
sensor, -0.4486,-0.4708,0.2838, 0.1671,-0.0314,0.6152, -0.6732,0.2306,-0.6795,0.1788, -47.6288,10.6613,1.3489
sensor, -0.4286,-0.5117,0.2973, 0.1660,-0.0282,0.6035, -0.6724,0.2320,-0.6790,0.1818, -47.6288,10.6613,1.3489
sensor, -0.3967,-0.4943,0.2405, 0.1617,-0.0228,0.5790, -0.6724,0.2320,-0.6790,0.1818, -47.6288,10.6613,1.3489
sensor, -0.3578,-0.5403,0.2395, 0.1617,-0.0228,0.5790, -0.6716,0.2332,-0.6785,0.1848, -47.6288,12.7563,-0.0107
sensor, -0.3417,-0.5015,0.2448, 0.1522,-0.0250,0.5460, -0.6713,0.2338,-0.6783,0.1861, -47.6288,12.7563,-0.0107
sensor, -0.3388,-0.5495,0.2192, 0.1522,-0.0250,0.5460, -0.6713,0.2338,-0.6783,0.1861, -47.6288,12.7563,-0.0107
sensor, -0.3562,-0.5170,0.2285, 0.1468,-0.0228,0.5278, -0.6709,0.2344,-0.6781,0.1874, -47.6288,12.7563,-0.0107
sensor, -0.3705,-0.5559,0.2619, 0.1394,-0.0218,0.4895, -0.6704,0.2352,-0.6776,0.1903, -47.6288,13.4552,0.6683
sensor, -0.3727,-0.5178,0.2806, 0.1373,-0.0196,0.4692, -0.6704,0.2352,-0.6776,0.1903, -47.6288,13.4552,0.6683
sensor, -0.4119,-0.5114,0.2709, 0.1373,-0.0196,0.4692, -0.6700,0.2357,-0.6774,0.1915, -47.6288,13.4552,0.6683
sensor, -0.4008,-0.5216,0.2704, 0.1340,-0.0154,0.4298, -0.6694,0.2367,-0.6770,0.1938, -47.6288,13.4552,0.6683
sensor, -0.3952,-0.5223,0.3007, 0.1351,-0.0132,0.4149, -0.6693,0.2365,-0.6767,0.1955, -49.0265,12.0575,1.3489
sensor, -0.4103,-0.5163,0.2573, 0.1340,-0.0132,0.3989, -0.6690,0.2369,-0.6765,0.1965, -49.0265,12.0575,1.3489
sensor, -0.3762,-0.5446,0.2654, 0.1340,-0.0132,0.3989, -0.6690,0.2369,-0.6765,0.1965, -49.0265,12.0575,1.3489
sensor, -0.3638,-0.5347,0.2845, 0.1309,-0.0122,0.3702, -0.6684,0.2377,-0.6763,0.1986, -49.0265,12.0575,1.3489
sensor, -0.3905,-0.4935,0.2927, 0.1309,-0.0122,0.3702, -0.6684,0.2377,-0.6763,0.1986, -49.0265,12.0575,1.3489
sensor, -0.3608,-0.5301,0.2699, 0.1287,-0.0101,0.3574, -0.6682,0.2377,-0.6760,0.1999, -48.3276,14.1525,0.6683
sensor, -0.4019,-0.5402,0.2547, 0.1309,-0.0143,0.3308, -0.6680,0.2380,-0.6759,0.2009, -48.3276,14.1525,0.6683
sensor, -0.3480,-0.5111,0.2140, 0.1309,-0.0143,0.3308, -0.6677,0.2383,-0.6758,0.2018, -48.3276,14.1525,0.6683
sensor, -0.3321,-0.5552,0.1833, 0.1287,-0.0175,0.3084, -0.6673,0.2386,-0.6754,0.2040, -48.3276,13.4552,0.6683
sensor, -0.3075,-0.5638,0.1610, 0.1287,-0.0175,0.3084, -0.6673,0.2386,-0.6754,0.2040, -48.3276,13.4552,0.6683
sensor, -0.3457,-0.5242,0.2065, 0.1255,-0.0239,0.2775, -0.6669,0.2391,-0.6751,0.2057, -48.3276,13.4552,0.6683
sensor, -0.3472,-0.5087,0.2325, 0.1255,-0.0239,0.2775, -0.6669,0.2391,-0.6751,0.2057, -48.3276,13.4552,0.6683
sensor, -0.3706,-0.5236,0.2627, 0.1170,-0.0271,0.2487, -0.6667,0.2393,-0.6750,0.2065, -48.3276,14.1525,1.3489
sensor, -0.3655,-0.5042,0.2336, 0.1160,-0.0303,0.2381, -0.6667,0.2389,-0.6747,0.2078, -48.3276,14.1525,1.3489
sensor, -0.3754,-0.4925,0.2413, 0.1160,-0.0303,0.2381, -0.6664,0.2392,-0.6745,0.2093, -48.3276,14.1525,1.3489
sensor, -0.3828,-0.5178,0.2341, 0.1160,-0.0324,0.2189, -0.6662,0.2394,-0.6744,0.2100, -48.3276,14.1525,1.3489
sensor, -0.4116,-0.5625,0.2168, 0.1149,-0.0335,0.2104, -0.6663,0.2388,-0.6740,0.2114, -47.6288,14.1525,2.0279
sensor, -0.4546,-0.5540,0.2394, 0.1149,-0.0335,0.2104, -0.6663,0.2388,-0.6740,0.2114, -47.6288,14.1525,2.0279
sensor, -0.4150,-0.5485,0.2035, 0.1117,-0.0367,0.1944, -0.6660,0.2390,-0.6738,0.2128, -47.6288,14.1525,2.0279
sensor, -0.4390,-0.5763,0.1959, 0.1117,-0.0367,0.1944, -0.6660,0.2390,-0.6738,0.2128, -47.6288,14.1525,2.0279
sensor, -0.4418,-0.5375,0.2363, 0.1021,-0.0399,0.1656, -0.6659,0.2391,-0.6737,0.2134, -48.3276,14.1525,2.0279
sensor, -0.4346,-0.5191,0.2507, 0.0989,-0.0377,0.1582, -0.6661,0.2385,-0.6733,0.2148, -48.3276,14.1525,2.0279
sensor, -0.4903,-0.5516,0.2153, 0.0989,-0.0377,0.1582, -0.6660,0.2386,-0.6732,0.2153, -48.3276,14.1525,2.0279
sensor, -0.4463,-0.5479,0.2279, 0.0946,-0.0377,0.1486, -0.6658,0.2387,-0.6730,0.2165, -48.3276,14.1525,2.0279
sensor, -0.4500,-0.5317,0.2054, 0.0914,-0.0388,0.1390, -0.6658,0.2387,-0.6730,0.2165, -46.9299,14.1525,1.3489
sensor, -0.4136,-0.5462,0.1892, 0.0882,-0.0399,0.1316, -0.6659,0.2382,-0.6727,0.2175, -46.9299,14.1525,1.3489
sensor, -0.4141,-0.5384,0.2199, 0.0797,-0.0377,0.1124, -0.6658,0.2383,-0.6726,0.2180, -46.9299,14.1525,1.3489
sensor, -0.4328,-0.5432,0.2232, 0.0797,-0.0377,0.1124, -0.6657,0.2383,-0.6725,0.2186, -46.9299,14.1525,1.3489
sensor, -0.4356,-0.5420,0.1955, 0.0755,-0.0399,0.0996, -0.6656,0.2384,-0.6724,0.2189, -46.9299,14.1525,1.3489
sensor, -0.3981,-0.5119,0.2151, 0.0680,-0.0399,0.0815, -0.6658,0.2377,-0.6720,0.2204, -48.3276,14.8514,2.0279
sensor, -0.4115,-0.4916,0.1906, 0.0659,-0.0409,0.0708, -0.6658,0.2377,-0.6719,0.2208, -48.3276,14.8514,2.0279
sensor, -0.4177,-0.4974,0.2122, 0.0616,-0.0399,0.0591, -0.6657,0.2377,-0.6719,0.2212, -48.3276,14.8514,2.0279
sensor, -0.4054,-0.4941,0.1634, 0.0574,-0.0399,0.0474, -0.6657,0.2377,-0.6719,0.2212, -48.3276,14.8514,2.0279
sensor, -0.4316,-0.4896,0.1759, 0.0574,-0.0388,0.0389, -0.6657,0.2376,-0.6718,0.2215, -48.3276,14.1525,2.0279
sensor, -0.4416,-0.4816,0.1933, 0.0531,-0.0388,0.0304, -0.6660,0.2369,-0.6714,0.2227, -48.3276,14.1525,2.0279
sensor, -0.4541,-0.4717,0.1671, 0.0478,-0.0367,0.0240, -0.6660,0.2368,-0.6714,0.2230, -48.3276,14.1525,2.0279
sensor, -0.4664,-0.4374,0.1168, 0.0478,-0.0367,0.0240, -0.6660,0.2368,-0.6714,0.2230, -48.3276,14.1525,2.0279
sensor, -0.4664,-0.4447,0.1811, 0.0456,-0.0356,0.0101, -0.6660,0.2365,-0.6711,0.2237, -49.7238,14.8514,0.6683
sensor, -0.4962,-0.3797,0.1671, 0.0424,-0.0324,0.0048, -0.6660,0.2365,-0.6711,0.2242, -49.7238,14.8514,0.6683
sensor, -0.4930,-0.3911,0.1811, 0.0424,-0.0324,0.0048, -0.6659,0.2364,-0.6710,0.2246, -49.7238,14.8514,0.6683
sensor, -0.4820,-0.3994,0.1784, 0.0392,-0.0292,-0.0016, -0.6659,0.2363,-0.6709,0.2250, -46.9299,14.8514,2.7084
sensor, -0.4799,-0.3871,0.1542, 0.0392,-0.0303,-0.0080, -0.6662,0.2355,-0.6705,0.2262, -46.9299,14.8514,2.7084
sensor, -0.4491,-0.3769,0.1590, 0.0382,-0.0260,-0.0144, -0.6661,0.2354,-0.6705,0.2266, -46.9299,14.8514,2.7084
sensor, -0.4621,-0.3633,0.1287, 0.0339,-0.0218,-0.0240, -0.6661,0.2353,-0.6703,0.2273, -46.9299,14.8514,2.7084
sensor, -0.4496,-0.3450,0.1609, 0.0339,-0.0196,-0.0272, -0.6661,0.2349,-0.6702,0.2279, -46.2326,14.8514,0.6683
sensor, -0.4845,-0.3140,0.1312, 0.0318,-0.0186,-0.0346, -0.6661,0.2349,-0.6702,0.2279, -46.2326,14.8514,0.6683
sensor, -0.4777,-0.2573,0.1401, 0.0329,-0.0154,-0.0378, -0.6661,0.2347,-0.6701,0.2285, -46.2326,14.8514,0.6683
sensor, -0.4888,-0.2765,0.1399, 0.0329,-0.0122,-0.0400, -0.6660,0.2346,-0.6701,0.2287, -46.2326,14.8514,0.6683
sensor, -0.4747,-0.2900,0.1210, 0.0297,-0.0101,-0.0442, -0.6660,0.2346,-0.6701,0.2287, -45.5338,14.8514,0.6683
sensor, -0.4410,-0.2754,0.1197, 0.0297,-0.0079,-0.0474, -0.6661,0.2342,-0.6700,0.2295, -45.5338,14.8514,0.6683
sensor, -0.4340,-0.2432,0.1101, 0.0286,-0.0058,-0.0506, -0.6661,0.2342,-0.6700,0.2295, -45.5338,14.8514,0.6683
sensor, -0.3996,-0.2423,0.0646, 0.0286,-0.0058,-0.0506, -0.6660,0.2341,-0.6700,0.2297, -45.5338,14.8514,0.6683
sensor, -0.4285,-0.2114,0.0751, 0.0211,-0.0026,-0.0549, -0.6660,0.2339,-0.6699,0.2300, -47.6288,14.1525,-0.0107
sensor, -0.4132,-0.2112,0.0990, 0.0179,-0.0015,-0.0581, -0.6660,0.2338,-0.6699,0.2302, -47.6288,14.1525,-0.0107
sensor, -0.4113,-0.2379,0.0947, 0.0179,0.0006,-0.0634, -0.6660,0.2338,-0.6699,0.2302, -47.6288,14.1525,-0.0107
sensor, -0.4400,-0.1994,0.0847, 0.0147,0.0038,-0.0655, -0.6659,0.2337,-0.6700,0.2304, -47.6288,14.1525,-0.0107
sensor, -0.4128,-0.1972,0.0487, 0.0126,0.0059,-0.0655, -0.6661,0.2332,-0.6698,0.2309, -48.3276,13.4552,1.3489
sensor, -0.4115,-0.2116,0.0365, 0.0083,0.0081,-0.0644, -0.6661,0.2332,-0.6698,0.2309, -48.3276,13.4552,1.3489
sensor, -0.4346,-0.1950,0.0911, 0.0083,0.0081,-0.0644, -0.6660,0.2332,-0.6698,0.2310, -48.3276,13.4552,1.3489
sensor, -0.4243,-0.1789,0.0832, 0.0030,0.0145,-0.0666, -0.6660,0.2330,-0.6699,0.2312, -48.3276,13.4552,1.3489
sensor, -0.4063,-0.1792,0.0807, 0.0030,0.0145,-0.0666, -0.6659,0.2331,-0.6699,0.2311, -46.9299,14.8514,-0.6897
sensor, -0.4153,-0.1597,0.1271, -0.0012,0.0208,-0.0676, -0.6659,0.2330,-0.6700,0.2312, -46.9299,14.8514,-0.6897
sensor, -0.4155,-0.1243,0.1258, -0.0012,0.0208,-0.0676, -0.6659,0.2330,-0.6700,0.2312, -46.9299,14.8514,-0.6897
sensor, -0.3644,-0.1106,0.1219, -0.0023,0.0251,-0.0676, -0.6658,0.2329,-0.6700,0.2313, -46.9299,14.8514,-0.6897
sensor, -0.3657,-0.0851,0.1262, -0.0055,0.0294,-0.0676, -0.6658,0.2328,-0.6701,0.2314, -48.3276,14.8514,1.3489
sensor, -0.3534,-0.0890,0.1160, -0.0055,0.0336,-0.0698, -0.6659,0.2323,-0.6700,0.2318, -48.3276,14.8514,1.3489
sensor, -0.3283,-0.0748,0.1163, -0.0055,0.0347,-0.0687, -0.6658,0.2322,-0.6701,0.2319, -48.3276,14.8514,1.3489
sensor, -0.3201,-0.0632,0.0982, -0.0076,0.0379,-0.0666, -0.6657,0.2320,-0.6702,0.2319, -48.3276,14.8514,1.3489
sensor, -0.2907,-0.0356,0.0808, -0.0076,0.0379,-0.0666, -0.6657,0.2320,-0.6702,0.2319, -48.3276,14.8514,2.7084
sensor, -0.2587,-0.0756,0.0747, -0.0055,0.0379,-0.0644, -0.6660,0.2311,-0.6700,0.2327, -48.3276,14.8514,2.7084
sensor, -0.2497,-0.0793,0.0522, -0.0055,0.0379,-0.0644, -0.6659,0.2310,-0.6701,0.2327, -48.3276,14.8514,2.7084
sensor, -0.2131,-0.0544,0.0788, -0.0066,0.0347,-0.0602, -0.6659,0.2310,-0.6702,0.2327, -48.3276,14.8514,2.7084
sensor, -0.1967,-0.0555,0.0846, -0.0098,0.0358,-0.0591, -0.6658,0.2309,-0.6702,0.2327, -47.6288,14.1525,2.0279
sensor, -0.2114,-0.0496,0.0684, -0.0076,0.0315,-0.0623, -0.6660,0.2302,-0.6702,0.2332, -47.6288,14.1525,2.0279
sensor, -0.2565,-0.0467,0.0815, -0.0098,0.0304,-0.0602, -0.6660,0.2302,-0.6702,0.2332, -47.6288,14.1525,2.0279
sensor, -0.2549,-0.0509,0.0847, -0.0119,0.0326,-0.0602, -0.6659,0.2300,-0.6703,0.2332, -47.6288,14.1525,2.0279
sensor, -0.2578,-0.0548,0.0661, -0.0130,0.0304,-0.0591, -0.6660,0.2295,-0.6702,0.2336, -48.3276,14.1525,1.3489
sensor, -0.2284,-0.0473,0.0509, -0.0151,0.0315,-0.0570, -0.6660,0.2295,-0.6703,0.2336, -48.3276,14.1525,1.3489
sensor, -0.2421,-0.0384,0.1028, -0.0161,0.0336,-0.0570, -0.6659,0.2294,-0.6704,0.2336, -48.3276,14.1525,1.3489
sensor, -0.1909,-0.0519,0.0775, -0.0151,0.0326,-0.0559, -0.6659,0.2293,-0.6704,0.2335, -48.3276,14.1525,1.3489
sensor, -0.1944,-0.0265,0.1006, -0.0151,0.0326,-0.0559, -0.6659,0.2293,-0.6704,0.2335, -47.6288,12.0575,-0.0107
sensor, -0.1492,-0.0288,0.0879, -0.0140,0.0336,-0.0538, -0.6658,0.2291,-0.6705,0.2336, -47.6288,12.0575,-0.0107
sensor, -0.1673,-0.0471,0.0823, -0.0140,0.0336,-0.0538, -0.6658,0.2290,-0.6706,0.2336, -47.6288,12.0575,-0.0107
sensor, -0.1027,-0.0374,0.0583, -0.0151,0.0336,-0.0538, -0.6658,0.2290,-0.6706,0.2336, -47.6288,12.0575,-0.0107
sensor, -0.1034,-0.0204,0.0806, -0.0172,0.0326,-0.0549, -0.6658,0.2290,-0.6707,0.2335, -48.3276,14.8514,1.3489
sensor, -0.1045,0.0056,0.0766, -0.0183,0.0304,-0.0570, -0.6659,0.2283,-0.6707,0.2338, -48.3276,14.8514,1.3489
sensor, -0.0749,0.0171,0.0968, -0.0183,0.0304,-0.0570, -0.6659,0.2282,-0.6708,0.2337, -48.3276,14.8514,1.3489
sensor, -0.0927,0.0316,0.1050, -0.0215,0.0304,-0.0623, -0.6659,0.2282,-0.6708,0.2337, -48.3276,14.8514,1.3489
sensor, -0.0977,0.0634,0.0883, -0.0193,0.0262,-0.0698, -0.6659,0.2281,-0.6709,0.2336, -48.3276,14.8514,1.3489
sensor, -0.1121,-0.0022,0.0984, -0.0161,0.0251,-0.0762, -0.6659,0.2279,-0.6709,0.2335, -47.6288,13.4552,1.3489
sensor, -0.1314,0.0138,0.1027, -0.0151,0.0240,-0.0751, -0.6660,0.2273,-0.6708,0.2339, -47.6288,13.4552,1.3489
sensor, -0.1505,0.0110,0.1299, -0.0140,0.0230,-0.0740, -0.6660,0.2270,-0.6710,0.2338, -47.6288,13.4552,1.3489
sensor, -0.1427,0.0123,0.1312, -0.0151,0.0219,-0.0762, -0.6660,0.2270,-0.6710,0.2338, -47.6288,13.4552,1.3489
sensor, -0.1683,-0.0011,0.0814, -0.0151,0.0187,-0.0730, -0.6660,0.2268,-0.6711,0.2338, -48.3276,12.7563,1.3489
sensor, -0.1935,-0.0152,0.1463, -0.0151,0.0187,-0.0730, -0.6661,0.2263,-0.6710,0.2342, -48.3276,12.7563,1.3489
sensor, -0.2102,-0.0173,0.1151, -0.0183,0.0240,-0.0708, -0.6661,0.2260,-0.6711,0.2341, -48.3276,12.7563,1.3489
sensor, -0.1725,-0.0243,0.1365, -0.0183,0.0262,-0.0740, -0.6661,0.2259,-0.6712,0.2341, -49.0265,14.8514,0.6683
sensor, -0.1640,0.0057,0.1438, -0.0183,0.0283,-0.0772, -0.6662,0.2254,-0.6711,0.2344, -49.0265,14.8514,0.6683
sensor, -0.1636,-0.0169,0.1081, -0.0193,0.0315,-0.0762, -0.6662,0.2253,-0.6712,0.2343, -49.0265,14.8514,0.6683
sensor, -0.1737,0.0367,0.1364, -0.0193,0.0304,-0.0794, -0.6662,0.2251,-0.6713,0.2343, -49.0265,14.8514,0.6683
sensor, -0.1863,-0.0076,0.1639, -0.0193,0.0336,-0.0772, -0.6661,0.2249,-0.6714,0.2343, -49.0265,14.8514,0.6683
sensor, -0.1712,0.0154,0.1629, -0.0204,0.0326,-0.0783, -0.6661,0.2249,-0.6714,0.2343, -46.2326,12.7563,-0.0107
sensor, -0.1580,0.0095,0.1505, -0.0215,0.0347,-0.0794, -0.6661,0.2245,-0.6715,0.2343, -46.2326,12.7563,-0.0107
sensor, -0.1402,0.0498,0.1174, -0.0215,0.0347,-0.0794, -0.6661,0.2245,-0.6715,0.2343, -46.2326,12.7563,-0.0107
sensor, -0.1465,0.0509,0.1300, -0.0204,0.0347,-0.0751, -0.6661,0.2242,-0.6717,0.2342, -46.2326,12.7563,-0.0107
sensor, -0.0934,0.0572,0.1345, -0.0215,0.0347,-0.0762, -0.6662,0.2237,-0.6717,0.2344, -48.3276,14.1525,0.6683
sensor, -0.1054,0.0255,0.1158, -0.0215,0.0347,-0.0762, -0.6662,0.2236,-0.6718,0.2343, -48.3276,14.1525,0.6683
sensor, -0.1158,0.0615,0.0886, -0.0225,0.0283,-0.0751, -0.6662,0.2236,-0.6718,0.2343, -48.3276,14.1525,0.6683
sensor, -0.1086,0.0542,0.1051, -0.0225,0.0262,-0.0730, -0.6662,0.2235,-0.6719,0.2342, -48.3276,14.1525,0.6683
sensor, -0.0859,0.0931,0.1189, -0.0225,0.0262,-0.0730, -0.6662,0.2233,-0.6720,0.2341, -47.6288,14.1525,1.3489
sensor, -0.0981,0.0693,0.0940, -0.0236,0.0219,-0.0698, -0.6663,0.2226,-0.6720,0.2344, -47.6288,14.1525,1.3489
sensor, -0.1248,0.0647,0.1359, -0.0236,0.0198,-0.0634, -0.6663,0.2224,-0.6720,0.2344, -47.6288,14.1525,1.3489
sensor, -0.1326,0.0690,0.1363, -0.0225,0.0155,-0.0613, -0.6663,0.2224,-0.6720,0.2344, -47.6288,14.1525,1.3489
sensor, -0.1435,0.1257,0.1141, -0.0204,0.0155,-0.0570, -0.6663,0.2222,-0.6721,0.2344, -47.6288,14.1525,1.3489
sensor, -0.1681,0.1053,0.1330, -0.0183,0.0145,-0.0527, -0.6665,0.2216,-0.6720,0.2347, -47.6288,14.1525,1.3489
sensor, -0.1435,0.0987,0.1547, -0.0161,0.0145,-0.0517, -0.6665,0.2215,-0.6720,0.2347, -47.6288,14.1525,1.3489
sensor, -0.1440,0.0670,0.1098, -0.0172,0.0123,-0.0485, -0.6665,0.2213,-0.6721,0.2348, -47.6288,14.1525,1.3489
sensor, -0.1459,0.0793,0.1174, -0.0140,0.0134,-0.0485, -0.6665,0.2212,-0.6721,0.2347, -48.3276,14.1525,0.6683
sensor, -0.1385,0.0900,0.1030, -0.0130,0.0123,-0.0453, -0.6666,0.2208,-0.6721,0.2350, -48.3276,14.1525,0.6683
sensor, -0.1427,0.1222,0.0795, -0.0130,0.0134,-0.0421, -0.6666,0.2205,-0.6722,0.2350, -48.3276,14.1525,0.6683
sensor, -0.1058,0.1155,0.1273, -0.0130,0.0134,-0.0421, -0.6666,0.2205,-0.6722,0.2350, -48.3276,14.1525,0.6683
sensor, -0.1078,0.1182,0.1398, -0.0076,0.0091,-0.0400, -0.6666,0.2204,-0.6722,0.2350, -46.9299,14.8514,0.6683
sensor, -0.0623,0.0828,0.1068, -0.0076,0.0091,-0.0400, -0.6667,0.2198,-0.6722,0.2353, -46.9299,14.8514,0.6683
sensor, -0.0620,0.0896,0.1147, -0.0055,0.0059,-0.0378, -0.6667,0.2196,-0.6722,0.2353, -46.9299,14.8514,0.6683
sensor, -0.0756,0.0842,0.0582, -0.0044,0.0049,-0.0368, -0.6668,0.2193,-0.6722,0.2355, -48.3276,14.1525,0.6683
sensor, -0.0587,0.0752,0.0719, -0.0012,0.0017,-0.0346, -0.6668,0.2191,-0.6722,0.2355, -48.3276,14.1525,0.6683
sensor, -0.0746,0.0689,0.0906, -0.0012,0.0017,-0.0346, -0.6668,0.2191,-0.6722,0.2355, -48.3276,14.1525,0.6683
sensor, -0.0944,0.0309,0.0710, -0.0012,-0.0037,-0.0314, -0.6668,0.2190,-0.6722,0.2355, -48.3276,14.1525,0.6683
sensor, -0.0833,0.0799,0.0455, -0.0012,-0.0037,-0.0314, -0.6669,0.2189,-0.6722,0.2355, -47.6288,12.0575,-0.0107
sensor, -0.0894,0.0532,0.0687, 0.0009,-0.0068,-0.0325, -0.6669,0.2186,-0.6722,0.2356, -47.6288,12.0575,-0.0107
sensor, -0.0862,0.0535,0.0729, 0.0041,-0.0079,-0.0304, -0.6669,0.2186,-0.6722,0.2356, -47.6288,12.0575,-0.0107
sensor, -0.0595,0.0331,0.0870, 0.0020,-0.0101,-0.0282, -0.6670,0.2185,-0.6722,0.2356, -47.6288,12.0575,-0.0107
sensor, -0.0888,0.0185,0.0690, -0.0002,-0.0132,-0.0261, -0.6672,0.2179,-0.6721,0.2361, -48.3276,13.4552,1.3489
sensor, -0.1265,0.0059,0.0484, -0.0012,-0.0122,-0.0261, -0.6672,0.2178,-0.6721,0.2362, -48.3276,13.4552,1.3489
sensor, -0.1172,0.0379,0.0705, -0.0012,-0.0143,-0.0240, -0.6672,0.2177,-0.6721,0.2362, -48.3276,13.4552,1.3489
sensor, -0.1480,0.0252,0.0622, -0.0023,-0.0143,-0.0218, -0.6672,0.2177,-0.6721,0.2362, -48.3276,13.4552,1.3489
sensor, -0.1498,0.0278,0.0975, -0.0012,-0.0122,-0.0208, -0.6673,0.2173,-0.6719,0.2365, -47.6288,13.4552,0.6683
sensor, -0.1817,0.0064,0.0856, -0.0012,-0.0122,-0.0197, -0.6673,0.2173,-0.6719,0.2365, -47.6288,13.4552,0.6683
sensor, -0.1908,-0.0056,0.0993, -0.0012,-0.0122,-0.0176, -0.6673,0.2172,-0.6719,0.2366, -47.6288,13.4552,0.6683
sensor, -0.1866,-0.0194,0.0913, 0.0009,-0.0079,-0.0133, -0.6674,0.2171,-0.6719,0.2367, -47.6288,13.4552,0.6683
sensor, -0.1969,-0.0404,0.0742, -0.0023,-0.0058,-0.0101, -0.6674,0.2171,-0.6719,0.2368, -47.6288,14.1525,2.7084
sensor, -0.1687,-0.0020,0.0689, -0.0034,-0.0068,-0.0059, -0.6676,0.2163,-0.6716,0.2377, -47.6288,14.1525,2.7084
sensor, -0.2044,-0.0227,0.0825, -0.0012,-0.0058,-0.0005, -0.6676,0.2163,-0.6716,0.2377, -47.6288,14.1525,2.7084
sensor, -0.1570,0.0007,0.0698, -0.0002,-0.0047,0.0016, -0.6676,0.2162,-0.6716,0.2379, -47.6288,14.1525,2.7084
sensor, -0.1340,-0.0121,0.0436, -0.0023,-0.0037,0.0005, -0.6676,0.2162,-0.6716,0.2379, -47.6288,12.0575,2.0279
sensor, -0.1020,0.0165,0.0495, -0.0023,-0.0037,0.0005, -0.6677,0.2156,-0.6713,0.2386, -47.6288,12.0575,2.0279
sensor, -0.1021,0.0018,0.0479, -0.0023,-0.0058,0.0005, -0.6677,0.2156,-0.6713,0.2386, -47.6288,12.0575,2.0279
sensor, -0.0832,-0.0069,0.0372, -0.0012,-0.0101,-0.0027, -0.6678,0.2156,-0.6713,0.2387, -47.6288,12.0575,2.0279
sensor, -0.1116,0.0128,0.0652, 0.0041,-0.0122,0.0005, -0.6678,0.2156,-0.6713,0.2387, -48.3276,15.5502,-0.0107
sensor, -0.1251,-0.0373,0.1012, 0.0020,-0.0122,0.0037, -0.6678,0.2155,-0.6713,0.2389, -48.3276,15.5502,-0.0107
sensor, -0.1219,-0.0651,0.0714, 0.0020,-0.0122,0.0037, -0.6678,0.2154,-0.6712,0.2390, -48.3276,15.5502,-0.0107
sensor, -0.1217,-0.0550,0.0932, -0.0002,-0.0122,0.0016, -0.6678,0.2154,-0.6712,0.2392, -48.3276,15.5502,-0.0107
sensor, -0.1161,-0.0683,0.0573, -0.0002,-0.0122,0.0016, -0.6678,0.2154,-0.6712,0.2392, -48.3276,12.7563,0.6683
sensor, -0.1198,-0.0664,0.0628, 0.0009,-0.0132,0.0037, -0.6678,0.2152,-0.6711,0.2395, -48.3276,12.7563,0.6683
sensor, -0.1315,-0.0684,0.0532, 0.0020,-0.0122,0.0027, -0.6679,0.2151,-0.6710,0.2396, -48.3276,12.7563,0.6683
sensor, -0.1247,-0.1010,0.0060, 0.0009,-0.0132,0.0016, -0.6678,0.2151,-0.6710,0.2397, -48.3276,12.7563,0.6683
sensor, -0.1148,-0.0836,0.0450, 0.0030,-0.0132,0.0005, -0.6680,0.2148,-0.6708,0.2402, -49.0265,13.4552,1.3489
sensor, -0.1284,-0.0793,0.1036, 0.0030,-0.0143,0.0005, -0.6680,0.2148,-0.6708,0.2402, -49.0265,13.4552,1.3489
sensor, -0.1330,-0.1003,0.0684, -0.0012,-0.0143,-0.0005, -0.6679,0.2149,-0.6708,0.2404, -49.0265,13.4552,1.3489
sensor, -0.1488,-0.0838,0.0160, -0.0012,-0.0122,-0.0027, -0.6679,0.2149,-0.6708,0.2404, -49.0265,13.4552,1.3489
sensor, -0.1480,-0.0895,0.0548, -0.0034,-0.0154,-0.0048, -0.6679,0.2150,-0.6707,0.2404, -49.0265,13.4552,1.3489
sensor, -0.0980,-0.0671,0.0944, -0.0012,-0.0132,-0.0069, -0.6680,0.2147,-0.6706,0.2408, -46.9299,13.4552,1.3489
sensor, -0.1352,-0.0669,0.0445, 0.0009,-0.0122,-0.0101, -0.6680,0.2147,-0.6706,0.2408, -46.9299,13.4552,1.3489
sensor, -0.1303,-0.0944,0.0238, 0.0009,-0.0122,-0.0101, -0.6680,0.2147,-0.6706,0.2408, -46.9299,13.4552,1.3489
sensor, -0.0990,-0.0371,0.0311, 0.0020,-0.0132,-0.0133, -0.6680,0.2148,-0.6706,0.2408, -47.6288,13.4552,1.3489
sensor, -0.1346,-0.0371,0.0134, 0.0020,-0.0132,-0.0133, -0.6680,0.2148,-0.6706,0.2408, -47.6288,13.4552,1.3489
sensor, -0.1236,-0.0466,0.0301, 0.0041,-0.0122,-0.0165, -0.6681,0.2144,-0.6704,0.2411, -47.6288,13.4552,1.3489
sensor, -0.1234,-0.0906,0.0135, 0.0062,-0.0122,-0.0197, -0.6681,0.2144,-0.6704,0.2411, -47.6288,13.4552,1.3489
sensor, -0.1492,-0.1157,0.0421, 0.0052,-0.0101,-0.0250, -0.6681,0.2145,-0.6704,0.2411, -47.6288,13.4552,1.3489
sensor, -0.1300,-0.1219,0.0011, 0.0030,-0.0101,-0.0272, -0.6681,0.2145,-0.6704,0.2411, -46.9299,12.0575,-0.0107
sensor, -0.1442,-0.1050,0.0011, 0.0030,-0.0101,-0.0272, -0.6681,0.2145,-0.6704,0.2411, -46.9299,12.0575,-0.0107
sensor, -0.1398,-0.1079,0.0177, 0.0030,-0.0111,-0.0314, -0.6681,0.2145,-0.6704,0.2411, -46.9299,12.0575,-0.0107
sensor, -0.1306,-0.0871,0.0251, 0.0009,-0.0122,-0.0325, -0.6681,0.2146,-0.6704,0.2411, -46.9299,12.0575,-0.0107
sensor, -0.1364,-0.0609,0.0368, 0.0009,-0.0090,-0.0325, -0.6682,0.2142,-0.6703,0.2414, -48.3276,14.1525,1.3489
sensor, -0.1409,-0.1052,0.0391, -0.0002,-0.0079,-0.0346, -0.6682,0.2142,-0.6703,0.2414, -48.3276,14.1525,1.3489
sensor, -0.1494,-0.0774,0.0169, -0.0002,-0.0090,-0.0357, -0.6682,0.2142,-0.6703,0.2414, -48.3276,14.1525,1.3489
sensor, -0.1538,-0.1113,0.0077, -0.0002,-0.0090,-0.0357, -0.6682,0.2142,-0.6703,0.2414, -48.3276,14.1525,1.3489
sensor, -0.1580,-0.1004,0.0419, 0.0009,-0.0058,-0.0346, -0.6682,0.2142,-0.6703,0.2414, -48.3276,12.0575,-0.6897
sensor, -0.1476,-0.0653,-0.0079, -0.0023,-0.0026,-0.0378, -0.6682,0.2143,-0.6704,0.2412, -48.3276,12.0575,-0.6897
sensor, -0.1397,-0.0560,-0.0082, -0.0044,-0.0058,-0.0357, -0.6682,0.2144,-0.6704,0.2412, -48.3276,12.0575,-0.6897
sensor, -0.1500,-0.0655,0.0256, -0.0044,-0.0026,-0.0389, -0.6682,0.2143,-0.6704,0.2411, -48.3276,12.0575,-0.6897
sensor, -0.1721,-0.0696,-0.0026, -0.0044,-0.0005,-0.0368, -0.6682,0.2143,-0.6704,0.2411, -49.0265,13.4552,-0.0107
sensor, -0.1545,-0.0353,0.0029, -0.0055,0.0006,-0.0378, -0.6682,0.2143,-0.6704,0.2411, -49.0265,13.4552,-0.0107
sensor, -0.1332,-0.0337,0.0196, -0.0055,0.0006,-0.0378, -0.6682,0.2143,-0.6704,0.2410, -49.0265,13.4552,-0.0107
sensor, -0.1232,-0.0653,-0.0120, -0.0076,0.0017,-0.0378, -0.6682,0.2143,-0.6704,0.2410, -49.0265,13.4552,-0.0107
sensor, -0.1286,-0.0257,0.0578, -0.0066,0.0070,-0.0378, -0.6683,0.2140,-0.6704,0.2412, -48.3276,11.3602,0.6683
sensor, -0.1307,-0.0676,0.0080, -0.0066,0.0059,-0.0389, -0.6683,0.2140,-0.6704,0.2411, -48.3276,11.3602,0.6683
sensor, -0.1469,-0.0393,0.0144, -0.0087,0.0102,-0.0378, -0.6683,0.2139,-0.6704,0.2412, -48.3276,11.3602,0.6683
sensor, -0.0999,-0.0908,0.0001, -0.0076,0.0113,-0.0378, -0.6683,0.2139,-0.6704,0.2412, -47.6288,12.7563,0.6683
sensor, -0.0968,-0.0712,0.0196, -0.0108,0.0113,-0.0378, -0.6684,0.2137,-0.6703,0.2413, -47.6288,12.7563,0.6683
sensor, -0.0935,-0.0450,-0.0236, -0.0140,0.0102,-0.0400, -0.6684,0.2137,-0.6703,0.2413, -47.6288,12.7563,0.6683
sensor, -0.1084,-0.0482,0.0247, -0.0140,0.0102,-0.0400, -0.6684,0.2136,-0.6704,0.2413, -47.6288,12.7563,0.6683
sensor, -0.0952,-0.0447,0.0004, -0.0140,0.0102,-0.0400, -0.6684,0.2135,-0.6704,0.2412, -47.6288,12.7563,0.6683
sensor, -0.1207,-0.0440,0.0051, -0.0140,0.0134,-0.0400, -0.6684,0.2135,-0.6704,0.2412, -46.2326,12.7563,-0.0107
sensor, -0.1172,-0.0465,0.0139, -0.0172,0.0145,-0.0389, -0.6684,0.2135,-0.6704,0.2412, -46.2326,12.7563,-0.0107
sensor, -0.1111,-0.0463,0.0082, -0.0183,0.0134,-0.0378, -0.6685,0.2134,-0.6704,0.2412, -46.2326,12.7563,-0.0107
sensor, -0.0888,-0.0302,-0.0022, -0.0183,0.0123,-0.0346, -0.6685,0.2134,-0.6704,0.2412, -46.9299,9.9625,0.6683
sensor, -0.1368,-0.0056,0.0242, -0.0183,0.0123,-0.0346, -0.6685,0.2134,-0.6704,0.2412, -46.9299,9.9625,0.6683
sensor, -0.1027,-0.0331,0.0193, -0.0204,0.0145,-0.0314, -0.6685,0.2132,-0.6704,0.2413, -46.9299,9.9625,0.6683
sensor, -0.1088,-0.0071,0.0561, -0.0193,0.0166,-0.0282, -0.6685,0.2131,-0.6704,0.2413, -46.9299,9.9625,0.6683
sensor, -0.0907,-0.0043,0.0560, -0.0193,0.0166,-0.0282, -0.6685,0.2130,-0.6704,0.2413, -48.3276,13.4552,1.3489
sensor, -0.1093,0.0301,0.0490, -0.0215,0.0166,-0.0282, -0.6687,0.2126,-0.6703,0.2417, -48.3276,13.4552,1.3489
sensor, -0.0985,0.0078,0.0265, -0.0193,0.0176,-0.0282, -0.6687,0.2125,-0.6703,0.2417, -48.3276,13.4552,1.3489
sensor, -0.0895,-0.0119,0.0057, -0.0193,0.0176,-0.0282, -0.6687,0.2125,-0.6703,0.2417, -48.3276,13.4552,1.3489
sensor, -0.1123,0.0286,0.0574, -0.0204,0.0198,-0.0261, -0.6687,0.2124,-0.6703,0.2417, -48.3276,12.7563,-0.6897
sensor, -0.0808,0.0299,0.0219, -0.0204,0.0176,-0.0229, -0.6686,0.2125,-0.6704,0.2416, -48.3276,12.7563,-0.6897
sensor, -0.0968,0.0086,0.0560, -0.0204,0.0176,-0.0229, -0.6686,0.2125,-0.6704,0.2416, -48.3276,12.7563,-0.6897
sensor, -0.0693,-0.0131,0.0328, -0.0183,0.0198,-0.0229, -0.6686,0.2124,-0.6704,0.2416, -48.3276,12.7563,-0.6897
sensor, -0.0731,0.0184,0.0127, -0.0193,0.0198,-0.0197, -0.6687,0.2119,-0.6703,0.2420, -48.3276,13.4552,1.3489
sensor, -0.0597,0.0097,0.0481, -0.0204,0.0187,-0.0218, -0.6688,0.2118,-0.6703,0.2420, -48.3276,13.4552,1.3489
sensor, -0.0366,0.0259,0.0176, -0.0183,0.0187,-0.0197, -0.6688,0.2118,-0.6703,0.2420, -48.3276,13.4552,1.3489
sensor, -0.0582,-0.0021,0.0319, -0.0183,0.0166,-0.0208, -0.6688,0.2118,-0.6703,0.2420, -48.3276,13.4552,1.3489
sensor, -0.0660,0.0260,0.0603, -0.0183,0.0166,-0.0197, -0.6688,0.2117,-0.6703,0.2420, -48.3276,13.4552,-0.0107
sensor, -0.0600,0.0145,0.0410, -0.0183,0.0176,-0.0176, -0.6688,0.2115,-0.6704,0.2421, -48.3276,13.4552,-0.0107
sensor, -0.0297,0.0352,0.0262, -0.0161,0.0176,-0.0165, -0.6688,0.2115,-0.6704,0.2421, -48.3276,13.4552,-0.0107
sensor, -0.0453,0.0292,0.0448, -0.0151,0.0176,-0.0165, -0.6688,0.2115,-0.6704,0.2421, -48.3276,13.4552,-0.0107
sensor, -0.0621,0.0149,0.0126, -0.0119,0.0176,-0.0197, -0.6688,0.2114,-0.6704,0.2421, -48.3276,11.3602,0.6683
sensor, -0.0235,0.0239,0.0713, -0.0119,0.0166,-0.0197, -0.6688,0.2110,-0.6704,0.2424, -48.3276,11.3602,0.6683
sensor, -0.0486,0.0333,0.0390, -0.0119,0.0166,-0.0218, -0.6688,0.2110,-0.6704,0.2424, -48.3276,11.3602,0.6683
sensor, -0.0307,0.0070,0.0292, -0.0087,0.0123,-0.0218, -0.6688,0.2109,-0.6704,0.2424, -48.3276,11.3602,0.6683
sensor, -0.0586,0.0361,0.0435, -0.0087,0.0123,-0.0218, -0.6689,0.2108,-0.6704,0.2424, -48.3276,12.7563,-0.0107
sensor, -0.0434,0.0195,0.0514, -0.0076,0.0166,-0.0250, -0.6689,0.2108,-0.6704,0.2424, -48.3276,12.7563,-0.0107
sensor, -0.0348,0.0439,0.0384, -0.0066,0.0155,-0.0261, -0.6689,0.2106,-0.6704,0.2425, -48.3276,12.7563,-0.0107
sensor, -0.0005,0.0363,0.0537, -0.0044,0.0145,-0.0261, -0.6689,0.2104,-0.6705,0.2426, -48.3276,12.7563,-0.0107
sensor, -0.0280,0.0104,0.0391, -0.0023,0.0155,-0.0282, -0.6689,0.2104,-0.6705,0.2426, -47.6288,13.4552,1.3489
sensor, -0.0303,0.0609,0.0701, -0.0034,0.0145,-0.0261, -0.6690,0.2097,-0.6704,0.2430, -47.6288,13.4552,1.3489
sensor, -0.0520,0.0408,0.0475, -0.0002,0.0134,-0.0261, -0.6690,0.2096,-0.6704,0.2431, -47.6288,13.4552,1.3489
sensor, -0.0166,0.0221,0.0445, -0.0002,0.0134,-0.0261, -0.6690,0.2096,-0.6704,0.2431, -47.6288,13.4552,1.3489
sensor, -0.0390,-0.0341,0.0379, -0.0023,0.0134,-0.0250, -0.6690,0.2094,-0.6704,0.2431, -47.6288,13.4552,1.3489
sensor, -0.0104,-0.0365,0.0384, -0.0012,0.0113,-0.0250, -0.6690,0.2093,-0.6704,0.2432, -48.3276,14.1525,0.6683
sensor, -0.0501,0.0155,0.0435, -0.0012,0.0113,-0.0250, -0.6691,0.2090,-0.6704,0.2434, -48.3276,14.1525,0.6683
sensor, -0.0416,-0.0125,0.0300, -0.0034,0.0123,-0.0261, -0.6691,0.2087,-0.6704,0.2435, -48.3276,14.1525,0.6683
sensor, -0.0280,-0.0451,0.0377, -0.0034,0.0091,-0.0272, -0.6691,0.2086,-0.6704,0.2435, -49.0265,12.0575,-0.0107
sensor, -0.0403,-0.0320,0.0513, -0.0055,0.0123,-0.0272, -0.6691,0.2086,-0.6704,0.2435, -49.0265,12.0575,-0.0107
sensor, -0.0212,-0.0258,0.0207, -0.0076,0.0113,-0.0314, -0.6691,0.2085,-0.6705,0.2435, -49.0265,12.7563,-0.0107
sensor, -0.0174,-0.0017,0.0640, -0.0076,0.0091,-0.0293, -0.6691,0.2085,-0.6705,0.2435, -49.0265,12.7563,-0.0107
sensor, -0.0554,-0.0140,0.0260, -0.0108,0.0102,-0.0282, -0.6691,0.2083,-0.6705,0.2435, -49.0265,12.7563,-0.0107
sensor, -0.0270,-0.0266,0.0677, -0.0108,0.0102,-0.0282, -0.6691,0.2083,-0.6705,0.2435, -49.0265,12.7563,-0.0107
sensor, -0.0587,-0.0083,0.0696, -0.0108,0.0059,-0.0272, -0.6691,0.2083,-0.6706,0.2434, -46.9299,13.4552,-0.6897
sensor, -0.0494,-0.0148,0.0222, -0.0108,0.0059,-0.0272, -0.6691,0.2083,-0.6706,0.2434, -46.9299,13.4552,-0.6897
sensor, -0.0627,0.0067,0.0520, -0.0130,0.0081,-0.0261, -0.6691,0.2082,-0.6706,0.2434, -46.9299,13.4552,-0.6897
sensor, -0.0562,0.0020,0.0560, -0.0130,0.0102,-0.0218, -0.6691,0.2081,-0.6706,0.2434, -46.9299,13.4552,-0.6897
sensor, -0.0662,0.0030,0.0543, -0.0130,0.0102,-0.0218, -0.6691,0.2081,-0.6706,0.2434, -48.3276,12.0575,-1.3702
sensor, -0.0558,0.0162,0.0298, -0.0130,0.0113,-0.0208, -0.6690,0.2083,-0.6708,0.2431, -48.3276,12.0575,-1.3702
sensor, -0.0518,-0.0097,0.0182, -0.0130,0.0102,-0.0218, -0.6690,0.2083,-0.6708,0.2431, -48.3276,12.0575,-1.3702
sensor, -0.0475,-0.0134,0.0707, -0.0130,0.0102,-0.0218, -0.6690,0.2082,-0.6708,0.2431, -48.3276,12.0575,-1.3702
sensor, -0.0501,0.0049,0.0080, -0.0140,0.0113,-0.0218, -0.6690,0.2081,-0.6708,0.2431, -47.6288,12.0575,1.3489
sensor, -0.0496,-0.0148,0.0356, -0.0151,0.0102,-0.0208, -0.6691,0.2077,-0.6707,0.2434, -47.6288,12.0575,1.3489
sensor, -0.0376,-0.0170,0.0066, -0.0151,0.0102,-0.0208, -0.6691,0.2077,-0.6707,0.2434, -47.6288,12.0575,1.3489
sensor, -0.0385,-0.0045,0.0365, -0.0161,0.0123,-0.0208, -0.6692,0.2076,-0.6707,0.2434, -47.6288,12.0575,1.3489
sensor, -0.0491,-0.0052,0.0285, -0.0161,0.0123,-0.0208, -0.6692,0.2076,-0.6707,0.2434, -46.2326,12.7563,-0.0107
sensor, -0.0327,-0.0249,0.0036, -0.0161,0.0113,-0.0218, -0.6692,0.2076,-0.6707,0.2434, -46.2326,12.7563,-0.0107
sensor, -0.0191,-0.0086,0.0022, -0.0161,0.0113,-0.0218, -0.6692,0.2076,-0.6707,0.2434, -46.2326,12.7563,-0.0107
sensor, -0.0121,0.0173,0.0358, -0.0172,0.0113,-0.0229, -0.6692,0.2075,-0.6708,0.2433, -46.2326,12.7563,-0.0107
