sensor, -0.0607,0.0189,-0.0356, -0.0076,-0.0066,0.0038, 0.0000,0.0000,0.0000,0.0000, -45.5338,-10.2921,-0.0107
sensor, -0.0670,-0.0102,-0.0707, -0.0087,-0.0077,0.0059, 0.6771,-0.5102,0.3848,0.3650, -45.5338,-10.2921,-0.0107
sensor, -0.0738,0.0121,-0.0073, -0.0098,-0.0077,0.0048, 0.6771,-0.5103,0.3846,0.3649, -45.5338,-10.2921,-0.0107
sensor, -0.0473,0.0143,-0.0421, -0.0098,-0.0088,0.0070, 0.6771,-0.5104,0.3845,0.3649, -42.0410,-9.5932,0.6683
sensor, -0.0434,-0.0013,-0.0425, -0.0108,-0.0109,0.0102, 0.6772,-0.5104,0.3844,0.3648, -42.0410,-9.5932,0.6683
sensor, -0.0782,0.0114,-0.0081, -0.0108,-0.0098,0.0112, 0.6772,-0.5105,0.3843,0.3648, -42.0410,-9.5932,0.6683
sensor, -0.0748,0.0239,-0.0676, -0.0108,-0.0109,0.0091, 0.6772,-0.5106,0.3842,0.3648, -42.0410,-9.5932,0.6683
sensor, -0.0534,-0.0050,-0.0406, -0.0098,-0.0119,0.0091, 0.6772,-0.5108,0.3840,0.3648, -43.4387,-9.5932,1.3489
sensor, -0.0491,-0.0296,-0.0399, -0.0098,-0.0151,0.0091, 0.6774,-0.5107,0.3840,0.3646, -43.4387,-9.5932,1.3489
sensor, -0.0468,-0.0041,-0.0393, -0.0108,-0.0141,0.0102, 0.6774,-0.5107,0.3839,0.3645, -43.4387,-9.5932,1.3489
sensor, -0.0229,0.0200,0.0021, -0.0098,-0.0130,0.0091, 0.6774,-0.5108,0.3838,0.3645, -43.4387,-9.5932,1.3489
sensor, -0.0275,0.0258,-0.0210, -0.0098,-0.0130,0.0059, 0.6774,-0.5109,0.3837,0.3645, -44.8349,-8.1970,0.6683
sensor, -0.0452,0.0183,-0.0127, -0.0098,-0.0130,0.0059, 0.6773,-0.5110,0.3836,0.3646, -44.8349,-8.1970,0.6683
sensor, -0.0085,0.0258,-0.0422, -0.0076,-0.0130,0.0070, 0.6773,-0.5111,0.3835,0.3646, -44.8349,-8.1970,0.6683
sensor, -0.0307,0.0287,0.0256, -0.0044,-0.0141,0.0038, 0.6773,-0.5112,0.3834,0.3646, -44.8349,-8.1970,0.6683
sensor, -0.0507,0.0367,-0.0194, -0.0023,-0.0130,0.0016, 0.6773,-0.5113,0.3833,0.3646, -44.1360,-10.2921,-0.0107
sensor, -0.0340,0.0366,-0.0561, -0.0034,-0.0098,-0.0005, 0.6774,-0.5112,0.3833,0.3646, -44.1360,-10.2921,-0.0107
sensor, -0.0516,0.0000,-0.0152, -0.0013,-0.0109,-0.0016, 0.6774,-0.5113,0.3831,0.3646, -44.1360,-10.2921,-0.0107
sensor, -0.0470,0.0145,-0.0200, 0.0009,-0.0088,-0.0026, 0.6774,-0.5113,0.3831,0.3646, -44.1360,-10.2921,-0.0107
sensor, -0.0431,0.0081,-0.0146, -0.0002,-0.0077,-0.0048, 0.6774,-0.5114,0.3830,0.3646, -44.8349,-9.5932,1.3489
sensor, -0.0542,0.0155,-0.0089, -0.0023,-0.0088,-0.0069, 0.6776,-0.5113,0.3830,0.3645, -44.8349,-9.5932,1.3489
sensor, -0.0787,0.0082,-0.0229, 0.0009,-0.0034,-0.0058, 0.6776,-0.5113,0.3829,0.3645, -44.8349,-9.5932,1.3489
sensor, -0.0526,0.0022,0.0271, 0.0009,-0.0013,-0.0069, 0.6776,-0.5114,0.3828,0.3645, -44.8349,-9.5932,1.3489
sensor, -0.0810,-0.0239,-0.0051, -0.0002,-0.0002,-0.0069, 0.6776,-0.5114,0.3828,0.3645, -44.8349,-9.5932,0.6683
sensor, -0.0523,-0.0005,-0.0236, -0.0002,-0.0024,-0.0058, 0.6777,-0.5112,0.3828,0.3644, -44.8349,-9.5932,0.6683
sensor, -0.0254,-0.0437,-0.1004, -0.0002,-0.0024,-0.0026, 0.6777,-0.5112,0.3828,0.3644, -44.8349,-9.5932,0.6683
sensor, -0.0119,-0.0319,-0.0474, -0.0002,-0.0002,0.0006, 0.6778,-0.5113,0.3828,0.3643, -44.8349,-9.5932,0.6683
sensor, -0.0302,-0.0218,-0.0704, 0.0009,-0.0024,0.0016, 0.6778,-0.5113,0.3828,0.3642, -44.1360,-10.2921,-0.0107
sensor, -0.0277,-0.0074,-0.0248, 0.0019,-0.0056,0.0027, 0.6780,-0.5111,0.3828,0.3640, -44.1360,-10.2921,-0.0107
sensor, -0.0344,0.0110,-0.0561, -0.0002,-0.0056,0.0027, 0.6780,-0.5111,0.3828,0.3640, -44.1360,-10.2921,-0.0107
sensor, -0.0586,0.0142,-0.0495, 0.0009,-0.0066,0.0038, 0.6781,-0.5112,0.3827,0.3640, -44.1360,-10.2921,-0.0107
sensor, -0.0789,0.0181,0.0042, 0.0009,-0.0045,-0.0005, 0.6781,-0.5112,0.3827,0.3640, -44.8349,-8.8959,1.3489
sensor, -0.0613,0.0185,-0.0326, -0.0002,-0.0013,-0.0037, 0.6781,-0.5112,0.3826,0.3639, -44.8349,-8.8959,1.3489
sensor, -0.0238,0.0096,-0.0309, -0.0013,0.0008,-0.0080, 0.6781,-0.5113,0.3825,0.3639, -44.8349,-8.8959,1.3489
sensor, -0.0209,0.0249,-0.0412, -0.0034,-0.0013,-0.0080, 0.6781,-0.5113,0.3825,0.3640, -44.8349,-8.8959,1.3489
sensor, -0.0066,0.0131,-0.0542, -0.0044,-0.0034,-0.0090, 0.6781,-0.5113,0.3824,0.3640, -44.1360,-8.1970,-0.6897
sensor, -0.0222,0.0134,-0.0133, -0.0002,-0.0056,-0.0090, 0.6781,-0.5114,0.3823,0.3640, -44.1360,-8.1970,-0.6897
sensor, -0.0318,0.0048,-0.0277, -0.0013,-0.0034,-0.0101, 0.6781,-0.5114,0.3823,0.3640, -44.1360,-8.1970,-0.6897
sensor, -0.0471,0.0236,-0.0106, -0.0013,-0.0024,-0.0058, 0.6781,-0.5114,0.3822,0.3640, -44.1360,-8.1970,-0.6897
sensor, -0.0675,0.0004,0.0063, -0.0002,0.0008,-0.0037, 0.6781,-0.5114,0.3822,0.3641, -43.4387,-9.5932,0.6683
sensor, -0.0874,0.0421,0.0226, 0.0009,0.0008,-0.0026, 0.6782,-0.5113,0.3822,0.3640, -43.4387,-9.5932,0.6683
sensor, -0.1162,-0.0104,-0.0427, 0.0019,0.0051,-0.0026, 0.6782,-0.5113,0.3822,0.3640, -43.4387,-9.5932,0.6683
sensor, -0.0636,-0.0153,-0.0140, 0.0019,0.0062,-0.0005, 0.6782,-0.5114,0.3821,0.3640, -43.4387,-9.5932,0.6683
sensor, -0.0825,0.0419,-0.0109, 0.0019,0.0072,0.0006, 0.6783,-0.5114,0.3821,0.3640, -44.8349,-9.5932,-0.0107
sensor, -0.0617,-0.0008,-0.0078, 0.0009,0.0083,0.0006, 0.6783,-0.5113,0.3821,0.3640, -44.8349,-9.5932,-0.0107
sensor, -0.0395,-0.0084,-0.0122, 0.0009,0.0094,0.0006, 0.6783,-0.5113,0.3821,0.3640, -44.8349,-9.5932,-0.0107
sensor, -0.1029,-0.0073,-0.0213, 0.0009,0.0094,0.0016, 0.6783,-0.5113,0.3821,0.3640, -44.8349,-9.5932,-0.0107
sensor, 0.0016,0.0220,-0.0400, 0.0009,0.0104,0.0006, 0.6783,-0.5113,0.3821,0.3640, -45.5338,-8.8959,-0.0107
sensor, -0.0356,0.0248,0.0338, 0.0041,0.0125,0.0006, 0.6783,-0.5113,0.3821,0.3640, -45.5338,-8.8959,-0.0107
sensor, -0.0088,0.0254,-0.0177, 0.0030,0.0136,0.0006, 0.6783,-0.5113,0.3821,0.3640, -45.5338,-8.8959,-0.0107
sensor, -0.0140,0.0217,-0.0493, 0.0030,0.0147,0.0027, 0.6783,-0.5113,0.3821,0.3640, -45.5338,-8.8959,-0.0107
sensor, -0.0153,0.0152,-0.0324, 0.0041,0.0147,0.0038, 0.6783,-0.5113,0.3821,0.3640, -44.1360,-8.1970,2.0279
sensor, -0.0364,0.0221,-0.0178, 0.0041,0.0136,0.0059, 0.6783,-0.5113,0.3821,0.3640, -44.1360,-8.1970,2.0279
sensor, -0.0253,0.0016,-0.0184, 0.0030,0.0136,0.0091, 0.6783,-0.5113,0.3821,0.3640, -44.1360,-8.1970,2.0279
sensor, -0.0156,0.0195,-0.0282, 0.0030,0.0147,0.0102, 0.6783,-0.5113,0.3821,0.3640, -44.1360,-8.1970,2.0279
sensor, -0.0102,0.0314,0.0031, 0.0041,0.0158,0.0070, 0.6783,-0.5113,0.3822,0.3640, -44.8349,-8.1970,-0.0107
sensor, 0.0005,0.0344,-0.0136, 0.0051,0.0168,0.0059, 0.6782,-0.5113,0.3822,0.3641, -44.8349,-8.1970,-0.0107
sensor, -0.0270,0.0026,-0.0229, 0.0051,0.0158,0.0048, 0.6782,-0.5113,0.3822,0.3641, -44.8349,-8.1970,-0.0107
sensor, -0.0599,0.0166,0.0013, 0.0062,0.0158,0.0059, 0.6782,-0.5113,0.3822,0.3641, -44.8349,-8.1970,-0.0107
sensor, -0.0140,-0.0027,-0.0242, 0.0051,0.0158,0.0070, 0.6782,-0.5113,0.3822,0.3641, -44.8349,-8.8959,2.0279
sensor, -0.0278,0.0340,-0.0038, 0.0041,0.0158,0.0048, 0.6783,-0.5111,0.3824,0.3640, -44.8349,-8.8959,2.0279
sensor, -0.0231,0.0043,-0.0288, 0.0041,0.0179,0.0059, 0.6783,-0.5111,0.3824,0.3640, -44.8349,-8.8959,2.0279
sensor, -0.0072,0.0279,0.0032, 0.0041,0.0158,0.0027, 0.6783,-0.5110,0.3824,0.3640, -44.8349,-8.8959,2.0279
sensor, -0.0344,0.0263,-0.0094, 0.0051,0.0168,0.0038, 0.6783,-0.5110,0.3824,0.3640, -44.1360,-8.8959,0.6683
sensor, -0.0416,0.0166,-0.0225, 0.0073,0.0189,0.0038, 0.6784,-0.5109,0.3825,0.3639, -44.1360,-8.8959,0.6683
sensor, -0.0164,-0.0053,0.0143, 0.0083,0.0200,0.0070, 0.6784,-0.5108,0.3825,0.3639, -44.1360,-8.8959,0.6683
sensor, -0.0255,0.0347,0.0067, 0.0083,0.0168,0.0091, 0.6784,-0.5108,0.3826,0.3639, -44.1360,-8.8959,0.6683
sensor, -0.0280,0.0031,-0.0288, 0.0083,0.0179,0.0070, 0.6784,-0.5108,0.3827,0.3639, -45.5338,-9.5932,-0.0107
sensor, -0.0211,-0.0115,-0.0343, 0.0115,0.0211,0.0070, 0.6786,-0.5105,0.3828,0.3638, -45.5338,-9.5932,-0.0107
sensor, -0.0142,0.0141,0.0159, 0.0126,0.0189,0.0080, 0.6786,-0.5105,0.3829,0.3637, -45.5338,-9.5932,-0.0107
sensor, -0.0127,0.0032,-0.0096, 0.0115,0.0189,0.0070, 0.6786,-0.5104,0.3830,0.3637, -45.5338,-9.5932,-0.0107
sensor, -0.0425,-0.0134,-0.0241, 0.0083,0.0179,0.0027, 0.6786,-0.5104,0.3830,0.3637, -46.2326,-8.8959,0.6683
sensor, -0.0291,-0.0447,-0.0207, 0.0062,0.0179,0.0027, 0.6787,-0.5103,0.3831,0.3636, -46.2326,-8.8959,0.6683
sensor, -0.0362,-0.0137,0.0088, 0.0062,0.0221,0.0048, 0.6787,-0.5103,0.3832,0.3636, -46.2326,-8.8959,0.6683
sensor, -0.0217,-0.0452,-0.0203, 0.0062,0.0211,0.0048, 0.6787,-0.5102,0.3832,0.3636, -46.2326,-8.8959,0.6683
sensor, -0.0398,-0.0053,0.0163, 0.0062,0.0232,0.0048, 0.6787,-0.5101,0.3833,0.3635, -44.1360,-7.4982,1.3489
sensor, -0.0145,-0.0390,0.0510, 0.0041,0.0243,0.0059, 0.6786,-0.5103,0.3833,0.3636, -44.1360,-7.4982,1.3489
sensor, -0.0049,-0.0480,-0.0065, 0.0062,0.0253,0.0048, 0.6786,-0.5102,0.3834,0.3636, -44.1360,-7.4982,1.3489
sensor, -0.0667,-0.0584,-0.0091, 0.0041,0.0296,0.0059, 0.6786,-0.5101,0.3835,0.3636, -44.1360,-7.4982,1.3489
sensor, -0.0376,-0.0296,-0.0041, 0.0009,0.0317,0.0070, 0.6787,-0.5100,0.3837,0.3635, -44.1360,-7.4982,1.3489
sensor, -0.0252,-0.0254,0.0021, -0.0023,0.0339,0.0070, 0.6787,-0.5099,0.3838,0.3635, -44.8349,-8.8959,0.6683
sensor, -0.0277,-0.0452,0.0120, -0.0013,0.0371,0.0080, 0.6787,-0.5097,0.3839,0.3635, -44.8349,-8.8959,0.6683
sensor, -0.0403,-0.0370,-0.0446, -0.0002,0.0381,0.0080, 0.6787,-0.5096,0.3841,0.3634, -44.8349,-8.8959,0.6683
sensor, -0.0247,0.0035,-0.0107, -0.0034,0.0392,0.0091, 0.6788,-0.5095,0.3842,0.3634, -47.6288,-9.5932,0.6683
sensor, -0.0384,-0.0016,-0.0312, -0.0013,0.0402,0.0112, 0.6788,-0.5093,0.3844,0.3634, -47.6288,-9.5932,0.6683
sensor, -0.0135,-0.0168,-0.0064, -0.0013,0.0424,0.0133, 0.6788,-0.5092,0.3845,0.3634, -47.6288,-9.5932,0.6683
sensor, -0.0300,-0.0234,0.0226, -0.0023,0.0424,0.0123, 0.6788,-0.5091,0.3847,0.3633, -45.5338,-10.2921,0.6683
sensor, -0.0322,0.0144,-0.0088, -0.0034,0.0434,0.0112, 0.6791,-0.5086,0.3850,0.3631, -45.5338,-10.2921,0.6683
sensor, -0.0505,-0.0127,-0.0082, -0.0013,0.0456,0.0112, 0.6791,-0.5085,0.3852,0.3631, -45.5338,-10.2921,0.6683
sensor, -0.0102,-0.0060,-0.0162, -0.0023,0.0466,0.0080, 0.6791,-0.5084,0.3853,0.3631, -45.5338,-10.2921,0.6683
sensor, -0.0237,0.0106,-0.0067, -0.0013,0.0466,0.0059, 0.6794,-0.5079,0.3857,0.3629, -45.5338,-10.2921,0.6683
sensor, -0.0474,-0.0137,0.0026, -0.0013,0.0466,0.0027, 0.6794,-0.5078,0.3858,0.3630, -45.5338,-10.2921,0.6683
sensor, -0.0661,0.0157,0.0011, -0.0034,0.0498,0.0048, 0.6794,-0.5077,0.3859,0.3630, -45.5338,-10.2921,0.6683
sensor, -0.0926,0.0115,0.0132, -0.0013,0.0488,0.0038, 0.6793,-0.5076,0.3860,0.3631, -44.8349,-9.5932,2.7084
sensor, -0.0306,0.0122,-0.0401, -0.0023,0.0509,0.0038, 0.6795,-0.5072,0.3863,0.3629, -44.8349,-9.5932,2.7084
sensor, -0.0647,0.0167,0.0038, -0.0013,0.0562,0.0059, 0.6795,-0.5072,0.3864,0.3630, -45.5338,-8.8959,1.3489
sensor, -0.0539,0.0276,0.0031, 0.0019,0.0594,0.0070, 0.6795,-0.5070,0.3866,0.3630, -45.5338,-8.8959,1.3489
sensor, -0.0865,-0.0349,-0.0075, 0.0030,0.0605,0.0059, 0.6795,-0.5069,0.3867,0.3630, -45.5338,-8.8959,1.3489
sensor, -0.0583,-0.0066,-0.0107, 0.0030,0.0637,0.0091, 0.6795,-0.5068,0.3868,0.3630, -45.5338,-8.8959,1.3489
sensor, -0.0524,-0.0157,-0.0234, 0.0030,0.0647,0.0070, 0.6795,-0.5067,0.3870,0.3630, -45.5338,-8.8959,-0.6897
sensor, -0.0694,-0.0148,0.0235, 0.0030,0.0680,0.0080, 0.6795,-0.5066,0.3871,0.3631, -45.5338,-8.8959,-0.6897
sensor, -0.0537,0.0035,-0.0045, 0.0030,0.0701,0.0091, 0.6795,-0.5064,0.3873,0.3631, -45.5338,-8.8959,-0.6897
sensor, -0.0560,-0.0249,-0.0379, 0.0019,0.0743,0.0080, 0.6795,-0.5063,0.3874,0.3631, -45.5338,-8.8959,-0.6897
sensor, -0.0557,-0.0404,0.0194, 0.0030,0.0775,0.0059, 0.6795,-0.5062,0.3876,0.3631, -45.5338,-8.8959,0.6683
sensor, -0.0779,-0.0342,-0.0039, 0.0019,0.0775,0.0048, 0.6795,-0.5060,0.3878,0.3631, -45.5338,-8.8959,0.6683
sensor, -0.1021,-0.0407,-0.0331, 0.0009,0.0807,0.0059, 0.6795,-0.5059,0.3880,0.3632, -45.5338,-8.8959,0.6683
sensor, -0.1211,-0.0588,-0.0637, 0.0019,0.0839,0.0059, 0.6794,-0.5057,0.3882,0.3632, -45.5338,-8.8959,0.6683
sensor, -0.1555,-0.0584,-0.0132, -0.0013,0.0903,0.0059, 0.6794,-0.5056,0.3884,0.3632, -44.8349,-7.4982,-0.0107
sensor, -0.1803,-0.0347,-0.0239, -0.0002,0.0999,0.0070, 0.6792,-0.5058,0.3884,0.3634, -44.8349,-7.4982,-0.0107
sensor, -0.2081,-0.0383,0.0115, -0.0023,0.1095,0.0080, 0.6791,-0.5057,0.3885,0.3635, -44.8349,-7.4982,-0.0107
sensor, -0.2239,-0.0276,-0.0172, -0.0044,0.1148,0.0102, 0.6790,-0.5057,0.3887,0.3636, -44.8349,-7.4982,-0.0107
sensor, -0.2644,-0.0409,-0.0304, -0.0055,0.1255,0.0112, 0.6789,-0.5056,0.3889,0.3637, -44.8349,-10.2921,-0.0107
sensor, -0.2847,-0.0621,-0.0149, -0.0055,0.1382,0.0133, 0.6790,-0.5052,0.3893,0.3636, -44.8349,-10.2921,-0.0107
sensor, -0.3103,-0.0314,-0.0621, -0.0055,0.1500,0.0133, 0.6789,-0.5051,0.3895,0.3638, -44.8349,-10.2921,-0.0107
sensor, -0.3015,-0.0110,-0.0482, -0.0066,0.1606,0.0102, 0.6787,-0.5050,0.3897,0.3639, -44.8349,-10.2921,-0.0107
sensor, -0.3085,-0.0454,-0.0946, -0.0066,0.1723,0.0091, 0.6786,-0.5050,0.3899,0.3641, -44.8349,-10.2921,1.3489
sensor, -0.3531,-0.0442,-0.0575, -0.0087,0.1851,0.0091, 0.6787,-0.5044,0.3903,0.3640, -44.8349,-10.2921,1.3489
sensor, -0.3868,-0.0728,-0.1348, -0.0087,0.1990,0.0070, 0.6786,-0.5043,0.3906,0.3642, -44.8349,-10.2921,1.3489
sensor, -0.3778,-0.0488,-0.1297, -0.0108,0.2128,0.0038, 0.6784,-0.5042,0.3908,0.3644, -44.8349,-10.2921,1.3489
sensor, -0.3822,-0.0488,-0.1437, -0.0098,0.2288,0.0016, 0.6782,-0.5041,0.3911,0.3646, -46.2326,-9.5932,-0.6897
sensor, -0.4080,-0.0636,-0.1540, -0.0108,0.2437,0.0027, 0.6781,-0.5039,0.3915,0.3648, -46.2326,-9.5932,-0.6897
sensor, -0.4011,-0.0552,-0.1781, -0.0130,0.2565,0.0027, 0.6779,-0.5037,0.3918,0.3650, -46.2326,-9.5932,-0.6897
sensor, -0.4299,-0.0380,-0.1957, -0.0140,0.2735,0.0027, 0.6776,-0.5036,0.3921,0.3653, -46.2326,-9.5932,-0.6897
sensor, -0.5287,-0.0873,-0.1368, -0.0151,0.2927,0.0048, 0.6774,-0.5035,0.3924,0.3656, -44.8349,-10.2921,-0.0107
sensor, -0.5872,-0.0867,-0.1410, -0.0172,0.3130,0.0059, 0.6774,-0.5029,0.3930,0.3657, -44.8349,-10.2921,-0.0107
sensor, -0.6946,-0.1137,-0.0952, -0.0172,0.3353,0.0059, 0.6771,-0.5027,0.3934,0.3660, -44.8349,-10.2921,-0.0107
sensor, -0.8127,-0.0837,-0.0606, -0.0172,0.3694,0.0070, 0.6768,-0.5025,0.3938,0.3664, -44.8349,-10.2921,-0.0107
sensor, -0.9075,-0.0726,-0.0512, -0.0183,0.4067,0.0070, 0.6765,-0.5023,0.3943,0.3668, -44.8349,-8.8959,-0.6897
sensor, -0.9337,-0.0815,-0.0438, -0.0247,0.4472,0.0059, 0.6761,-0.5021,0.3949,0.3673, -44.8349,-8.8959,-0.6897
sensor, -0.9711,-0.0854,-0.0609, -0.0300,0.4866,0.0080, 0.6757,-0.5018,0.3954,0.3678, -44.8349,-8.8959,-0.6897
sensor, -0.9426,-0.0780,-0.1019, -0.0289,0.5303,0.0059, 0.6752,-0.5015,0.3961,0.3684, -44.8349,-8.8959,-0.6897
sensor, -0.9302,-0.0937,-0.1084, -0.0311,0.5718,0.0112, 0.6747,-0.5011,0.3968,0.3690, -45.5338,-10.2921,-1.3702
sensor, -0.8913,-0.0916,-0.1483, -0.0322,0.6091,0.0144, 0.6743,-0.5004,0.3978,0.3696, -45.5338,-10.2921,-1.3702
sensor, -0.8752,-0.0872,-0.1619, -0.0353,0.6443,0.0155, 0.6737,-0.5000,0.3987,0.3703, -45.5338,-10.2921,-1.3702
sensor, -0.8640,-0.0750,-0.1804, -0.0375,0.6783,0.0176, 0.6731,-0.4996,0.3996,0.3711, -45.5338,-10.2921,-1.3702
sensor, -0.8654,-0.0752,-0.1626, -0.0385,0.7146,0.0219, 0.6724,-0.4991,0.4006,0.3719, -45.5338,-9.5932,-1.3702
sensor, -0.8730,-0.1152,-0.2245, -0.0385,0.7486,0.0251, 0.6717,-0.4984,0.4018,0.3727, -45.5338,-9.5932,-1.3702
sensor, -0.8701,-0.1155,-0.2006, -0.0407,0.7838,0.0283, 0.6710,-0.4979,0.4029,0.3736, -45.5338,-9.5932,-1.3702
sensor, -0.8728,-0.0898,-0.2218, -0.0449,0.8179,0.0325, 0.6701,-0.4973,0.4041,0.3745, -45.5338,-9.5932,-1.3702
sensor, -0.8022,-0.0753,-0.2541, -0.0492,0.8488,0.0346, 0.6693,-0.4968,0.4053,0.3755, -46.2326,-9.5932,-2.0493
sensor, -0.7446,-0.0975,-0.2714, -0.0502,0.8786,0.0336, 0.6685,-0.4960,0.4066,0.3765, -46.2326,-9.5932,-2.0493
sensor, -0.6636,-0.0953,-0.2685, -0.0577,0.9020,0.0336, 0.6675,-0.4954,0.4080,0.3775, -46.2326,-9.5932,-2.0493
sensor, -0.6004,-0.0893,-0.2561, -0.0620,0.9244,0.0336, 0.6666,-0.4947,0.4093,0.3786, -46.2326,-9.5932,-2.0493
sensor, -0.6191,-0.0524,-0.2108, -0.0662,0.9479,0.0293, 0.6655,-0.4940,0.4108,0.3799, -46.2326,-9.5932,-2.0493
sensor, -0.6195,-0.0760,-0.2170, -0.0726,0.9947,0.0272, 0.6642,-0.4931,0.4126,0.3814, -46.2326,-8.1970,-2.7298
sensor, -0.5954,-0.0653,-0.2046, -0.0769,1.0203,0.0261, 0.6628,-0.4922,0.4145,0.3830, -46.2326,-8.1970,-2.7298
sensor, -0.4864,-0.0768,-0.1753, -0.0790,1.0448,0.0251, 0.6613,-0.4912,0.4164,0.3846, -46.2326,-8.1970,-2.7298
sensor, -0.4256,-0.0521,-0.1950, -0.0790,1.0640,0.0261, 0.6599,-0.4902,0.4184,0.3863, -46.2326,-8.1970,-2.7298
sensor, -0.3888,-0.0650,-0.1849, -0.0779,1.1023,0.0283, 0.6584,-0.4891,0.4204,0.3880, -44.8349,-8.1970,-2.7298
sensor, -0.3319,-0.0468,-0.1994, -0.0779,1.1151,0.0315, 0.6568,-0.4880,0.4225,0.3898, -44.8349,-8.1970,-2.7298
sensor, -0.2857,-0.0443,-0.1300, -0.0801,1.1279,0.0315, 0.6552,-0.4869,0.4247,0.3915, -44.8349,-10.2921,-6.1279
sensor, -0.2474,-0.0568,-0.1356, -0.0801,1.1428,0.0283, 0.6536,-0.4854,0.4271,0.3934, -44.8349,-10.2921,-6.1279
sensor, -0.2301,-0.0367,-0.1411, -0.0811,1.1758,0.0187, 0.6521,-0.4843,0.4291,0.3950, -44.8349,-10.2921,-6.1279
sensor, -0.2709,-0.0395,-0.1338, -0.0833,1.1897,0.0165, 0.6504,-0.4830,0.4314,0.3969, -44.8349,-10.2921,-6.1279
sensor, -0.1877,-0.1260,0.0112, -0.0833,1.2067,0.0144, 0.6487,-0.4817,0.4336,0.3988, -44.1360,-10.9909,-5.4489
sensor, -0.1824,-0.0862,-0.0166, -0.0843,1.2216,0.0112, 0.6470,-0.4800,0.4364,0.4007, -44.1360,-10.9909,-5.4489
sensor, -0.1717,-0.1401,-0.0762, -0.0961,1.2429,0.0144, 0.6454,-0.4787,0.4385,0.4025, -44.1360,-10.9909,-5.4489
sensor, -0.1468,-0.1356,-0.0796, -0.1014,1.2557,0.0165, 0.6436,-0.4773,0.4409,0.4044, -43.4387,-9.5932,-7.4875
sensor, -0.1545,-0.1563,-0.0100, -0.1099,1.2653,0.0176, 0.6418,-0.4757,0.4434,0.4063, -43.4387,-9.5932,-7.4875
sensor, -0.1095,-0.1709,0.0306, -0.1184,1.2791,0.0197, 0.6397,-0.4741,0.4461,0.4086, -44.1360,-8.8959,-7.4875
sensor, -0.1007,-0.1497,0.0490, -0.1259,1.2845,0.0219, 0.6382,-0.4729,0.4482,0.4102, -44.1360,-8.8959,-7.4875
sensor, -0.0701,-0.1134,0.0164, -0.1312,1.2951,0.0251, 0.6366,-0.4717,0.4501,0.4118, -44.1360,-8.8959,-7.4875
sensor, -0.0321,-0.0883,0.0108, -0.1376,1.3047,0.0304, 0.6350,-0.4705,0.4521,0.4135, -44.1360,-8.8959,-7.4875
sensor, -0.0402,-0.1166,0.0453, -0.1429,1.3100,0.0315, 0.6334,-0.4693,0.4541,0.4152, -42.0410,-8.8959,-8.8470
sensor, -0.0060,-0.0765,0.0694, -0.1451,1.3164,0.0325, 0.6317,-0.4681,0.4562,0.4168, -42.0410,-8.8959,-8.8470
sensor, -0.0363,-0.0824,0.1285, -0.1483,1.3228,0.0346, 0.6300,-0.4669,0.4582,0.4185, -42.0410,-8.8959,-8.8470
sensor, -0.0460,-0.0106,0.1266, -0.1515,1.3271,0.0325, 0.6283,-0.4657,0.4602,0.4202, -42.0410,-8.8959,-8.8470
sensor, -0.0816,-0.0380,0.1448, -0.1557,1.3377,0.0315, 0.6266,-0.4645,0.4621,0.4220, -43.4387,-8.8959,-9.5261
sensor, -0.0996,-0.0005,0.1511, -0.1557,1.3473,0.0283, 0.6249,-0.4632,0.4642,0.4237, -43.4387,-8.8959,-9.5261
sensor, -0.1228,0.0294,0.1776, -0.1546,1.3580,0.0272, 0.6231,-0.4619,0.4662,0.4255, -43.4387,-8.8959,-9.5261
sensor, -0.0921,0.0548,0.2086, -0.1568,1.3803,0.0229, 0.6213,-0.4607,0.4682,0.4273, -43.4387,-8.8959,-9.5261
sensor, -0.0914,0.0529,0.1870, -0.1536,1.3910,0.0208, 0.6194,-0.4594,0.4702,0.4292, -42.7399,-8.8959,-12.2452
sensor, -0.0797,0.0239,0.2240, -0.1557,1.4027,0.0176, 0.6176,-0.4580,0.4723,0.4310, -42.7399,-8.8959,-12.2452
sensor, -0.0766,0.0643,0.2170, -0.1557,1.4112,0.0155, 0.6157,-0.4567,0.4743,0.4329, -42.7399,-8.8959,-12.2452
sensor, -0.0482,0.0678,0.2199, -0.1525,1.4176,0.0102, 0.6138,-0.4554,0.4763,0.4348, -42.7399,-8.8959,-12.2452
sensor, -0.0483,0.0741,0.2035, -0.1515,1.4294,0.0070, 0.6119,-0.4540,0.4784,0.4367, -43.4387,-9.5932,-12.2452
sensor, -0.0516,0.1072,0.2495, -0.1483,1.4379,0.0048, 0.6101,-0.4524,0.4805,0.4385, -43.4387,-9.5932,-12.2452
sensor, -0.0642,0.0930,0.2724, -0.1451,1.4464,0.0016, 0.6081,-0.4510,0.4826,0.4404, -43.4387,-9.5932,-12.2452
sensor, -0.0799,0.0922,0.3101, -0.1440,1.4602,-0.0026, 0.6062,-0.4496,0.4846,0.4423, -43.4387,-9.5932,-12.2452
sensor, -0.1041,0.0601,0.3442, -0.1408,1.4741,-0.0080, 0.6042,-0.4481,0.4867,0.4442, -42.0410,-8.8959,-17.0029
sensor, -0.0991,0.0851,0.3144, -0.1397,1.4901,-0.0101, 0.6022,-0.4465,0.4888,0.4462, -42.0410,-8.8959,-17.0029
sensor, -0.1028,0.0689,0.2800, -0.1408,1.5029,-0.0122, 0.6001,-0.4450,0.4909,0.4481, -42.0410,-8.8959,-17.0029
sensor, -0.1649,0.0865,0.2415, -0.1387,1.5114,-0.0133, 0.5981,-0.4434,0.4930,0.4501, -42.0410,-8.8959,-17.0029
sensor, -0.1369,0.0926,0.3025, -0.1397,1.5252,-0.0165, 0.5959,-0.4417,0.4953,0.4522, -42.0410,-8.8959,-17.0029
sensor, -0.1804,0.0928,0.3284, -0.1387,1.5380,-0.0186, 0.5940,-0.4402,0.4973,0.4540, -42.0410,-9.5932,-16.3239
sensor, -0.2336,0.1010,0.3883, -0.1365,1.5529,-0.0165, 0.5920,-0.4383,0.4996,0.4558, -42.0410,-9.5932,-16.3239
sensor, -0.2715,0.0827,0.3956, -0.1355,1.5732,-0.0133, 0.5899,-0.4366,0.5018,0.4578, -42.0410,-9.5932,-16.3239
sensor, -0.3025,0.0520,0.4341, -0.1365,1.5891,-0.0101, 0.5877,-0.4349,0.5040,0.4598, -39.9460,-8.8959,-18.3624
sensor, -0.3247,0.0568,0.4390, -0.1365,1.6073,-0.0069, 0.5856,-0.4331,0.5063,0.4617, -39.9460,-8.8959,-18.3624
sensor, -0.3784,0.0578,0.4342, -0.1344,1.6264,-0.0037, 0.5833,-0.4313,0.5086,0.4638, -39.9460,-8.8959,-18.3624
sensor, -0.3953,0.0362,0.4909, -0.1355,1.6499,0.0006, 0.5811,-0.4295,0.5108,0.4658, -39.9460,-8.8959,-18.3624
sensor, -0.3558,0.0086,0.5288, -0.1365,1.6754,0.0027, 0.5787,-0.4277,0.5132,0.4678, -40.6448,-8.1970,-17.6819
sensor, -0.3191,-0.0125,0.4928, -0.1408,1.6989,0.0059, 0.5764,-0.4258,0.5155,0.4698, -40.6448,-8.1970,-17.6819
sensor, -0.2750,-0.0033,0.4703, -0.1429,1.7191,0.0070, 0.5739,-0.4239,0.5179,0.4719, -40.6448,-8.1970,-17.6819
sensor, -0.2405,-0.0456,0.4327, -0.1451,1.7308,0.0070, 0.5715,-0.4220,0.5203,0.4740, -40.6448,-8.1970,-17.6819
sensor, -0.2398,-0.0816,0.4482, -0.1493,1.7457,0.0091, 0.5690,-0.4200,0.5228,0.4760, -39.2471,-7.4982,-21.0815
sensor, -0.1993,-0.0886,0.4594, -0.1557,1.7585,0.0123, 0.5663,-0.4182,0.5251,0.4782, -39.2471,-7.4982,-21.0815
sensor, -0.1630,-0.0434,0.4557, -0.1578,1.7745,0.0112, 0.5637,-0.4162,0.5275,0.4803, -39.2471,-7.4982,-21.0815
sensor, -0.1171,-0.0564,0.3977, -0.1642,1.7873,0.0144, 0.5612,-0.4142,0.5300,0.4823, -39.2471,-7.4982,-21.0815
sensor, -0.0978,-0.0825,0.3932, -0.1696,1.7958,0.0144, 0.5585,-0.4122,0.5324,0.4844, -37.8510,-10.2921,-21.0815
sensor, -0.0307,-0.0426,0.3833, -0.1717,1.8001,0.0165, 0.5562,-0.4097,0.5353,0.4861, -37.8510,-10.2921,-21.0815
sensor, -0.0444,-0.0357,0.3750, -0.1728,1.8033,0.0187, 0.5535,-0.4077,0.5377,0.4881, -37.8510,-10.2921,-21.0815
sensor, -0.0216,-0.0212,0.3886, -0.1770,1.8054,0.0144, 0.5508,-0.4057,0.5401,0.4902, -37.8510,-10.2921,-21.0815
sensor, -0.0195,-0.0050,0.3604, -0.1802,1.8086,0.0123, 0.5480,-0.4037,0.5425,0.4923, -38.5498,-8.8959,-21.7606
sensor, -0.0860,0.0412,0.3909, -0.1792,1.8150,0.0091, 0.5454,-0.4014,0.5451,0.4942, -38.5498,-8.8959,-21.7606
sensor, -0.0730,0.0525,0.4125, -0.1802,1.8224,0.0048, 0.5427,-0.3994,0.5475,0.4963, -38.5498,-8.8959,-21.7606
sensor, -0.0857,0.0513,0.4527, -0.1813,1.8299,0.0038, 0.5399,-0.3973,0.5498,0.4984, -38.5498,-8.8959,-21.7606
sensor, -0.1023,0.0984,0.4384, -0.1823,1.8395,0.0006, 0.5370,-0.3952,0.5522,0.5005, -36.4532,-8.1970,-23.1201
sensor, -0.0126,0.1008,0.4564, -0.1845,1.8544,-0.0005, 0.5340,-0.3928,0.5549,0.5027, -36.4532,-8.1970,-23.1201
sensor, 0.0242,0.0858,0.4952, -0.1845,1.8597,0.0006, 0.5305,-0.3901,0.5577,0.5053, -36.4532,-8.1970,-23.1201
sensor, 0.0924,0.1021,0.4456, -0.1802,1.8672,0.0080, 0.5268,-0.3874,0.5607,0.5080, -36.4532,-8.1970,-23.1201
sensor, 0.1139,0.1089,0.4563, -0.1823,1.8608,0.0102, 0.5227,-0.3843,0.5640,0.5109, -36.4532,-9.5932,-25.1587
sensor, 0.1923,0.0921,0.5315, -0.1845,1.8544,0.0144, 0.5199,-0.3817,0.5667,0.5127, -36.4532,-9.5932,-25.1587
sensor, 0.2061,0.1035,0.5417, -0.1834,1.8501,0.0197, 0.5125,-0.3763,0.5724,0.5177, -36.4532,-9.5932,-25.1587
sensor, 0.2718,0.1163,0.5501, -0.1823,1.8373,0.0304, 0.5089,-0.3737,0.5752,0.5201, -35.0571,-8.1970,-27.1988
sensor, 0.2938,0.1394,0.5712, -0.1823,1.8373,0.0304, 0.5052,-0.3709,0.5781,0.5224, -35.0571,-8.1970,-27.1988
sensor, 0.3287,0.1157,0.7016, -0.1770,1.8203,0.0464, 0.5015,-0.3682,0.5809,0.5248, -35.0571,-8.1970,-27.1988
sensor, 0.3490,0.1676,0.7108, -0.1770,1.8203,0.0464, 0.4978,-0.3656,0.5837,0.5271, -35.0571,-8.1970,-27.1988
sensor, 0.3708,0.1265,0.6555, -0.1600,1.7958,0.0687, 0.4942,-0.3629,0.5865,0.5292, -35.7559,-8.1970,-28.5583
sensor, 0.4292,0.1633,0.5903, -0.1568,1.7915,0.0751, 0.4905,-0.3602,0.5893,0.5314, -35.7559,-8.1970,-28.5583
sensor, 0.5879,0.1154,0.4320, -0.1568,1.7915,0.0751, 0.4905,-0.3602,0.5893,0.5314, -35.7559,-8.1970,-28.5583
sensor, 0.6594,0.1420,0.3230, -0.1483,1.7766,0.0858, 0.4833,-0.3550,0.5948,0.5354, -32.9620,-8.1970,-30.5969
sensor, 0.7045,0.1207,0.3085, -0.1461,1.7212,0.0954, 0.4798,-0.3525,0.5973,0.5374, -32.9620,-8.1970,-30.5969
sensor, 0.7304,0.1156,0.3148, -0.1429,1.6914,0.0943, 0.4760,-0.3499,0.6000,0.5394, -32.9620,-8.1970,-30.5969
sensor, 0.7216,0.1560,0.4262, -0.1429,1.6914,0.0943, 0.4760,-0.3499,0.6000,0.5394, -30.1682,-8.8959,-31.2759
sensor, 0.6508,0.1723,0.4627, -0.1419,1.6573,0.0964, 0.4734,-0.3477,0.6023,0.5406, -30.1682,-8.8959,-31.2759
sensor, 0.6464,0.1905,0.5873, -0.1301,1.6062,0.0922, 0.4679,-0.3439,0.6061,0.5435, -30.1682,-8.8959,-31.2759
sensor, 0.6320,0.2147,0.5192, -0.1270,1.6051,0.0879, 0.4653,-0.3417,0.6083,0.5447, -29.4693,-8.8959,-32.6355
sensor, 0.5817,0.2068,0.4237, -0.1270,1.6051,0.0879, 0.4653,-0.3417,0.6083,0.5447, -29.4693,-8.8959,-32.6355
sensor, 0.5138,0.2040,0.4781, -0.1163,1.5700,0.0762, 0.4600,-0.3378,0.6120,0.5475, -29.4693,-8.8959,-32.6355
sensor, 0.4606,0.1642,0.5546, -0.1131,1.5582,0.0741, 0.4600,-0.3378,0.6120,0.5475, -29.4693,-8.8959,-32.6355
sensor, 0.3658,0.1292,0.5838, -0.1078,1.5561,0.0719, 0.4573,-0.3359,0.6138,0.5489, -31.5643,-9.5932,-33.9951
sensor, 0.3558,0.0913,0.6399, -0.1046,1.5561,0.0730, 0.4522,-0.3316,0.6179,0.5511, -31.5643,-9.5932,-33.9951
sensor, 0.3291,0.1219,0.6437, -0.1046,1.5561,0.0730, 0.4522,-0.3316,0.6179,0.5511, -31.5643,-9.5932,-33.9951
sensor, 0.3391,0.0684,0.5941, -0.0993,1.5572,0.0709, 0.4495,-0.3296,0.6197,0.5525, -31.5643,-9.5932,-33.9951
sensor, 0.3300,0.0564,0.6133, -0.0982,1.5572,0.0655, 0.4469,-0.3277,0.6215,0.5538, -28.7704,-8.1970,-34.6741
sensor, 0.3561,0.0317,0.5869, -0.0982,1.5572,0.0655, 0.4443,-0.3255,0.6235,0.5549, -28.7704,-8.1970,-34.6741
sensor, 0.3880,0.0081,0.5655, -0.0961,1.5561,0.0624, 0.4416,-0.3235,0.6253,0.5562, -28.7704,-8.1970,-34.6741
sensor, 0.4604,-0.0044,0.5588, -0.0982,1.5519,0.0549, 0.4363,-0.3195,0.6288,0.5587, -28.7704,-8.1970,-34.6741
sensor, 0.5235,-0.0103,0.5307, -0.0993,1.5423,0.0474, 0.4337,-0.3174,0.6307,0.5599, -26.6754,-7.4982,-35.3546
sensor, 0.5164,-0.0047,0.5120, -0.0993,1.5284,0.0421, 0.4337,-0.3174,0.6307,0.5599, -26.6754,-7.4982,-35.3546
sensor, 0.5535,0.0090,0.5249, -0.1003,1.5156,0.0357, 0.4310,-0.3154,0.6324,0.5611, -26.6754,-7.4982,-35.3546
sensor, 0.5938,-0.0092,0.4955, -0.0993,1.5050,0.0315, 0.4259,-0.3115,0.6356,0.5636, -26.6754,-7.4982,-35.3546
sensor, 0.6182,0.0298,0.4807, -0.0971,1.4911,0.0272, 0.4259,-0.3115,0.6356,0.5636, -25.9781,-7.4982,-34.6741
sensor, 0.6154,-0.0014,0.4761, -0.0971,1.4911,0.0272, 0.4234,-0.3094,0.6374,0.5646, -25.9781,-7.4982,-34.6741
sensor, 0.6524,0.0574,0.4711, -0.0961,1.4762,0.0208, 0.4208,-0.3075,0.6389,0.5658, -25.9781,-7.4982,-34.6741
sensor, 0.6890,0.0509,0.5475, -0.0929,1.4443,0.0091, 0.4158,-0.3036,0.6419,0.5682, -25.9781,-7.4982,-34.6741
sensor, 0.7284,0.0428,0.5702, -0.0907,1.4251,0.0048, 0.4135,-0.3016,0.6435,0.5692, -25.9781,-7.4982,-36.0336
sensor, 0.7359,0.0134,0.5605, -0.0886,1.4081,-0.0005, 0.4135,-0.3016,0.6435,0.5692, -25.9781,-7.4982,-36.0336
sensor, 0.7315,0.0337,0.5520, -0.0875,1.3889,-0.0090, 0.4087,-0.2978,0.6463,0.5715, -25.9781,-7.4982,-36.0336
sensor, 0.7209,0.0120,0.6170, -0.0843,1.3686,-0.0144, 0.4063,-0.2959,0.6477,0.5726, -25.9781,-7.4982,-36.0336
sensor, 0.7334,0.0073,0.6393, -0.0811,1.3473,-0.0218, 0.4063,-0.2959,0.6477,0.5726, -23.1842,-8.1970,-38.7527
sensor, 0.7165,0.0356,0.6434, -0.0822,1.3271,-0.0261, 0.4041,-0.2939,0.6492,0.5734, -23.1842,-8.1970,-38.7527
sensor, 0.6882,0.0351,0.6790, -0.0822,1.3271,-0.0261, 0.3995,-0.2903,0.6517,0.5756, -23.1842,-8.1970,-38.7527
sensor, 0.6794,0.0342,0.6589, -0.0801,1.2919,-0.0367, 0.3973,-0.2885,0.6530,0.5767, -23.1842,-8.1970,-38.7527
sensor, 0.6454,0.0816,0.7262, -0.0769,1.2749,-0.0389, 0.3954,-0.2862,0.6548,0.5770, -22.4854,-10.2921,-38.0737
sensor, 0.6591,0.0648,0.7163, -0.0737,1.2600,-0.0410, 0.3932,-0.2844,0.6560,0.5780, -22.4854,-10.2921,-38.0737
sensor, 0.6706,0.0392,0.7265, -0.0705,1.2461,-0.0452, 0.3911,-0.2827,0.6571,0.5791, -22.4854,-10.2921,-38.0737
sensor, 0.7032,0.0238,0.7584, -0.0662,1.2302,-0.0431, 0.3911,-0.2827,0.6571,0.5791, -22.4854,-10.2921,-38.0737
sensor, 0.7198,0.0303,0.7008, -0.0630,1.2195,-0.0420, 0.3890,-0.2809,0.6583,0.5801, -22.4854,-8.1970,-37.3932
sensor, 0.7376,0.0346,0.6962, -0.0609,1.2078,-0.0410, 0.3849,-0.2772,0.6608,0.5816, -22.4854,-8.1970,-37.3932
sensor, 0.7593,0.0248,0.7053, -0.0588,1.1822,-0.0431, 0.3829,-0.2755,0.6619,0.5826, -22.4854,-8.1970,-37.3932
sensor, 0.8360,0.0260,0.7630, -0.0588,1.1822,-0.0431, 0.3829,-0.2755,0.6619,0.5826, -22.4854,-8.1970,-37.3932
sensor, 0.8338,0.0708,0.7574, -0.0598,1.1567,-0.0452, 0.3809,-0.2738,0.6629,0.5835, -21.7865,-7.4982,-38.0737
sensor, 0.8694,0.0464,0.7754, -0.0598,1.1140,-0.0495, 0.3770,-0.2705,0.6651,0.5851, -21.7865,-7.4982,-38.0737
sensor, 0.8908,0.0773,0.7916, -0.0598,1.1140,-0.0495, 0.3770,-0.2705,0.6651,0.5851, -21.7865,-7.4982,-38.0737
sensor, 0.8965,0.0716,0.7503, -0.0577,1.0416,-0.0740, 0.3752,-0.2689,0.6660,0.5860, -21.7865,-7.4982,-38.0737
sensor, 0.9181,0.0701,0.7750, -0.0577,1.0416,-0.0740, 0.3734,-0.2674,0.6669,0.5868, -21.7865,-7.4982,-40.1123
sensor, 0.9367,0.0264,0.7728, -0.0577,1.0171,-0.0804, 0.3700,-0.2643,0.6686,0.5884, -21.7865,-7.4982,-40.1123
sensor, 0.9209,0.0427,0.7739, -0.0545,0.9926,-0.0847, 0.3683,-0.2629,0.6694,0.5892, -21.7865,-7.4982,-40.1123
sensor, 0.9099,0.0430,0.7655, -0.0545,0.9372,-0.0911, 0.3683,-0.2629,0.6694,0.5892, -21.7865,-7.4982,-40.1123
sensor, 0.9363,0.0491,0.7881, -0.0524,0.9116,-0.0953, 0.3667,-0.2615,0.6701,0.5900, -18.9926,-8.1970,-38.7527
sensor, 0.9769,0.0218,0.7613, -0.0524,0.9116,-0.0953, 0.3638,-0.2586,0.6718,0.5912, -18.9926,-8.1970,-38.7527
sensor, 0.9676,0.0511,0.7599, -0.0492,0.8541,-0.0974, 0.3638,-0.2586,0.6718,0.5912, -18.9926,-8.1970,-38.7527
sensor, 0.9675,0.0692,0.7774, -0.0492,0.8221,-0.0996, 0.3609,-0.2561,0.6730,0.5927, -18.9926,-8.1970,-38.7527
sensor, 0.9944,0.0667,0.7587, -0.0471,0.7923,-0.1028, 0.3594,-0.2547,0.6736,0.5935, -18.9926,-9.5932,-40.7913
sensor, 0.9763,0.0394,0.7743, -0.0449,0.7614,-0.1060, 0.3579,-0.2531,0.6745,0.5940, -18.9926,-9.5932,-40.7913
sensor, 0.8653,0.0365,0.8105, -0.0417,0.7316,-0.1070, 0.3579,-0.2531,0.6745,0.5940, -18.9926,-9.5932,-40.7913
sensor, 0.8677,0.0369,0.8338, -0.0417,0.7316,-0.1070, 0.3564,-0.2517,0.6751,0.5949, -18.9926,-9.5932,-40.7913
sensor, 0.7705,0.0439,0.8255, -0.0417,0.6720,-0.1102, 0.3548,-0.2503,0.6757,0.5958, -18.9926,-9.5932,-40.7913
sensor, 0.7732,0.0113,0.8072, -0.0385,0.6240,-0.1092, 0.3536,-0.2492,0.6762,0.5963, -18.2953,-7.4982,-40.7913
sensor, 0.6481,0.0250,0.8322, -0.0364,0.6016,-0.1081, 0.3524,-0.2481,0.6766,0.5970, -18.2953,-7.4982,-40.7913
sensor, 0.6300,-0.0289,0.9097, -0.0364,0.6016,-0.1081, 0.3510,-0.2468,0.6771,0.5978, -18.2953,-7.4982,-40.7913
sensor, 0.5883,-0.0622,0.8451, -0.0439,0.5569,-0.1017, 0.3486,-0.2444,0.6782,0.5989, -17.5964,-8.8959,-42.1509
sensor, 0.6298,-0.0626,0.8601, -0.0481,0.5463,-0.0985, 0.3474,-0.2434,0.6787,0.5996, -17.5964,-8.8959,-42.1509
sensor, 0.6303,-0.0156,0.7706, -0.0481,0.5463,-0.0985, 0.3474,-0.2434,0.6787,0.5996, -17.5964,-8.8959,-42.1509
sensor, 0.6621,-0.0157,0.7321, -0.0535,0.5335,-0.0942, 0.3452,-0.2413,0.6796,0.6006, -17.5964,-8.8959,-41.4719
sensor, 0.6863,0.0466,0.7413, -0.0588,0.5132,-0.0932, 0.3452,-0.2413,0.6796,0.6006, -17.5964,-8.8959,-41.4719
sensor, 0.7069,0.0856,0.7166, -0.0652,0.4461,-0.0889, 0.3431,-0.2396,0.6802,0.6018, -17.5964,-8.8959,-41.4719
sensor, 0.7281,0.0866,0.7404, -0.0620,0.4195,-0.0911, 0.3431,-0.2396,0.6802,0.6018, -16.1987,-7.4982,-38.7527
sensor, 0.6986,0.1621,0.6959, -0.0620,0.4195,-0.0911, 0.3422,-0.2388,0.6806,0.6022, -16.1987,-7.4982,-38.7527
sensor, 0.6669,0.1487,0.7085, -0.0492,0.3449,-0.0953, 0.3406,-0.2374,0.6809,0.6033, -16.1987,-7.4982,-38.7527
sensor, 0.6229,0.1624,0.7185, -0.0492,0.3449,-0.0953, 0.3401,-0.2368,0.6812,0.6035, -15.5014,-8.8959,-41.4719
sensor, 0.5886,0.1291,0.6711, -0.0364,0.3044,-0.0985, 0.3395,-0.2363,0.6813,0.6039, -15.5014,-8.8959,-41.4719
sensor, 0.5041,0.1479,0.6850, -0.0311,0.2863,-0.1006, 0.3390,-0.2358,0.6814,0.6043, -15.5014,-8.8959,-41.4719
sensor, 0.4806,0.1742,0.7425, -0.0268,0.2757,-0.1006, 0.3390,-0.2358,0.6814,0.6043, -15.5014,-7.4982,-40.7913
sensor, 0.4300,0.1432,0.7229, -0.0194,0.2693,-0.1017, 0.3386,-0.2353,0.6815,0.6046, -15.5014,-7.4982,-40.7913
sensor, 0.4154,0.1466,0.7165, -0.0194,0.2693,-0.1017, 0.3377,-0.2343,0.6816,0.6054, -15.5014,-7.4982,-40.7913
sensor, 0.3611,0.1301,0.7472, -0.0044,0.2597,-0.1049, 0.3377,-0.2343,0.6816,0.6054, -15.5014,-7.4982,-40.7913
sensor, 0.3720,0.0856,0.6603, 0.0030,0.2501,-0.1028, 0.3370,-0.2331,0.6820,0.6058, -17.5964,-8.8959,-40.1123
sensor, 0.3447,0.0557,0.6368, 0.0073,0.2416,-0.0985, 0.3366,-0.2326,0.6821,0.6061, -17.5964,-8.8959,-40.1123
sensor, 0.3270,-0.0015,0.6336, 0.0126,0.2320,-0.0921, 0.3366,-0.2326,0.6821,0.6061, -17.5964,-8.8959,-40.1123
sensor, 0.3274,-0.0183,0.6440, 0.0126,0.2203,-0.0836, 0.3359,-0.2317,0.6823,0.6066, -17.5964,-8.8959,-40.1123
sensor, 0.3536,-0.0755,0.5726, 0.0126,0.2203,-0.0836, 0.3359,-0.2317,0.6823,0.6066, -14.8026,-8.8959,-42.8314
sensor, 0.3517,-0.1530,0.5249, 0.0051,0.1990,-0.0676, 0.3357,-0.2312,0.6826,0.6066, -14.8026,-8.8959,-42.8314
sensor, 0.3489,-0.1327,0.4864, -0.0002,0.1851,-0.0623, 0.3351,-0.2304,0.6828,0.6069, -14.8026,-8.8959,-42.8314
sensor, 0.3585,-0.1380,0.4374, -0.0076,0.1734,-0.0580, 0.3348,-0.2301,0.6829,0.6071, -14.8026,-8.8959,-42.8314
sensor, 0.3228,-0.1301,0.4302, -0.0076,0.1734,-0.0580, 0.3345,-0.2298,0.6831,0.6071, -14.8026,-8.1970,-41.4719
sensor, 0.3233,-0.1086,0.4690, -0.0162,0.1596,-0.0548, 0.3345,-0.2298,0.6831,0.6071, -14.8026,-8.1970,-41.4719
sensor, 0.2613,-0.0765,0.4912, -0.0279,0.1415,-0.0623, 0.3340,-0.2293,0.6833,0.6075, -14.8026,-8.1970,-41.4719
sensor, 0.2178,-0.0066,0.5088, -0.0279,0.1415,-0.0623, 0.3340,-0.2293,0.6833,0.6075, -14.8026,-8.1970,-41.4719
sensor, 0.2113,0.0352,0.5133, -0.0332,0.1351,-0.0687, 0.3337,-0.2291,0.6833,0.6077, -13.4048,-9.5932,-42.1509
sensor, 0.1783,0.0860,0.5297, -0.0353,0.1329,-0.0761, 0.3336,-0.2287,0.6835,0.6076, -13.4048,-9.5932,-42.1509
sensor, 0.1777,0.1105,0.5307, -0.0364,0.1308,-0.0868, 0.3333,-0.2285,0.6835,0.6079, -13.4048,-9.5932,-42.1509
sensor, 0.1616,0.1455,0.5363, -0.0353,0.1308,-0.0942, 0.3331,-0.2282,0.6834,0.6082, -13.4048,-9.5932,-42.1509
sensor, 0.1222,0.1553,0.5479, -0.0300,0.1340,-0.1006, 0.3328,-0.2279,0.6834,0.6085, -14.1037,-8.8959,-40.7913
sensor, 0.1115,0.1014,0.4968, -0.0204,0.1351,-0.1028, 0.3327,-0.2275,0.6835,0.6085, -14.1037,-8.8959,-40.7913
sensor, 0.0742,0.1021,0.5089, -0.0119,0.1361,-0.1049, 0.3322,-0.2269,0.6835,0.6091, -14.1037,-8.8959,-40.7913
sensor, 0.0597,0.0827,0.5022, -0.0034,0.1340,-0.1038, 0.3320,-0.2266,0.6834,0.6094, -14.1037,-8.8959,-40.7913
sensor, 0.0578,0.0578,0.4665, 0.0030,0.1329,-0.1006, 0.3320,-0.2266,0.6834,0.6094, -14.8026,-7.4982,-40.7913
sensor, 0.0648,0.0227,0.4480, 0.0115,0.1361,-0.0857, 0.3317,-0.2259,0.6835,0.6097, -14.8026,-7.4982,-40.7913
sensor, 0.0572,-0.0138,0.4415, 0.0115,0.1361,-0.0857, 0.3317,-0.2259,0.6835,0.6097, -14.8026,-7.4982,-40.7913
sensor, 0.0480,-0.0384,0.4196, 0.0126,0.1340,-0.0825, 0.3313,-0.2253,0.6836,0.6101, -14.8026,-7.4982,-40.7913
sensor, 0.0489,-0.0503,0.3850, 0.0115,0.1329,-0.0772, 0.3313,-0.2253,0.6836,0.6101, -14.1037,-8.1970,-42.1509
sensor, 0.0835,-0.0573,0.3626, 0.0083,0.1319,-0.0676, 0.3312,-0.2248,0.6838,0.6101, -14.1037,-8.1970,-42.1509
sensor, 0.0697,-0.0832,0.3502, 0.0041,0.1329,-0.0687, 0.3310,-0.2245,0.6839,0.6102, -14.1037,-8.1970,-42.1509
sensor, 0.0907,-0.0882,0.3555, -0.0013,0.1361,-0.0655, 0.3306,-0.2240,0.6840,0.6106, -14.1037,-8.1970,-42.1509
sensor, 0.0608,-0.1098,0.3716, -0.0076,0.1436,-0.0612, 0.3304,-0.2236,0.6842,0.6105, -12.7075,-8.1970,-41.4719
sensor, 0.0935,-0.1117,0.3613, -0.0172,0.1468,-0.0612, 0.3304,-0.2236,0.6842,0.6105, -12.7075,-8.1970,-41.4719
sensor, 0.1703,-0.0513,0.3960, -0.0226,0.1468,-0.0612, 0.3301,-0.2233,0.6843,0.6106, -12.7075,-8.1970,-41.4719
sensor, 0.1857,-0.0176,0.3795, -0.0311,0.1478,-0.0602, 0.3296,-0.2228,0.6844,0.6110, -12.7075,-8.1970,-41.4719
sensor, 0.2352,0.0232,0.3663, -0.0311,0.1478,-0.0602, 0.3293,-0.2225,0.6845,0.6111, -14.1037,-7.4982,-41.4719
sensor, 0.2839,0.0209,0.4423, -0.0332,0.1489,-0.0612, 0.3293,-0.2225,0.6845,0.6111, -14.1037,-7.4982,-41.4719
sensor, 0.3354,0.0705,0.4279, -0.0364,0.1351,-0.0666, 0.3288,-0.2221,0.6845,0.6116, -14.1037,-7.4982,-41.4719
sensor, 0.3963,0.0797,0.4687, -0.0364,0.1351,-0.0666, 0.3285,-0.2219,0.6845,0.6118, -14.1037,-7.4982,-41.4719
sensor, 0.4076,0.0615,0.4647, -0.0375,0.1276,-0.0676, 0.3285,-0.2219,0.6845,0.6118, -13.4048,-8.1970,-40.7913
sensor, 0.3687,0.1030,0.4679, -0.0375,0.1191,-0.0697, 0.3284,-0.2216,0.6847,0.6117, -13.4048,-8.1970,-40.7913
sensor, 0.4061,0.0909,0.4189, -0.0375,0.1084,-0.0676, 0.3282,-0.2214,0.6847,0.6119, -13.4048,-8.1970,-40.7913
sensor, 0.4309,0.0750,0.4514, -0.0364,0.0978,-0.0655, 0.3280,-0.2213,0.6846,0.6121, -13.4048,-8.1970,-40.7913
sensor, 0.3925,0.1115,0.4570, -0.0343,0.0765,-0.0655, 0.3278,-0.2211,0.6846,0.6123, -16.1987,-6.7993,-41.4719
sensor, 0.3450,0.1041,0.4695, -0.0343,0.0765,-0.0655, 0.3277,-0.2210,0.6845,0.6126, -16.1987,-6.7993,-41.4719
sensor, 0.3310,0.1116,0.5090, -0.0236,0.0520,-0.0633, 0.3273,-0.2207,0.6843,0.6131, -16.1987,-6.7993,-41.4719
sensor, 0.2776,0.1039,0.4904, -0.0215,0.0466,-0.0602, 0.3273,-0.2207,0.6843,0.6131, -16.1987,-6.7993,-41.4719
sensor, 0.2610,0.1177,0.5032, -0.0215,0.0466,-0.0602, 0.3272,-0.2206,0.6842,0.6133, -16.1987,-6.7993,-41.4719
sensor, 0.2707,0.1190,0.5000, -0.0162,0.0402,-0.0484, 0.3272,-0.2201,0.6846,0.6130, -14.8026,-8.8959,-39.4333
sensor, 0.3082,0.1150,0.4366, -0.0076,0.0307,-0.0420, 0.3270,-0.2199,0.6845,0.6134, -14.8026,-8.8959,-39.4333
sensor, 0.2985,0.1118,0.4536, -0.0076,0.0307,-0.0420, 0.3270,-0.2199,0.6845,0.6134, -14.8026,-8.8959,-39.4333
sensor, 0.3284,0.0872,0.4474, -0.0076,0.0136,-0.0431, 0.3270,-0.2195,0.6846,0.6134, -14.8026,-8.1970,-40.7913
sensor, 0.3029,0.0510,0.4128, -0.0087,0.0062,-0.0431, 0.3270,-0.2195,0.6846,0.6134, -14.8026,-8.1970,-40.7913
sensor, 0.2902,0.0467,0.4236, -0.0087,0.0062,-0.0431, 0.3270,-0.2195,0.6845,0.6135, -14.8026,-8.1970,-40.7913
sensor, 0.2404,0.0500,0.3642, -0.0108,-0.0088,-0.0463, 0.3270,-0.2194,0.6844,0.6136, -13.4048,-7.4982,-42.1509
sensor, 0.2200,0.0592,0.3046, -0.0151,-0.0130,-0.0452, 0.3270,-0.2194,0.6844,0.6136, -13.4048,-7.4982,-42.1509
sensor, 0.1892,0.0527,0.3102, -0.0140,-0.0119,-0.0442, 0.3270,-0.2194,0.6843,0.6137, -13.4048,-7.4982,-42.1509
sensor, 0.1678,0.0562,0.3151, -0.0140,-0.0119,-0.0442, 0.3270,-0.2194,0.6841,0.6139, -13.4048,-7.4982,-42.1509
sensor, 0.1708,0.0841,0.3583, -0.0183,-0.0119,-0.0367, 0.3270,-0.2194,0.6841,0.6139, -14.8026,-8.8959,-42.1509
sensor, 0.1842,0.1085,0.3095, -0.0183,-0.0119,-0.0346, 0.3271,-0.2191,0.6844,0.6137, -14.8026,-8.8959,-42.1509
sensor, 0.1998,0.1245,0.3032, -0.0162,-0.0130,-0.0325, 0.3271,-0.2191,0.6843,0.6138, -14.8026,-8.8959,-42.1509
sensor, 0.2296,0.1243,0.3206, -0.0119,-0.0119,-0.0239, 0.3273,-0.2190,0.6845,0.6135, -14.8026,-8.8959,-42.1509
sensor, 0.1779,0.1109,0.3124, -0.0034,-0.0194,-0.0154, 0.3273,-0.2189,0.6843,0.6137, -14.8026,-8.8959,-42.1509
sensor, 0.2214,0.0896,0.3234, -0.0034,-0.0194,-0.0154, 0.3273,-0.2189,0.6843,0.6137, -14.8026,-8.8959,-40.1123
sensor, 0.2310,0.1028,0.2372, 0.0041,-0.0162,-0.0133, 0.3275,-0.2187,0.6846,0.6133, -14.8026,-8.8959,-40.1123
sensor, 0.2667,0.1033,0.1983, 0.0041,-0.0162,-0.0133, 0.3275,-0.2187,0.6846,0.6133, -14.8026,-8.8959,-40.1123
sensor, 0.2430,0.0529,0.1752, 0.0051,-0.0215,-0.0133, 0.3275,-0.2187,0.6846,0.6134, -14.8026,-8.8959,-40.1123
sensor, 0.2646,0.0423,0.1894, 0.0051,-0.0215,-0.0133, 0.3276,-0.2187,0.6845,0.6134, -14.8026,-9.5932,-40.7913
sensor, 0.2920,0.0075,0.1584, 0.0041,-0.0301,-0.0144, 0.3279,-0.2185,0.6850,0.6128, -14.8026,-9.5932,-40.7913
sensor, 0.2673,0.0461,0.1682, 0.0041,-0.0301,-0.0144, 0.3280,-0.2185,0.6849,0.6128, -14.8026,-9.5932,-40.7913
sensor, 0.2720,0.0093,0.1517, 0.0019,-0.0397,-0.0133, 0.3281,-0.2186,0.6849,0.6128, -14.8026,-9.5932,-40.7913
sensor, 0.2460,0.0081,0.1422, -0.0013,-0.0428,-0.0144, 0.3282,-0.2187,0.6848,0.6128, -13.4048,-8.1970,-43.5104
sensor, 0.1830,0.0131,0.1756, -0.0055,-0.0492,-0.0133, 0.3283,-0.2187,0.6849,0.6126, -13.4048,-8.1970,-43.5104
sensor, 0.1497,0.0071,0.1553, -0.0076,-0.0482,-0.0133, 0.3284,-0.2188,0.6848,0.6126, -13.4048,-8.1970,-43.5104
sensor, 0.1307,0.0233,0.1270, -0.0076,-0.0482,-0.0133, 0.3285,-0.2189,0.6848,0.6126, -13.4048,-8.1970,-43.5104
sensor, 0.0858,0.0060,0.1277, -0.0087,-0.0450,-0.0112, 0.3285,-0.2189,0.6847,0.6126, -13.4048,-8.8959,-41.4719
sensor, 0.0599,0.0082,0.1180, -0.0108,-0.0428,-0.0080, 0.3287,-0.2188,0.6850,0.6122, -13.4048,-8.8959,-41.4719
sensor, 0.0593,0.0274,0.1323, -0.0108,-0.0354,-0.0058, 0.3287,-0.2189,0.6850,0.6122, -13.4048,-8.8959,-41.4719
sensor, 0.0429,0.0426,0.1351, -0.0140,-0.0301,-0.0037, 0.3288,-0.2189,0.6849,0.6123, -13.4048,-8.8959,-41.4719
sensor, 0.0296,0.0575,0.1541, -0.0098,-0.0162,-0.0048, 0.3288,-0.2189,0.6851,0.6121, -14.1037,-8.1970,-41.4719
sensor, 0.0567,0.0581,0.1141, -0.0098,-0.0162,-0.0048, 0.3288,-0.2189,0.6851,0.6121, -14.1037,-8.1970,-41.4719
sensor, 0.0423,0.0648,0.1319, -0.0076,-0.0013,-0.0058, 0.3288,-0.2189,0.6850,0.6121, -14.1037,-8.1970,-41.4719
sensor, 0.0493,0.0673,0.1240, -0.0076,0.0062,-0.0058, 0.3288,-0.2188,0.6849,0.6123, -14.1037,-8.1970,-41.4719
sensor, 0.0930,0.0714,0.1037, -0.0076,0.0062,-0.0058, 0.3288,-0.2188,0.6849,0.6123, -13.4048,-8.1970,-42.1509
sensor, 0.1254,0.0579,0.0937, -0.0055,0.0147,-0.0069, 0.3288,-0.2187,0.6851,0.6121, -13.4048,-8.1970,-42.1509
sensor, 0.1430,0.0097,0.0957, -0.0034,0.0147,-0.0069, 0.3288,-0.2187,0.6851,0.6122, -13.4048,-8.1970,-42.1509
sensor, 0.1579,0.0348,0.0442, -0.0002,0.0158,-0.0069, 0.3288,-0.2187,0.6851,0.6122, -13.4048,-8.1970,-42.1509
sensor, 0.1930,0.0037,0.0711, -0.0034,0.0158,-0.0069, 0.3288,-0.2187,0.6850,0.6122, -15.5014,-6.7993,-42.1509
sensor, 0.1901,-0.0088,0.0884, -0.0066,0.0147,-0.0037, 0.3287,-0.2188,0.6849,0.6124, -15.5014,-6.7993,-42.1509
sensor, 0.1993,-0.0466,0.1184, -0.0044,0.0147,-0.0037, 0.3287,-0.2188,0.6849,0.6124, -15.5014,-6.7993,-42.1509
sensor, 0.1916,-0.0067,0.1323, -0.0087,0.0125,-0.0048, 0.3287,-0.2188,0.6850,0.6123, -15.5014,-6.7993,-42.1509
sensor, 0.1853,-0.0481,0.0999, -0.0140,0.0125,-0.0048, 0.3286,-0.2188,0.6850,0.6123, -13.4048,-7.4982,-42.8314
sensor, 0.1800,-0.0665,0.0894, -0.0215,0.0104,-0.0069, 0.3286,-0.2188,0.6850,0.6123, -13.4048,-7.4982,-42.8314
sensor, 0.1608,-0.0857,0.1294, -0.0226,0.0115,-0.0090, 0.3285,-0.2189,0.6851,0.6122, -13.4048,-7.4982,-42.8314
sensor, 0.1766,-0.0359,0.1616, -0.0226,0.0115,-0.0090, 0.3285,-0.2189,0.6851,0.6122, -13.4048,-7.4982,-42.8314
sensor, 0.1422,-0.0347,0.1316, -0.0258,0.0125,-0.0133, 0.3285,-0.2189,0.6851,0.6122, -12.7075,-8.1970,-41.4719
sensor, 0.1512,-0.0140,0.1564, -0.0322,0.0179,-0.0144, 0.3285,-0.2188,0.6853,0.6120, -12.7075,-8.1970,-41.4719
sensor, 0.1732,0.0145,0.1085, -0.0332,0.0189,-0.0175, 0.3283,-0.2188,0.6853,0.6121, -12.7075,-8.1970,-41.4719
sensor, 0.1197,0.0539,0.1397, -0.0353,0.0189,-0.0165, 0.3283,-0.2188,0.6853,0.6121, -12.7075,-8.1970,-41.4719
sensor, 0.1580,0.0795,0.1377, -0.0332,0.0189,-0.0165, 0.3283,-0.2188,0.6853,0.6121, -13.4048,-8.1970,-42.1509
sensor, 0.1560,0.0642,0.1583, -0.0289,0.0211,-0.0144, 0.3283,-0.2186,0.6856,0.6119, -13.4048,-8.1970,-42.1509
sensor, 0.1275,0.0573,0.1511, -0.0236,0.0189,-0.0165, 0.3282,-0.2186,0.6856,0.6119, -13.4048,-8.1970,-42.1509
sensor, 0.1868,0.0835,0.1399, -0.0247,0.0189,-0.0175, 0.3282,-0.2186,0.6856,0.6119, -13.4048,-8.1970,-42.1509
sensor, 0.1592,0.0720,0.1401, -0.0215,0.0179,-0.0165, 0.3283,-0.2183,0.6860,0.6116, -16.1987,-8.8959,-40.7913
sensor, 0.1621,0.0532,0.1763, -0.0183,0.0158,-0.0197, 0.3283,-0.2183,0.6860,0.6116, -16.1987,-8.8959,-40.7913
sensor, 0.1260,0.0547,0.1466, -0.0183,0.0147,-0.0218, 0.3282,-0.2182,0.6860,0.6116, -16.1987,-8.8959,-40.7913
sensor, 0.1053,0.0453,0.1434, -0.0172,0.0125,-0.0250, 0.3282,-0.2182,0.6860,0.6117, -16.1987,-8.8959,-40.7913
sensor, 0.0976,0.0481,0.1683, -0.0172,0.0147,-0.0293, 0.3281,-0.2182,0.6858,0.6119, -12.0087,-6.7993,-42.8314
sensor, 0.0857,0.0048,0.1827, -0.0194,0.0189,-0.0303, 0.3281,-0.2182,0.6858,0.6119, -12.0087,-6.7993,-42.8314
sensor, 0.0488,0.0128,0.1688, -0.0194,0.0189,-0.0303, 0.3280,-0.2181,0.6858,0.6120, -12.0087,-6.7993,-42.8314
sensor, 0.0513,0.0180,0.1698, -0.0215,0.0211,-0.0293, 0.3279,-0.2180,0.6858,0.6120, -12.0087,-6.7993,-42.8314
sensor, 0.0484,0.0196,0.2027, -0.0183,0.0232,-0.0271, 0.3279,-0.2180,0.6858,0.6120, -13.4048,-8.8959,-40.7913
sensor, 0.0465,0.0139,0.1784, -0.0194,0.0317,-0.0250, 0.3279,-0.2177,0.6863,0.6117, -13.4048,-8.8959,-40.7913
sensor, 0.1002,0.0037,0.1566, -0.0194,0.0317,-0.0250, 0.3279,-0.2177,0.6863,0.6117, -13.4048,-8.8959,-40.7913
sensor, 0.1125,0.0068,0.1686, -0.0226,0.0349,-0.0229, 0.3278,-0.2176,0.6863,0.6117, -13.4048,-8.8959,-40.7913
sensor, 0.1310,-0.0203,0.1841, -0.0226,0.0339,-0.0239, 0.3277,-0.2175,0.6864,0.6117, -13.4048,-8.8959,-40.7913
sensor, 0.1717,-0.0249,0.1838, -0.0322,0.0275,-0.0250, 0.3276,-0.2173,0.6866,0.6116, -14.1037,-7.4982,-42.8314
sensor, 0.1509,0.0063,0.1465, -0.0353,0.0232,-0.0229, 0.3275,-0.2173,0.6867,0.6115, -14.1037,-7.4982,-42.8314
sensor, 0.1891,0.0222,0.1625, -0.0353,0.0179,-0.0218, 0.3275,-0.2173,0.6867,0.6115, -14.1037,-7.4982,-42.8314
sensor, 0.1594,0.0279,0.1754, -0.0353,0.0179,-0.0218, 0.3275,-0.2172,0.6868,0.6115, -14.8026,-8.8959,-42.1509
sensor, 0.1245,0.0484,0.1988, -0.0385,0.0040,-0.0175, 0.3276,-0.2170,0.6872,0.6111, -14.8026,-8.8959,-42.1509
sensor, 0.1059,0.0403,0.2253, -0.0375,0.0008,-0.0175, 0.3275,-0.2170,0.6872,0.6110, -14.8026,-8.8959,-42.1509
sensor, 0.0991,0.0774,0.2592, -0.0375,0.0008,-0.0175, 0.3275,-0.2169,0.6873,0.6110, -14.8026,-8.8959,-42.1509
sensor, 0.0994,0.1152,0.2775, -0.0311,-0.0024,-0.0133, 0.3274,-0.2169,0.6873,0.6111, -13.4048,-6.7993,-42.1509
sensor, 0.0710,0.1081,0.2570, -0.0311,-0.0024,-0.0133, 0.3274,-0.2169,0.6873,0.6111, -13.4048,-6.7993,-42.1509
sensor, 0.0709,0.1159,0.2190, -0.0194,0.0019,-0.0112, 0.3274,-0.2167,0.6875,0.6110, -13.4048,-8.1970,-41.4719
sensor, 0.0261,0.0978,0.2207, -0.0151,-0.0013,-0.0112, 0.3274,-0.2167,0.6875,0.6110, -13.4048,-8.1970,-41.4719
sensor, 0.0574,0.1260,0.2337, -0.0076,-0.0002,-0.0090, 0.3273,-0.2167,0.6874,0.6110, -13.4048,-8.1970,-41.4719
sensor, 0.0736,0.0836,0.2613, -0.0023,0.0019,-0.0058, 0.3273,-0.2166,0.6874,0.6111, -14.8026,-7.4982,-42.1509
sensor, 0.0843,0.0571,0.2152, -0.0023,0.0019,-0.0058, 0.3273,-0.2166,0.6874,0.6111, -14.8026,-7.4982,-42.1509
sensor, 0.0344,0.0091,0.1959, 0.0062,-0.0002,-0.0058, 0.3272,-0.2165,0.6874,0.6112, -14.8026,-7.4982,-42.1509
sensor, 0.0623,0.0160,0.1771, 0.0073,0.0008,-0.0037, 0.3272,-0.2165,0.6874,0.6112, -14.8026,-7.4982,-42.1509
sensor, 0.0745,0.0115,0.1801, 0.0073,-0.0013,-0.0005, 0.3272,-0.2165,0.6874,0.6113, -14.8026,-7.4982,-42.1509
sensor, 0.0640,-0.0318,0.1895, 0.0073,-0.0013,-0.0005, 0.3272,-0.2165,0.6874,0.6113, -14.1037,-8.1970,-42.1509
sensor, 0.0650,-0.0171,0.1757, 0.0073,-0.0066,0.0048, 0.3272,-0.2164,0.6876,0.6110, -14.1037,-8.1970,-42.1509
sensor, 0.0143,-0.0016,0.2025, 0.0041,-0.0088,0.0027, 0.3272,-0.2164,0.6876,0.6110, -14.1037,-8.1970,-42.1509
sensor, 0.0206,-0.0177,0.2186, 0.0009,-0.0088,0.0048, 0.3271,-0.2163,0.6877,0.6110, -14.1037,-8.1970,-42.1509
sensor, 0.0224,-0.0394,0.2279, 0.0009,-0.0088,0.0048, 0.3272,-0.2162,0.6879,0.6108, -14.8026,-8.1970,-42.1509
sensor, 0.0738,-0.0137,0.2014, 0.0009,-0.0002,0.0038, 0.3271,-0.2162,0.6879,0.6107, -14.8026,-8.1970,-42.1509
sensor, 0.0706,-0.0328,0.1667, -0.0002,0.0040,0.0016, 0.3271,-0.2161,0.6880,0.6107, -14.8026,-8.1970,-42.1509
sensor, 0.0806,-0.0349,0.1802, -0.0002,0.0040,0.0016, 0.3271,-0.2161,0.6881,0.6106, -14.8026,-8.1970,-42.1509
sensor, 0.1154,-0.0365,0.1639, -0.0055,0.0051,-0.0005, 0.3272,-0.2159,0.6884,0.6103, -14.1037,-8.8959,-42.8314
sensor, 0.1219,-0.0444,0.1578, -0.0055,0.0008,-0.0037, 0.3272,-0.2159,0.6884,0.6103, -14.1037,-8.8959,-42.8314
sensor, 0.1772,-0.0152,0.1556, -0.0055,-0.0024,-0.0026, 0.3271,-0.2159,0.6885,0.6102, -14.1037,-8.8959,-42.8314
sensor, 0.1727,-0.0060,0.1324, -0.0044,-0.0109,-0.0005, 0.3271,-0.2159,0.6885,0.6102, -14.1037,-8.8959,-42.8314
sensor, 0.1354,0.0008,0.1592, -0.0066,-0.0173,0.0016, 0.3272,-0.2159,0.6887,0.6099, -14.1037,-8.1970,-41.4719
sensor, 0.1236,0.0503,0.1700, -0.0055,-0.0247,0.0016, 0.3273,-0.2159,0.6887,0.6099, -14.1037,-8.1970,-41.4719
sensor, 0.1156,0.0362,0.1729, -0.0044,-0.0311,0.0027, 0.3273,-0.2160,0.6887,0.6099, -14.1037,-8.1970,-41.4719
sensor, 0.0791,0.0220,0.1741, -0.0034,-0.0343,-0.0016, 0.3273,-0.2160,0.6886,0.6099, -14.1037,-8.1970,-41.4719
sensor, 0.0579,0.0034,0.1721, -0.0023,-0.0364,-0.0037, 0.3275,-0.2159,0.6888,0.6096, -14.1037,-8.1970,-40.1123
sensor, 0.0444,0.0239,0.1713, -0.0002,-0.0354,-0.0069, 0.3275,-0.2160,0.6888,0.6096, -14.1037,-8.1970,-40.1123
sensor, 0.0225,0.0108,0.1809, 0.0030,-0.0333,-0.0101, 0.3275,-0.2160,0.6887,0.6097, -14.1037,-8.1970,-40.1123
sensor, 0.0278,0.0018,0.2040, 0.0019,-0.0226,-0.0154, 0.3275,-0.2160,0.6887,0.6097, -14.1037,-7.4982,-41.4719
sensor, -0.0179,-0.0329,0.1938, 0.0019,-0.0226,-0.0154, 0.3275,-0.2160,0.6887,0.6097, -14.1037,-7.4982,-41.4719
sensor, -0.0019,-0.0265,0.1284, 0.0009,-0.0173,-0.0175, 0.3275,-0.2159,0.6887,0.6097, -14.1037,-7.4982,-41.4719
sensor, -0.0275,-0.0604,0.1596, 0.0009,-0.0173,-0.0175, 0.3275,-0.2159,0.6887,0.6097, -14.1037,-7.4982,-41.4719
sensor, -0.0224,-0.0658,0.1243, -0.0055,-0.0151,-0.0122, 0.3275,-0.2159,0.6887,0.6097, -14.8026,-8.1970,-40.7913
sensor, -0.0179,-0.0284,0.1555, -0.0055,-0.0151,-0.0122, 0.3276,-0.2158,0.6889,0.6095, -14.8026,-8.1970,-40.7913
sensor, 0.0049,-0.0188,0.1348, -0.0108,-0.0141,-0.0069, 0.3276,-0.2158,0.6890,0.6095, -14.8026,-8.1970,-40.7913
sensor, 0.0036,0.0232,0.1477, -0.0130,-0.0130,-0.0026, 0.3276,-0.2158,0.6890,0.6094, -14.8026,-8.1970,-40.7913
sensor, 0.0515,0.1135,0.1965, -0.0076,-0.0130,-0.0005, 0.3275,-0.2158,0.6890,0.6094, -14.1037,-9.5932,-41.4719
sensor, 0.0931,0.1102,0.2095, -0.0034,-0.0119,-0.0016, 0.3277,-0.2155,0.6894,0.6090, -14.1037,-9.5932,-41.4719
sensor, 0.1335,0.1429,0.1980, 0.0041,-0.0098,-0.0026, 0.3277,-0.2155,0.6893,0.6091, -14.1037,-9.5932,-41.4719
sensor, 0.1879,0.0990,0.1511, 0.0073,-0.0119,-0.0112, 0.3277,-0.2155,0.6892,0.6092, -14.1037,-9.5932,-41.4719
sensor, 0.2467,0.0087,0.1219, 0.0073,-0.0119,-0.0112, 0.3277,-0.2155,0.6892,0.6092, -14.8026,-6.7993,-41.4719
sensor, 0.2844,-0.0219,0.1165, 0.0094,-0.0151,-0.0207, 0.3278,-0.2157,0.6890,0.6094, -14.8026,-6.7993,-41.4719
sensor, 0.2941,-0.0605,0.0843, 0.0073,-0.0237,-0.0325, 0.3278,-0.2157,0.6888,0.6095, -14.8026,-6.7993,-41.4719
sensor, 0.2652,-0.1604,0.1097, 0.0041,-0.0333,-0.0367, 0.3279,-0.2158,0.6887,0.6095, -14.8026,-6.7993,-41.4719
sensor, 0.2291,-0.1557,0.0809, -0.0130,-0.0514,-0.0357, 0.3280,-0.2159,0.6887,0.6095, -13.4048,-8.8959,-42.1509
sensor, 0.1734,-0.1892,0.0608, -0.0226,-0.0588,-0.0325, 0.3283,-0.2160,0.6889,0.6090, -13.4048,-8.8959,-42.1509
sensor, 0.1283,-0.1522,0.0927, -0.0226,-0.0588,-0.0325, 0.3284,-0.2161,0.6890,0.6089, -13.4048,-8.8959,-42.1509
sensor, 0.0644,-0.1112,0.0731, -0.0279,-0.0652,-0.0250, 0.3285,-0.2162,0.6890,0.6087, -13.4048,-8.8959,-42.1509
sensor, 0.0381,-0.0640,0.0801, -0.0322,-0.0695,-0.0144, 0.3285,-0.2162,0.6890,0.6087, -13.4048,-8.1970,-41.4719
sensor, 0.0305,-0.0300,0.0903, -0.0364,-0.0695,-0.0112, 0.3286,-0.2163,0.6892,0.6084, -13.4048,-8.1970,-41.4719
sensor, 0.0230,0.0194,0.0712, -0.0375,-0.0695,-0.0122, 0.3287,-0.2164,0.6892,0.6083, -13.4048,-8.1970,-41.4719
sensor, 0.0220,0.0629,0.0898, -0.0364,-0.0663,-0.0133, 0.3288,-0.2165,0.6892,0.6083, -13.4048,-8.1970,-41.4719
sensor, 0.0082,0.0729,0.0692, -0.0364,-0.0620,-0.0175, 0.3289,-0.2166,0.6892,0.6082, -12.7075,-8.1970,-41.4719
sensor, -0.0032,0.0854,0.1037, -0.0311,-0.0577,-0.0207, 0.3291,-0.2166,0.6892,0.6081, -12.7075,-8.1970,-41.4719
sensor, -0.0195,0.0838,0.0646, -0.0279,-0.0546,-0.0186, 0.3291,-0.2167,0.6891,0.6082, -12.7075,-8.1970,-41.4719
sensor, -0.0397,0.0820,0.1103, -0.0247,-0.0524,-0.0144, 0.3292,-0.2168,0.6890,0.6083, -12.7075,-8.1970,-41.4719
sensor, -0.0319,0.0717,0.0746, -0.0194,-0.0514,-0.0122, 0.3292,-0.2169,0.6889,0.6083, -12.7075,-8.1970,-41.4719
sensor, -0.0573,0.0833,0.0684, -0.0194,-0.0514,-0.0122, 0.3293,-0.2170,0.6887,0.6084, -12.7075,-7.4982,-42.1509
sensor, -0.0148,0.0902,0.0523, -0.0183,-0.0460,-0.0048, 0.3293,-0.2171,0.6886,0.6084, -12.7075,-7.4982,-42.1509
sensor, -0.0123,0.1184,0.0142, -0.0151,-0.0460,-0.0026, 0.3294,-0.2172,0.6885,0.6085, -12.7075,-7.4982,-42.1509
sensor, -0.0057,0.1222,0.0100, -0.0076,-0.0333,-0.0058, 0.3294,-0.2172,0.6885,0.6085, -14.1037,-7.4982,-42.1509
sensor, -0.0093,0.0894,0.0397, -0.0076,-0.0333,-0.0058, 0.3295,-0.2173,0.6884,0.6086, -14.1037,-7.4982,-42.1509
sensor, 0.0349,0.0832,0.0417, -0.0034,-0.0279,-0.0101, 0.3295,-0.2173,0.6883,0.6087, -14.1037,-7.4982,-42.1509
sensor, 0.0451,0.0836,0.0156, 0.0019,-0.0215,-0.0069, 0.3296,-0.2174,0.6880,0.6088, -14.1037,-7.4982,-42.1509
sensor, 0.0580,0.0577,0.0123, 0.0051,-0.0205,-0.0026, 0.3297,-0.2174,0.6879,0.6089, -15.5014,-7.4982,-42.1509
sensor, 0.0958,0.0593,0.0253, 0.0073,-0.0237,0.0016, 0.3297,-0.2174,0.6879,0.6089, -15.5014,-7.4982,-42.1509
sensor, 0.1328,0.0390,-0.0060, 0.0073,-0.0258,0.0016, 0.3298,-0.2175,0.6878,0.6089, -15.5014,-7.4982,-42.1509
sensor, 0.1231,0.0250,0.0360, 0.0105,-0.0279,0.0016, 0.3300,-0.2176,0.6878,0.6089, -14.8026,-8.1970,-42.8314
sensor, 0.1515,0.0348,0.0208, 0.0083,-0.0301,0.0006, 0.3301,-0.2177,0.6877,0.6089, -14.8026,-8.1970,-42.8314
sensor, 0.1225,-0.0136,0.0096, 0.0083,-0.0354,-0.0005, 0.3302,-0.2177,0.6878,0.6087, -13.4048,-8.1970,-40.7913
sensor, 0.0689,-0.0271,-0.0111, 0.0051,-0.0364,-0.0005, 0.3303,-0.2178,0.6877,0.6087, -13.4048,-8.1970,-40.7913
sensor, 0.0411,-0.0562,-0.0172, 0.0051,-0.0364,-0.0005, 0.3303,-0.2178,0.6877,0.6087, -13.4048,-8.1970,-40.7913
sensor, 0.0344,-0.0923,0.0178, -0.0023,-0.0322,0.0027, 0.3304,-0.2179,0.6877,0.6086, -13.4048,-8.1970,-40.7913
sensor, 0.0184,-0.0887,-0.0130, -0.0098,-0.0333,0.0038, 0.3305,-0.2180,0.6878,0.6084, -13.4048,-8.1970,-40.7913
sensor, 0.0066,-0.0610,-0.0095, -0.0098,-0.0333,0.0038, 0.3305,-0.2180,0.6878,0.6084, -14.1037,-7.4982,-40.7913
sensor, -0.0068,-0.0391,-0.0493, -0.0151,-0.0290,0.0016, 0.3305,-0.2180,0.6879,0.6083, -14.1037,-7.4982,-40.7913
sensor, 0.0074,0.0065,-0.0491, -0.0194,-0.0215,0.0027, 0.3306,-0.2182,0.6878,0.6083, -14.1037,-7.4982,-40.7913
sensor, -0.0021,0.0175,-0.0035, -0.0194,-0.0215,0.0027, 0.3305,-0.2183,0.6878,0.6083, -14.1037,-7.4982,-40.7913
sensor, 0.0104,0.0790,0.0251, -0.0279,-0.0151,0.0059, 0.3306,-0.2182,0.6880,0.6081, -14.8026,-8.8959,-42.8314
sensor, 0.0399,0.0939,0.0374, -0.0268,-0.0130,0.0038, 0.3306,-0.2183,0.6879,0.6082, -14.8026,-8.8959,-42.8314
sensor, 0.0615,0.1002,0.0376, -0.0236,-0.0098,0.0016, 0.3306,-0.2183,0.6879,0.6082, -14.8026,-8.8959,-42.8314
sensor, 0.0473,0.0899,0.0598, -0.0204,-0.0077,-0.0016, 0.3306,-0.2184,0.6877,0.6083, -14.8026,-8.8959,-42.8314
sensor, 0.0687,0.0934,0.0404, -0.0140,-0.0077,-0.0037, 0.3306,-0.2184,0.6876,0.6084, -14.8026,-7.4982,-42.8314
sensor, 0.0841,0.0981,0.0644, -0.0140,-0.0077,-0.0037, 0.3306,-0.2184,0.6876,0.6084, -14.8026,-7.4982,-42.8314
sensor, 0.0858,0.0635,0.0496, -0.0076,-0.0098,-0.0069, 0.3306,-0.2185,0.6875,0.6085, -14.8026,-7.4982,-42.8314
sensor, 0.0706,0.0348,0.0720, -0.0023,-0.0077,-0.0101, 0.3306,-0.2185,0.6875,0.6085, -14.8026,-7.4982,-42.8314
sensor, 0.0603,0.0463,0.0724, -0.0002,-0.0098,-0.0090, 0.3306,-0.2185,0.6874,0.6086, -12.7075,-8.1970,-40.7913
sensor, 0.0850,0.0082,0.0445, 0.0009,-0.0098,-0.0080, 0.3307,-0.2184,0.6876,0.6084, -12.7075,-8.1970,-40.7913
sensor, 0.0924,-0.0169,0.0652, 0.0009,-0.0077,-0.0048, 0.3308,-0.2184,0.6876,0.6084, -12.7075,-8.1970,-40.7913
sensor, 0.0638,0.0011,0.0744, 0.0009,-0.0077,-0.0048, 0.3308,-0.2184,0.6876,0.6084, -12.7075,-8.1970,-40.7913
sensor, 0.1226,-0.0413,0.0338, 0.0019,-0.0077,-0.0048, 0.3309,-0.2183,0.6878,0.6081, -13.4048,-8.8959,-42.8314
sensor, 0.0981,-0.0388,0.0315, 0.0041,-0.0088,-0.0026, 0.3309,-0.2183,0.6878,0.6081, -13.4048,-8.8959,-42.8314
sensor, 0.1563,-0.0570,0.0388, 0.0030,-0.0109,-0.0026, 0.3310,-0.2184,0.6878,0.6080, -13.4048,-8.8959,-42.8314
sensor, 0.1403,-0.0412,-0.0231, -0.0002,-0.0119,-0.0037, 0.3310,-0.2184,0.6878,0.6080, -13.4048,-8.8959,-42.8314
sensor, 0.1432,-0.0686,0.0291, -0.0023,-0.0141,-0.0048, 0.3310,-0.2184,0.6878,0.6080, -13.4048,-8.1970,-42.1509
sensor, 0.1385,-0.0808,0.0250, -0.0087,-0.0205,-0.0058, 0.3311,-0.2184,0.6879,0.6078, -13.4048,-8.1970,-42.1509
sensor, 0.1074,-0.0482,0.0332, -0.0140,-0.0269,-0.0144, 0.3312,-0.2185,0.6880,0.6077, -13.4048,-8.1970,-42.1509
sensor, 0.0785,-0.0211,0.0523, -0.0194,-0.0301,-0.0207, 0.3312,-0.2186,0.6879,0.6077, -13.4048,-8.1970,-42.1509
sensor, 0.0686,-0.0452,0.0933, -0.0258,-0.0322,-0.0261, 0.3313,-0.2186,0.6879,0.6076, -15.5014,-6.7993,-41.4719
sensor, 0.0078,0.0199,0.0946, -0.0279,-0.0322,-0.0314, 0.3313,-0.2187,0.6878,0.6077, -15.5014,-6.7993,-41.4719
sensor, -0.0177,0.0548,0.1381, -0.0279,-0.0322,-0.0346, 0.3313,-0.2187,0.6878,0.6078, -15.5014,-6.7993,-41.4719
sensor, -0.0108,0.0525,0.1350, -0.0279,-0.0301,-0.0357, 0.3313,-0.2188,0.6877,0.6078, -15.5014,-6.7993,-41.4719
