sensor, 0.0426,-0.0524,-0.0169, 0.0020,0.0017,0.0005, 0.0000,0.0000,0.0000,0.0000, 41.7709,2.2797,-2.7298
sensor, 0.0398,-0.0369,-0.0075, 0.0009,0.0027,0.0005, 0.4848,0.6810,-0.2494,0.4890, 41.7709,2.2797,-2.7298
sensor, 0.0381,-0.0242,-0.0188, 0.0030,-0.0015,-0.0006, 0.4849,0.6809,-0.2495,0.4889, 40.3748,2.2797,-2.0493
sensor, 0.0160,-0.0356,-0.0067, 0.0020,-0.0015,0.0015, 0.4850,0.6808,-0.2496,0.4887, 40.3748,2.2797,-2.0493
sensor, 0.0141,-0.0093,0.0180, 0.0020,-0.0037,0.0026, 0.4851,0.6808,-0.2497,0.4887, 40.3748,2.2797,-2.0493
sensor, 0.0345,-0.0455,0.0344, 0.0020,-0.0015,0.0005, 0.4851,0.6808,-0.2498,0.4887, 40.3748,2.2797,-2.0493
sensor, 0.0056,-0.0519,-0.0287, -0.0002,0.0006,0.0005, 0.4851,0.6808,-0.2499,0.4887, 41.0721,1.5808,-3.4088
sensor, 0.0054,-0.0304,0.0036, -0.0002,0.0006,0.0015, 0.4855,0.6805,-0.2502,0.4884, 41.0721,1.5808,-3.4088
sensor, 0.0058,-0.0328,-0.0044, -0.0002,-0.0015,0.0026, 0.4856,0.6805,-0.2503,0.4884, 41.0721,1.5808,-3.4088
sensor, 0.0030,-0.0163,-0.0307, -0.0012,0.0006,0.0026, 0.4856,0.6805,-0.2503,0.4884, 41.0721,1.5808,-3.4088
sensor, -0.0021,-0.0300,-0.0059, -0.0002,0.0027,0.0037, 0.4856,0.6805,-0.2503,0.4883, 39.6759,2.2797,-3.4088
sensor, 0.0305,-0.0600,-0.0118, -0.0012,0.0017,0.0037, 0.4858,0.6803,-0.2505,0.4882, 39.6759,2.2797,-3.4088
sensor, 0.0232,-0.0266,-0.0251, -0.0002,0.0027,0.0058, 0.4859,0.6803,-0.2506,0.4881, 39.6759,2.2797,-3.4088
sensor, 0.0447,-0.0343,-0.0512, -0.0023,0.0006,0.0047, 0.4860,0.6803,-0.2507,0.4880, 39.6759,2.2797,-3.4088
sensor, 0.0336,-0.0165,0.0169, -0.0044,0.0017,0.0037, 0.4861,0.6803,-0.2507,0.4879, 40.3748,2.2797,-1.3702
sensor, 0.0083,-0.0297,-0.0045, -0.0044,0.0006,0.0015, 0.4862,0.6802,-0.2508,0.4879, 40.3748,2.2797,-1.3702
sensor, 0.0019,-0.0154,-0.0085, -0.0044,0.0006,0.0005, 0.4862,0.6802,-0.2508,0.4879, 40.3748,2.2797,-1.3702
sensor, 0.0215,-0.0114,0.0127, -0.0044,0.0006,0.0005, 0.4863,0.6802,-0.2508,0.4878, 40.3748,2.2797,-1.3702
sensor, 0.0265,0.0009,-0.0227, -0.0044,0.0017,0.0037, 0.4863,0.6802,-0.2508,0.4878, 41.7709,2.9785,-1.3702
sensor, 0.0180,-0.0568,0.0106, -0.0055,-0.0005,0.0047, 0.4863,0.6802,-0.2508,0.4878, 41.7709,2.9785,-1.3702
sensor, 0.0193,0.0334,0.0219, -0.0055,-0.0015,0.0037, 0.4863,0.6802,-0.2509,0.4878, 41.7709,2.9785,-1.3702
sensor, 0.0154,0.0101,0.0151, -0.0055,-0.0037,0.0058, 0.4863,0.6802,-0.2508,0.4878, 41.7709,2.9785,-1.3702
sensor, -0.0071,-0.0039,0.0488, -0.0076,-0.0047,0.0037, 0.4863,0.6802,-0.2508,0.4879, 41.0721,2.9785,-3.4088
sensor, -0.0131,0.0386,0.0013, -0.0087,-0.0037,0.0037, 0.4863,0.6801,-0.2509,0.4879, 41.0721,2.9785,-3.4088
sensor, -0.0671,0.0390,0.0141, -0.0076,0.0006,0.0026, 0.4863,0.6801,-0.2508,0.4880, 41.0721,2.9785,-3.4088
sensor, -0.0518,0.0616,-0.0116, -0.0076,0.0038,0.0005, 0.4862,0.6801,-0.2507,0.4880, 41.0721,2.9785,-3.4088
sensor, -0.0342,0.0339,0.0245, -0.0044,0.0070,-0.0017, 0.4862,0.6801,-0.2506,0.4881, 40.3748,2.2797,-1.3702
sensor, 0.0039,0.0615,-0.0149, -0.0034,0.0102,-0.0027, 0.4862,0.6801,-0.2506,0.4881, 40.3748,2.2797,-1.3702
sensor, 0.0462,0.0540,0.0066, -0.0023,0.0091,-0.0027, 0.4861,0.6802,-0.2505,0.4881, 40.3748,2.2797,-1.3702
sensor, 0.0414,0.0555,-0.0308, -0.0002,0.0080,-0.0038, 0.4861,0.6802,-0.2504,0.4882, 40.3748,2.2797,-1.3702
sensor, 0.0824,0.0516,-0.0329, -0.0002,0.0059,-0.0059, 0.4861,0.6803,-0.2503,0.4882, 41.0721,2.9785,-1.3702
sensor, 0.0677,0.0499,0.0192, -0.0002,0.0017,-0.0081, 0.4861,0.6803,-0.2502,0.4881, 41.0721,2.9785,-1.3702
sensor, 0.0654,0.0459,-0.0075, 0.0009,0.0006,-0.0102, 0.4861,0.6803,-0.2501,0.4882, 41.0721,2.9785,-1.3702
sensor, 0.0324,0.0512,-0.0087, 0.0030,-0.0026,-0.0091, 0.4860,0.6804,-0.2501,0.4882, 41.0721,2.9785,-1.3702
sensor, 0.0023,0.0430,-0.0004, 0.0041,-0.0037,-0.0113, 0.4860,0.6804,-0.2500,0.4882, 41.7709,1.5808,-0.6897
sensor, -0.0038,0.0341,-0.0138, 0.0073,-0.0037,-0.0113, 0.4861,0.6804,-0.2501,0.4882, 41.7709,1.5808,-0.6897
sensor, -0.0065,0.0089,-0.0288, 0.0083,-0.0058,-0.0113, 0.4861,0.6804,-0.2501,0.4882, 41.7709,1.5808,-0.6897
sensor, -0.0475,-0.0148,0.0100, 0.0094,-0.0058,-0.0102, 0.4861,0.6804,-0.2501,0.4882, 41.7709,1.5808,-0.6897
sensor, -0.0495,0.0014,-0.0115, 0.0105,-0.0047,-0.0091, 0.4860,0.6804,-0.2502,0.4882, 38.9771,2.2797,-0.6897
sensor, -0.0254,-0.0294,0.0093, 0.0094,-0.0015,-0.0070, 0.4861,0.6803,-0.2502,0.4881, 38.9771,2.2797,-0.6897
sensor, -0.0411,-0.0038,0.0097, 0.0105,-0.0037,-0.0038, 0.4861,0.6803,-0.2503,0.4881, 38.9771,2.2797,-0.6897
sensor, -0.0098,-0.0201,0.0242, 0.0094,-0.0026,-0.0049, 0.4860,0.6803,-0.2503,0.4881, 38.9771,2.2797,-0.6897
sensor, -0.0019,-0.0589,0.0144, 0.0083,-0.0015,-0.0059, 0.4860,0.6803,-0.2504,0.4881, 40.3748,2.9785,-2.0493
sensor, -0.0030,-0.0411,0.0110, 0.0094,-0.0005,-0.0049, 0.4861,0.6803,-0.2505,0.4881, 40.3748,2.9785,-2.0493
sensor, -0.0127,-0.0325,0.0333, 0.0105,0.0006,-0.0038, 0.4861,0.6803,-0.2506,0.4880, 40.3748,2.9785,-2.0493
sensor, -0.0228,-0.0495,0.0291, 0.0094,0.0006,-0.0017, 0.4861,0.6802,-0.2506,0.4880, 40.3748,2.9785,-2.0493
sensor, 0.0176,-0.0760,0.0198, 0.0105,0.0027,-0.0017, 0.4861,0.6802,-0.2507,0.4880, 40.3748,3.6774,-2.7298
sensor, 0.0022,-0.0578,-0.0105, 0.0073,0.0017,0.0026, 0.4862,0.6802,-0.2508,0.4880, 40.3748,3.6774,-2.7298
sensor, 0.0310,-0.0558,-0.0051, 0.0062,0.0038,0.0026, 0.4862,0.6802,-0.2508,0.4879, 40.3748,3.6774,-2.7298
sensor, 0.0167,-0.0781,-0.0265, 0.0052,0.0017,0.0015, 0.4863,0.6802,-0.2509,0.4878, 40.3748,3.6774,-2.7298
sensor, 0.0292,-0.0936,-0.0078, 0.0041,0.0006,0.0015, 0.4863,0.6801,-0.2510,0.4878, 41.7709,2.9785,-1.3702
sensor, 0.0143,-0.0555,-0.0050, 0.0020,0.0006,0.0026, 0.4864,0.6801,-0.2511,0.4877, 41.7709,2.9785,-1.3702
sensor, 0.0235,-0.0712,-0.0099, 0.0020,0.0006,0.0037, 0.4864,0.6801,-0.2511,0.4877, 41.7709,2.9785,-1.3702
sensor, 0.0083,-0.0398,-0.0111, 0.0020,0.0027,0.0058, 0.4864,0.6801,-0.2512,0.4876, 41.7709,2.9785,-1.3702
sensor, -0.0175,-0.0229,-0.0327, -0.0002,0.0027,0.0037, 0.4865,0.6801,-0.2512,0.4876, 40.3748,2.2797,-0.6897
sensor, 0.0237,-0.0613,0.0018, 0.0009,0.0027,0.0047, 0.4866,0.6800,-0.2513,0.4876, 40.3748,2.2797,-0.6897
sensor, 0.0422,-0.0445,-0.0022, -0.0002,0.0027,0.0047, 0.4866,0.6800,-0.2513,0.4875, 40.3748,2.2797,-0.6897
sensor, 0.0174,-0.0336,-0.0252, -0.0044,0.0027,0.0037, 0.4866,0.6800,-0.2513,0.4875, 40.3748,2.2797,-0.6897
sensor, 0.0130,-0.0334,-0.0150, -0.0023,0.0027,0.0037, 0.4866,0.6800,-0.2513,0.4875, 41.0721,2.2797,-2.0493
sensor, 0.0018,-0.0193,0.0122, -0.0002,0.0038,0.0047, 0.4869,0.6798,-0.2515,0.4874, 41.0721,2.2797,-2.0493
sensor, 0.0076,-0.0279,-0.0095, -0.0044,0.0017,0.0026, 0.4869,0.6798,-0.2515,0.4874, 41.0721,2.2797,-2.0493
sensor, 0.0166,-0.0201,-0.0188, -0.0034,0.0017,0.0037, 0.4869,0.6798,-0.2515,0.4873, 41.0721,2.2797,-2.0493
sensor, 0.0057,-0.0106,0.0158, -0.0044,0.0017,0.0015, 0.4869,0.6798,-0.2515,0.4873, 40.3748,2.9785,-2.7298
sensor, 0.0127,-0.0035,0.0007, -0.0034,0.0038,0.0026, 0.4870,0.6798,-0.2516,0.4873, 40.3748,2.9785,-2.7298
sensor, -0.0163,-0.0026,-0.0181, -0.0034,0.0048,0.0047, 0.4870,0.6798,-0.2516,0.4873, 40.3748,2.9785,-2.7298
sensor, -0.0002,-0.0064,-0.0059, -0.0044,0.0027,0.0037, 0.4870,0.6798,-0.2515,0.4873, 40.3748,2.9785,-2.7298
sensor, 0.0223,0.0166,0.0027, -0.0044,-0.0005,0.0026, 0.4870,0.6798,-0.2515,0.4873, 40.3748,2.9785,-1.3702
sensor, 0.0206,0.0215,-0.0457, -0.0034,-0.0005,0.0026, 0.4870,0.6798,-0.2515,0.4873, 40.3748,2.9785,-1.3702
sensor, -0.0211,-0.0123,-0.0242, -0.0023,-0.0005,0.0026, 0.4870,0.6798,-0.2514,0.4873, 40.3748,2.9785,-1.3702
sensor, 0.0469,-0.0247,0.0017, -0.0023,-0.0015,0.0005, 0.4870,0.6798,-0.2514,0.4873, 40.3748,2.9785,-1.3702
sensor, 0.0047,0.0146,0.0008, -0.0012,-0.0005,0.0005, 0.4870,0.6798,-0.2515,0.4873, 39.6759,2.2797,-2.0493
sensor, 0.0038,-0.0099,-0.0039, -0.0023,0.0006,-0.0006, 0.4872,0.6797,-0.2516,0.4872, 39.6759,2.2797,-2.0493
sensor, 0.0088,0.0127,0.0266, -0.0023,-0.0005,-0.0006, 0.4872,0.6797,-0.2516,0.4872, 39.6759,2.2797,-2.0493
sensor, 0.0161,0.0321,0.0010, -0.0044,-0.0015,-0.0006, 0.4872,0.6797,-0.2516,0.4872, 39.6759,2.2797,-2.0493
sensor, 0.0127,0.0086,-0.0112, -0.0044,-0.0015,-0.0017, 0.4872,0.6797,-0.2515,0.4873, 41.0721,0.8835,-2.7298
sensor, -0.0001,0.0112,0.0009, -0.0023,-0.0026,-0.0017, 0.4877,0.6793,-0.2519,0.4871, 41.0721,0.8835,-2.7298
sensor, 0.0101,-0.0146,-0.0223, -0.0012,-0.0015,-0.0017, 0.4877,0.6793,-0.2519,0.4871, 41.0721,0.8835,-2.7298
sensor, -0.0033,0.0188,0.0015, -0.0023,-0.0015,-0.0017, 0.4877,0.6793,-0.2519,0.4871, 41.0721,0.8835,-2.7298
sensor, 0.0021,-0.0449,0.0506, -0.0012,-0.0015,-0.0006, 0.4877,0.6793,-0.2519,0.4871, 40.3748,3.6774,-2.0493
sensor, -0.0032,-0.0133,0.0278, -0.0012,-0.0015,-0.0017, 0.4876,0.6794,-0.2519,0.4871, 40.3748,3.6774,-2.0493
sensor, 0.0173,-0.0220,0.0168, -0.0012,-0.0015,-0.0017, 0.4876,0.6793,-0.2519,0.4871, 40.3748,3.6774,-2.0493
sensor, -0.0089,-0.0387,-0.0024, -0.0034,-0.0005,-0.0017, 0.4876,0.6793,-0.2519,0.4871, 40.3748,3.6774,-2.0493
sensor, -0.0216,-0.0011,-0.0106, -0.0044,0.0006,0.0005, 0.4876,0.6793,-0.2519,0.4871, 40.3748,3.6774,-2.0493
sensor, -0.0108,-0.0380,-0.0339, -0.0044,0.0017,0.0005, 0.4876,0.6793,-0.2519,0.4871, 41.0721,2.2797,-2.0493
sensor, -0.0084,-0.0077,-0.0009, -0.0044,0.0027,0.0026, 0.4878,0.6792,-0.2521,0.4870, 41.0721,2.2797,-2.0493
sensor, -0.0258,0.0187,0.0174, -0.0044,0.0091,0.0047, 0.4878,0.6792,-0.2521,0.4870, 41.0721,2.2797,-2.0493
sensor, 0.0052,0.0137,0.0126, -0.0044,0.0134,0.0047, 0.4878,0.6792,-0.2520,0.4870, 39.6759,2.9785,-2.0493
sensor, 0.0203,-0.0007,-0.0053, -0.0055,0.0112,0.0037, 0.4879,0.6792,-0.2520,0.4870, 39.6759,2.9785,-2.0493
sensor, 0.0439,0.0408,-0.0092, -0.0076,0.0102,0.0026, 0.4879,0.6792,-0.2520,0.4870, 39.6759,2.9785,-2.0493
sensor, 0.0335,0.0360,0.0046, -0.0076,0.0070,0.0015, 0.4879,0.6792,-0.2519,0.4870, 39.6759,2.9785,-2.0493
sensor, 0.0263,0.0380,-0.0389, -0.0034,0.0038,0.0005, 0.4879,0.6793,-0.2519,0.4870, 41.0721,2.9785,-3.4088
sensor, 0.0370,0.0219,-0.0239, -0.0034,0.0038,-0.0059, 0.4881,0.6791,-0.2520,0.4869, 41.0721,2.9785,-3.4088
sensor, 0.0219,0.0209,-0.0025, -0.0034,0.0017,-0.0081, 0.4881,0.6791,-0.2520,0.4869, 41.0721,2.9785,-2.0493
sensor, 0.0223,-0.0114,-0.0173, -0.0023,0.0017,-0.0049, 0.4881,0.6791,-0.2520,0.4869, 41.0721,2.9785,-2.0493
sensor, -0.0016,0.0396,-0.0332, -0.0034,0.0006,-0.0049, 0.4882,0.6791,-0.2520,0.4868, 41.0721,2.9785,-2.0493
sensor, 0.0017,0.0182,-0.0070, -0.0012,0.0006,-0.0059, 0.4882,0.6791,-0.2520,0.4868, 41.0721,2.9785,-2.0493
sensor, -0.0071,0.0427,0.0134, -0.0012,-0.0015,-0.0059, 0.4882,0.6791,-0.2520,0.4868, 40.3748,2.2797,-2.0493
sensor, 0.0132,0.0450,-0.0183, -0.0012,-0.0015,-0.0049, 0.4883,0.6790,-0.2522,0.4868, 40.3748,2.2797,-2.0493
sensor, 0.0031,0.0219,0.0150, -0.0012,-0.0015,-0.0049, 0.4883,0.6790,-0.2521,0.4868, 38.9771,2.9785,-1.3702
sensor, -0.0093,0.0395,-0.0229, 0.0009,-0.0037,-0.0049, 0.4883,0.6790,-0.2521,0.4868, 38.9771,2.9785,-1.3702
sensor, -0.0154,0.0133,0.0048, 0.0041,-0.0015,-0.0049, 0.4883,0.6790,-0.2521,0.4868, 38.9771,2.9785,-1.3702
sensor, 0.0130,0.0251,-0.0006, 0.0041,-0.0015,-0.0059, 0.4883,0.6790,-0.2521,0.4868, 38.9771,2.9785,-1.3702
sensor, 0.0189,-0.0035,0.0017, 0.0052,-0.0026,-0.0049, 0.4883,0.6790,-0.2521,0.4868, 40.3748,2.9785,-2.0493
sensor, -0.0097,-0.0178,0.0079, 0.0062,-0.0005,-0.0027, 0.4883,0.6790,-0.2522,0.4868, 40.3748,2.9785,-2.0493
sensor, 0.0201,-0.0228,0.0018, 0.0062,-0.0026,-0.0017, 0.4883,0.6790,-0.2522,0.4868, 40.3748,2.9785,-2.0493
sensor, 0.0135,-0.0079,-0.0220, 0.0073,-0.0026,-0.0006, 0.4883,0.6790,-0.2522,0.4867, 40.3748,2.9785,-2.0493
sensor, 0.0099,-0.0353,-0.0101, 0.0052,-0.0037,-0.0006, 0.4884,0.6789,-0.2523,0.4867, 40.3748,2.2797,-2.0493
sensor, 0.0318,-0.0316,0.0006, 0.0052,-0.0037,-0.0017, 0.4886,0.6788,-0.2524,0.4866, 40.3748,2.2797,-2.0493
sensor, 0.0088,-0.0365,-0.0120, 0.0062,-0.0026,-0.0006, 0.4886,0.6788,-0.2524,0.4866, 40.3748,2.2797,-2.0493
sensor, 0.0192,-0.0139,-0.0411, 0.0041,-0.0047,0.0015, 0.4886,0.6788,-0.2525,0.4866, 40.3748,2.2797,-2.0493
sensor, 0.0075,-0.0238,0.0220, 0.0052,-0.0037,0.0005, 0.4886,0.6788,-0.2525,0.4866, 41.7709,4.3747,-1.3702
sensor, 0.0167,-0.0155,-0.0187, 0.0052,-0.0037,-0.0017, 0.4883,0.6790,-0.2523,0.4867, 41.7709,4.3747,-1.3702
sensor, -0.0044,-0.0538,0.0060, 0.0041,-0.0026,-0.0017, 0.4883,0.6790,-0.2523,0.4867, 41.7709,4.3747,-1.3702
sensor, 0.0117,-0.0430,-0.0013, 0.0041,-0.0026,-0.0027, 0.4883,0.6790,-0.2524,0.4867, 41.7709,4.3747,-1.3702
sensor, -0.0138,-0.0593,-0.0055, 0.0041,-0.0026,-0.0038, 0.4883,0.6790,-0.2524,0.4867, 40.3748,1.5808,-3.4088
sensor, -0.0166,-0.0226,0.0049, -0.0002,-0.0015,-0.0017, 0.4888,0.6786,-0.2528,0.4865, 40.3748,1.5808,-3.4088
sensor, -0.0126,-0.0324,-0.0151, -0.0012,-0.0005,-0.0017, 0.4888,0.6786,-0.2528,0.4865, 40.3748,1.5808,-3.4088
sensor, 0.0020,-0.0737,0.0361, -0.0023,0.0017,-0.0017, 0.4888,0.6786,-0.2528,0.4864, 40.3748,1.5808,-3.4088
sensor, -0.0268,-0.0200,0.0224, -0.0044,-0.0005,-0.0017, 0.4888,0.6786,-0.2529,0.4864, 41.0721,1.5808,-2.0493
sensor, 0.0087,-0.0658,-0.0294, -0.0044,0.0006,-0.0017, 0.4892,0.6783,-0.2531,0.4863, 41.0721,1.5808,-2.0493
sensor, 0.0107,-0.0469,-0.0127, -0.0055,0.0048,-0.0006, 0.4892,0.6783,-0.2532,0.4863, 41.0721,1.5808,-2.0493
sensor, -0.0026,-0.0345,-0.0178, -0.0076,0.0038,-0.0017, 0.4892,0.6783,-0.2532,0.4863, 41.0721,1.5808,-2.0493
sensor, -0.0026,-0.0302,0.0088, -0.0055,0.0017,0.0005, 0.4892,0.6783,-0.2532,0.4862, 39.6759,3.6774,-2.0493
sensor, 0.0182,0.0077,-0.0316, -0.0076,0.0017,-0.0017, 0.4891,0.6784,-0.2531,0.4863, 39.6759,3.6774,-2.0493
sensor, 0.0041,-0.0279,-0.0467, -0.0130,0.0027,-0.0006, 0.4891,0.6784,-0.2531,0.4863, 39.6759,3.6774,-2.0493
sensor, 0.0007,-0.0136,-0.0344, -0.0108,0.0038,-0.0006, 0.4891,0.6784,-0.2531,0.4862, 39.6759,3.6774,-2.0493
sensor, -0.0005,-0.0217,0.0128, -0.0087,0.0006,-0.0006, 0.4891,0.6784,-0.2531,0.4862, 39.6759,3.6774,-2.0493
sensor, 0.0108,0.0148,0.0001, -0.0087,-0.0005,-0.0006, 0.4890,0.6785,-0.2530,0.4863, 39.6759,3.6774,-2.0493
sensor, -0.0104,0.0078,-0.0085, -0.0066,0.0006,-0.0006, 0.4890,0.6785,-0.2530,0.4863, 39.6759,3.6774,-2.0493
sensor, 0.0152,0.0014,0.0026, -0.0087,0.0017,-0.0017, 0.4890,0.6785,-0.2530,0.4863, 39.6759,3.6774,-2.0493
sensor, 0.0130,-0.0012,0.0051, -0.0076,-0.0026,0.0005, 0.4890,0.6785,-0.2530,0.4863, 39.6759,2.9785,-0.6897
sensor, 0.0044,-0.0056,-0.0192, -0.0087,-0.0026,0.0015, 0.4888,0.6786,-0.2529,0.4864, 39.6759,2.9785,-0.6897
sensor, 0.0279,-0.0148,0.0167, -0.0066,-0.0037,-0.0006, 0.4888,0.6786,-0.2529,0.4864, 39.6759,2.9785,-0.6897
sensor, 0.0120,0.0086,-0.0074, -0.0066,-0.0026,-0.0006, 0.4888,0.6786,-0.2528,0.4864, 39.6759,2.9785,-0.6897
sensor, 0.0030,-0.0121,0.0021, -0.0066,-0.0015,0.0005, 0.4888,0.6786,-0.2528,0.4864, 39.6759,2.9785,-2.7298
sensor, -0.0187,0.0002,-0.0047, -0.0055,-0.0037,0.0037, 0.4889,0.6786,-0.2529,0.4864, 39.6759,2.9785,-2.7298
sensor, 0.0189,-0.0057,0.0260, -0.0055,-0.0037,0.0026, 0.4889,0.6786,-0.2529,0.4864, 39.6759,2.9785,-2.7298
sensor, -0.0097,-0.0179,-0.0040, -0.0044,-0.0026,0.0015, 0.4889,0.6786,-0.2529,0.4864, 39.6759,2.9785,-2.7298
sensor, 0.0213,0.0304,0.0244, -0.0023,-0.0015,0.0026, 0.4888,0.6786,-0.2529,0.4864, 41.0721,2.9785,-2.0493
sensor, 0.0286,-0.0015,-0.0089, -0.0034,-0.0026,0.0026, 0.4889,0.6786,-0.2528,0.4865, 41.0721,2.9785,-2.0493
sensor, -0.0026,-0.0106,0.0087, -0.0044,0.0006,0.0026, 0.4888,0.6786,-0.2528,0.4865, 41.0721,2.9785,-2.0493
sensor, -0.0037,0.0004,0.0311, -0.0034,-0.0005,0.0005, 0.4888,0.6786,-0.2528,0.4865, 41.0721,2.9785,-2.0493
sensor, -0.0061,-0.0253,-0.0030, -0.0034,0.0006,0.0015, 0.4888,0.6786,-0.2528,0.4865, 41.7709,2.2797,-0.6897
sensor, -0.0046,-0.0422,0.0129, -0.0023,0.0017,0.0026, 0.4889,0.6785,-0.2529,0.4865, 41.7709,2.2797,-0.6897
sensor, 0.0084,-0.0349,0.0242, -0.0055,0.0038,0.0015, 0.4889,0.6785,-0.2529,0.4865, 41.7709,2.2797,-0.6897
sensor, -0.0000,-0.0042,0.0065, -0.0066,0.0027,0.0005, 0.4889,0.6785,-0.2529,0.4864, 41.7709,2.2797,-0.6897
sensor, -0.0164,0.0002,-0.0242, -0.0055,0.0038,-0.0006, 0.4889,0.6785,-0.2529,0.4865, 40.3748,1.5808,-2.7298
sensor, 0.0006,-0.0223,-0.0061, -0.0044,0.0038,-0.0017, 0.4893,0.6783,-0.2531,0.4863, 40.3748,1.5808,-2.7298
sensor, 0.0055,-0.0121,0.0327, -0.0055,0.0038,-0.0017, 0.4893,0.6783,-0.2532,0.4863, 40.3748,1.5808,-2.7298
sensor, -0.0033,0.0141,0.0102, -0.0055,0.0059,-0.0017, 0.4893,0.6782,-0.2532,0.4863, 40.3748,1.5808,-2.7298
sensor, 0.0085,-0.0192,-0.0184, -0.0055,0.0059,0.0005, 0.4893,0.6783,-0.2531,0.4863, 40.3748,1.5808,-2.7298
sensor, -0.0176,-0.0258,-0.0267, -0.0076,0.0091,0.0005, 0.4893,0.6783,-0.2531,0.4863, 38.9771,4.3747,-0.6897
sensor, 0.0114,0.0078,0.0152, -0.0055,0.0091,0.0015, 0.4889,0.6786,-0.2528,0.4864, 38.9771,4.3747,-0.6897
sensor, 0.0084,0.0231,-0.0120, -0.0055,0.0048,0.0026, 0.4889,0.6786,-0.2528,0.4864, 38.9771,4.3747,-0.6897
sensor, 0.0314,0.0286,0.0103, -0.0087,0.0059,0.0015, 0.4889,0.6786,-0.2528,0.4864, 42.4698,0.8835,-0.6897
sensor, -0.0097,-0.0018,0.0165, -0.0055,0.0070,0.0005, 0.4893,0.6783,-0.2530,0.4863, 42.4698,0.8835,-0.6897
sensor, 0.0205,0.0039,0.0042, -0.0066,0.0059,0.0015, 0.4893,0.6783,-0.2530,0.4863, 42.4698,0.8835,-0.6897
sensor, 0.0109,0.0101,-0.0205, -0.0055,0.0059,0.0026, 0.4893,0.6784,-0.2529,0.4863, 41.0721,4.3747,-2.7298
sensor, 0.0184,0.0110,0.0069, -0.0066,0.0048,0.0015, 0.4891,0.6785,-0.2528,0.4863, 41.0721,4.3747,-2.7298
sensor, 0.0309,-0.0156,0.0118, -0.0076,0.0038,0.0026, 0.4891,0.6785,-0.2527,0.4863, 41.0721,4.3747,-2.7298
sensor, 0.0214,-0.0033,-0.0192, -0.0044,0.0006,0.0026, 0.4891,0.6785,-0.2527,0.4863, 41.0721,4.3747,-2.7298
sensor, 0.0269,0.0049,-0.0053, -0.0034,-0.0026,0.0015, 0.4891,0.6785,-0.2527,0.4863, 38.9771,2.9785,-1.3702
sensor, 0.0314,0.0101,0.0331, -0.0055,0.0006,-0.0006, 0.4890,0.6786,-0.2526,0.4864, 38.9771,2.9785,-1.3702
sensor, 0.0297,0.0231,-0.0157, -0.0034,-0.0015,0.0026, 0.4890,0.6786,-0.2526,0.4864, 41.7709,2.9785,-2.7298
sensor, 0.0123,0.0104,-0.0452, -0.0023,-0.0037,0.0005, 0.4891,0.6785,-0.2527,0.4864, 41.7709,2.9785,-2.7298
sensor, 0.0221,-0.0034,-0.0136, -0.0023,-0.0047,-0.0006, 0.4891,0.6785,-0.2526,0.4864, 41.7709,2.9785,-2.7298
sensor, 0.0564,0.0130,-0.0187, -0.0034,-0.0037,-0.0017, 0.4891,0.6785,-0.2526,0.4864, 39.6759,3.6774,-2.0493
sensor, 0.0297,-0.0083,-0.0107, -0.0034,-0.0047,-0.0006, 0.4890,0.6786,-0.2525,0.4864, 39.6759,3.6774,-2.0493
sensor, 0.0307,-0.0215,0.0312, -0.0023,-0.0058,-0.0027, 0.4890,0.6786,-0.2525,0.4864, 39.6759,3.6774,-2.0493
sensor, -0.0100,-0.0014,0.0039, -0.0023,-0.0069,-0.0017, 0.4890,0.6786,-0.2526,0.4864, 39.6759,3.6774,-2.0493
sensor, 0.0163,-0.0159,-0.0154, -0.0012,-0.0058,-0.0006, 0.4889,0.6786,-0.2526,0.4864, 41.0721,2.9785,-2.0493
sensor, -0.0057,-0.0228,-0.0417, -0.0012,-0.0069,-0.0027, 0.4890,0.6786,-0.2526,0.4864, 41.0721,2.9785,-2.0493
sensor, -0.0207,0.0028,-0.0209, -0.0023,-0.0058,0.0015, 0.4890,0.6786,-0.2526,0.4864, 41.0721,2.9785,-2.0493
sensor, 0.0007,0.0063,-0.0238, 0.0020,-0.0037,0.0005, 0.4890,0.6786,-0.2526,0.4864, 41.0721,2.9785,-2.0493
sensor, -0.0183,-0.0207,0.0059, -0.0012,-0.0037,-0.0006, 0.4890,0.6786,-0.2526,0.4864, 41.0721,2.9785,-2.0493
sensor, -0.0053,0.0094,-0.0062, -0.0012,-0.0037,0.0005, 0.4890,0.6786,-0.2526,0.4864, 41.0721,2.9785,-2.0493
sensor, -0.0061,-0.0150,-0.0161, -0.0044,-0.0026,0.0037, 0.4890,0.6786,-0.2526,0.4864, 41.0721,2.9785,-2.0493
sensor, -0.0134,-0.0294,-0.0093, -0.0055,-0.0037,0.0026, 0.4890,0.6786,-0.2526,0.4864, 41.0721,2.9785,-2.0493
sensor, 0.0060,0.0359,-0.0070, -0.0055,-0.0015,0.0037, 0.4890,0.6786,-0.2526,0.4865, 41.0721,3.6774,-1.3702
sensor, -0.0139,0.0088,0.0085, -0.0044,0.0006,0.0005, 0.4888,0.6787,-0.2524,0.4865, 41.0721,3.6774,-1.3702
sensor, 0.0550,0.0042,0.0046, -0.0044,0.0017,-0.0017, 0.4888,0.6787,-0.2524,0.4866, 41.0721,3.6774,-1.3702
sensor, 0.0898,0.0044,-0.0259, -0.0044,0.0017,-0.0006, 0.4888,0.6787,-0.2524,0.4866, 41.0721,3.6774,-1.3702
sensor, 0.0588,0.0192,-0.0454, -0.0044,-0.0005,-0.0006, 0.4888,0.6787,-0.2524,0.4865, 39.6759,2.2797,-1.3702
sensor, 0.0860,0.0316,-0.0578, -0.0044,-0.0015,0.0005, 0.4889,0.6787,-0.2525,0.4865, 39.6759,2.2797,-1.3702
sensor, 0.0762,0.0058,-0.0502, -0.0044,-0.0058,-0.0017, 0.4889,0.6787,-0.2524,0.4865, 39.6759,2.2797,-1.3702
sensor, 0.0751,0.0408,-0.0645, -0.0044,-0.0090,-0.0017, 0.4889,0.6787,-0.2524,0.4865, 39.6759,2.2797,-1.3702
sensor, 0.0884,0.0214,-0.0847, -0.0044,-0.0122,-0.0006, 0.4889,0.6787,-0.2524,0.4865, 40.3748,2.9785,-0.6897
sensor, 0.1017,0.0036,-0.0792, -0.0034,-0.0175,0.0005, 0.4888,0.6788,-0.2523,0.4865, 40.3748,2.9785,-0.6897
sensor, 0.1128,0.0031,-0.0822, -0.0034,-0.0218,0.0015, 0.4888,0.6788,-0.2523,0.4865, 40.3748,2.9785,-0.6897
sensor, 0.1380,0.0053,-0.0793, -0.0044,-0.0292,0.0015, 0.4888,0.6788,-0.2522,0.4865, 40.3748,2.9785,-0.6897
sensor, 0.1669,0.0102,-0.0703, -0.0023,-0.0367,0.0015, 0.4888,0.6788,-0.2522,0.4866, 39.6759,2.2797,-0.6897
sensor, 0.1619,0.0349,-0.0678, -0.0012,-0.0442,0.0026, 0.4887,0.6788,-0.2522,0.4866, 39.6759,2.2797,-0.6897
sensor, 0.1058,0.0222,-0.1100, -0.0012,-0.0516,0.0047, 0.4887,0.6788,-0.2522,0.4867, 39.6759,2.2797,-0.6897
sensor, 0.1146,0.0332,-0.0855, -0.0012,-0.0559,0.0015, 0.4886,0.6788,-0.2522,0.4868, 39.6759,2.2797,-0.6897
sensor, 0.0531,0.0471,-0.0913, -0.0012,-0.0591,0.0005, 0.4885,0.6788,-0.2521,0.4869, 41.7709,2.9785,-2.0493
sensor, 0.0625,0.0592,-0.0773, -0.0002,-0.0623,-0.0006, 0.4884,0.6788,-0.2521,0.4870, 41.7709,2.9785,-2.0493
sensor, 0.0650,0.0305,-0.0861, 0.0020,-0.0633,0.0015, 0.4883,0.6788,-0.2521,0.4871, 41.7709,2.9785,-2.0493
sensor, 0.0752,0.0552,-0.0810, 0.0020,-0.0623,0.0005, 0.4882,0.6788,-0.2521,0.4872, 41.7709,2.9785,-2.0493
sensor, 0.1261,0.0304,-0.0878, 0.0020,-0.0665,0.0005, 0.4881,0.6788,-0.2520,0.4873, 40.3748,2.9785,-2.0493
sensor, 0.1140,0.0145,-0.0815, 0.0009,-0.0729,-0.0006, 0.4880,0.6788,-0.2520,0.4874, 40.3748,2.9785,-2.0493
sensor, 0.2118,0.0114,-0.1310, -0.0002,-0.0729,-0.0017, 0.4879,0.6788,-0.2520,0.4875, 40.3748,2.9785,-2.0493
sensor, 0.2503,0.0326,-0.1328, 0.0030,-0.0836,-0.0027, 0.4878,0.6788,-0.2520,0.4876, 40.3748,2.9785,-2.0493
sensor, 0.3141,0.0163,-0.1261, 0.0009,-0.0995,-0.0059, 0.4877,0.6788,-0.2520,0.4878, 41.0721,2.9785,-0.6897
sensor, 0.3300,0.0065,-0.1420, 0.0009,-0.1123,-0.0091, 0.4875,0.6788,-0.2519,0.4879, 41.0721,2.9785,-0.6897
sensor, 0.3832,0.0027,-0.1726, 0.0020,-0.1251,-0.0081, 0.4873,0.6788,-0.2520,0.4881, 41.0721,2.9785,-0.6897
sensor, 0.4339,0.0114,-0.2324, 0.0020,-0.1400,-0.0091, 0.4874,0.6787,-0.2521,0.4882, 41.0721,2.9785,-0.6897
sensor, 0.4537,-0.0114,-0.2165, -0.0002,-0.1592,-0.0102, 0.4874,0.6785,-0.2522,0.4883, 40.3748,2.2797,-3.4088
sensor, 0.4968,-0.0358,-0.2594, -0.0023,-0.1794,-0.0102, 0.4877,0.6782,-0.2526,0.4883, 40.3748,2.2797,-3.4088
sensor, 0.5620,-0.0429,-0.3318, -0.0044,-0.2039,-0.0102, 0.4877,0.6780,-0.2528,0.4885, 40.3748,2.2797,-3.4088
sensor, 0.6458,-0.0473,-0.3559, -0.0076,-0.2252,-0.0027, 0.4877,0.6777,-0.2531,0.4886, 40.3748,2.2797,-3.4088
sensor, 0.7119,-0.0480,-0.4176, -0.0119,-0.2529,-0.0006, 0.4878,0.6775,-0.2533,0.4888, 41.0721,2.9785,-2.7298
sensor, 0.7860,0.0220,-0.4583, -0.0151,-0.2860,0.0026, 0.4879,0.6772,-0.2536,0.4889, 41.0721,2.9785,-2.7298
sensor, 0.8275,0.0243,-0.4871, -0.0183,-0.3222,0.0058, 0.4880,0.6769,-0.2539,0.4892, 41.0721,2.9785,-2.7298
sensor, 0.8532,0.0435,-0.5167, -0.0183,-0.3595,0.0058, 0.4878,0.6765,-0.2542,0.4897, 41.0721,2.9785,-2.7298
sensor, 0.8831,0.1011,-0.4958, -0.0162,-0.4287,0.0037, 0.4877,0.6760,-0.2546,0.4902, 41.0721,2.9785,-2.7298
sensor, 0.8671,0.1511,-0.4578, -0.0130,-0.4628,-0.0006, 0.4875,0.6754,-0.2551,0.4910, 41.7709,0.8835,-4.0894
sensor, 0.8625,0.1651,-0.5162, -0.0098,-0.4926,-0.0038, 0.4878,0.6743,-0.2562,0.4917, 41.7709,0.8835,-4.0894
sensor, 0.9343,0.1529,-0.4617, -0.0034,-0.5225,-0.0081, 0.4875,0.6736,-0.2568,0.4926, 41.7709,0.8835,-4.0894
sensor, 0.9696,0.1718,-0.4699, 0.0105,-0.5874,-0.0134, 0.4867,0.6720,-0.2584,0.4948, 41.0721,4.3747,-3.4088
sensor, 1.0306,0.1400,-0.4072, 0.0158,-0.6258,-0.0123, 0.4861,0.6712,-0.2591,0.4960, 41.0721,4.3747,-3.4088
sensor, 1.0000,0.1216,-0.4912, 0.0201,-0.6599,-0.0145, 0.4857,0.6702,-0.2601,0.4973, 41.0721,4.3747,-3.4088
sensor, 1.0149,0.1019,-0.5148, 0.0254,-0.6961,-0.0166, 0.4857,0.6702,-0.2601,0.4973, 39.6759,2.9785,-4.7684
sensor, 0.9987,0.0972,-0.4570, 0.0254,-0.6961,-0.0166, 0.4848,0.6679,-0.2624,0.4999, 39.6759,2.9785,-4.7684
sensor, 0.9590,0.1246,-0.4586, 0.0318,-0.8122,-0.0198, 0.4848,0.6679,-0.2624,0.4999, 39.6759,2.9785,-4.7684
sensor, 0.9490,0.0991,-0.4714, 0.0329,-0.8506,-0.0198, 0.4837,0.6654,-0.2650,0.5030, 39.6759,2.9785,-4.7684
sensor, 0.8857,0.0767,-0.4257, 0.0350,-0.8847,-0.0219, 0.4837,0.6654,-0.2650,0.5030, 40.3748,2.2797,-3.4088
sensor, 0.8267,0.1231,-0.4357, 0.0350,-0.8847,-0.0219, 0.4831,0.6640,-0.2665,0.5048, 40.3748,2.2797,-3.4088
sensor, 0.7518,0.0768,-0.3786, 0.0414,-0.9816,-0.0283, 0.4816,0.6610,-0.2695,0.5084, 39.6759,2.2797,-6.1279
sensor, 0.6732,0.0901,-0.4437, 0.0424,-1.0135,-0.0294, 0.4810,0.6594,-0.2712,0.5102, 39.6759,2.2797,-6.1279
sensor, 0.6224,0.1128,-0.3754, 0.0435,-1.0476,-0.0336, 0.4810,0.6594,-0.2712,0.5102, 39.6759,2.2797,-6.1279
sensor, 0.5672,0.0704,-0.3134, 0.0478,-1.0913,-0.0326, 0.4801,0.6576,-0.2730,0.5124, 40.3748,1.5808,-6.1279
sensor, 0.5919,0.1155,-0.3115, 0.0478,-1.0913,-0.0326, 0.4796,0.6560,-0.2746,0.5141, 40.3748,1.5808,-6.1279
sensor, 0.5505,0.1284,-0.3168, 0.0478,-1.0913,-0.0326, 0.4789,0.6547,-0.2759,0.5156, 40.3748,1.5808,-6.1279
sensor, 0.4785,0.1233,-0.3318, 0.0542,-1.1691,-0.0304, 0.4775,0.6517,-0.2788,0.5192, 40.3748,1.5808,-6.1279
sensor, 0.3960,0.1017,-0.3483, 0.0542,-1.1691,-0.0304, 0.4775,0.6517,-0.2788,0.5192, 39.6759,0.8835,-7.4875
sensor, 0.3576,0.1064,-0.2995, 0.0659,-1.2074,-0.0240, 0.4770,0.6500,-0.2806,0.5209, 39.6759,0.8835,-7.4875
sensor, 0.2976,0.1253,-0.2500, 0.0712,-1.2223,-0.0198, 0.4754,0.6468,-0.2837,0.5246, 39.6759,0.8835,-7.4875
sensor, 0.2538,0.1288,-0.2449, 0.0712,-1.2223,-0.0198, 0.4747,0.6451,-0.2852,0.5264, 39.6759,0.8835,-7.4875
sensor, 0.1826,0.1295,-0.2004, 0.0776,-1.2383,-0.0155, 0.4747,0.6451,-0.2852,0.5264, 38.9771,2.9785,-7.4875
sensor, 0.1848,0.1262,-0.1966, 0.0872,-1.2575,-0.0102, 0.4739,0.6434,-0.2869,0.5284, 38.9771,2.9785,-7.4875
sensor, 0.1503,0.1430,-0.1296, 0.0946,-1.2639,-0.0113, 0.4731,0.6417,-0.2885,0.5303, 38.9771,2.9785,-7.4875
sensor, 0.0835,0.1343,-0.0968, 0.0989,-1.2713,-0.0123, 0.4715,0.6382,-0.2917,0.5341, 38.9771,2.9785,-7.4875
sensor, 0.1074,0.1207,-0.1129, 0.0989,-1.2713,-0.0123, 0.4715,0.6382,-0.2917,0.5341, 40.3748,0.8835,-9.5261
sensor, 0.0646,0.1301,-0.0961, 0.1085,-1.2873,-0.0145, 0.4701,0.6345,-0.2953,0.5378, 40.3748,0.8835,-9.5261
sensor, 0.0509,0.1119,-0.0956, 0.1085,-1.2873,-0.0145, 0.4701,0.6345,-0.2953,0.5378, 40.3748,0.8835,-9.5261
sensor, 0.0176,0.0992,-0.0286, 0.1149,-1.2916,-0.0176, 0.4693,0.6327,-0.2970,0.5397, 40.3748,0.8835,-9.5261
sensor, -0.0020,0.1231,0.0018, 0.1181,-1.2895,-0.0198, 0.4684,0.6309,-0.2987,0.5416, 38.2782,2.2797,-10.8856
sensor, -0.0138,0.1073,-0.0228, 0.1298,-1.2873,-0.0272, 0.4677,0.6289,-0.3005,0.5435, 38.2782,2.2797,-10.8856
sensor, -0.0559,0.0644,0.0022, 0.1298,-1.2873,-0.0272, 0.4669,0.6271,-0.3023,0.5453, 38.2782,2.2797,-10.8856
sensor, -0.0771,0.0565,-0.0235, 0.1362,-1.2884,-0.0347, 0.4660,0.6253,-0.3040,0.5472, 38.2782,2.2797,-10.8856
sensor, -0.1075,0.0375,0.0190, 0.1436,-1.2809,-0.0443, 0.4643,0.6216,-0.3076,0.5508, 38.9771,2.9785,-11.5662
sensor, -0.1158,-0.0149,0.0161, 0.1436,-1.2745,-0.0485, 0.4643,0.6216,-0.3076,0.5508, 38.9771,2.9785,-11.5662
sensor, -0.1628,-0.0194,0.0352, 0.1426,-1.2649,-0.0496, 0.4626,0.6179,-0.3112,0.5544, 38.9771,2.9785,-11.5662
sensor, -0.1704,-0.0447,-0.0608, 0.1426,-1.2649,-0.0496, 0.4626,0.6179,-0.3112,0.5544, 38.9771,2.9785,-11.5662
sensor, -0.2034,-0.0335,-0.0421, 0.1330,-1.2543,-0.0603, 0.4617,0.6161,-0.3130,0.5561, 38.9771,2.2797,-14.2838
sensor, -0.1997,-0.0555,0.0075, 0.1330,-1.2543,-0.0603, 0.4610,0.6142,-0.3149,0.5577, 38.9771,2.2797,-14.2838
sensor, -0.2052,-0.0458,-0.0270, 0.1266,-1.2458,-0.0635, 0.4601,0.6124,-0.3167,0.5595, 38.9771,2.2797,-14.2838
sensor, -0.1815,-0.0022,0.0320, 0.1159,-1.2266,-0.0698, 0.4583,0.6089,-0.3201,0.5629, 38.9771,2.2797,-14.2838
sensor, -0.1305,-0.0312,0.0522, 0.1159,-1.2266,-0.0698, 0.4583,0.6089,-0.3201,0.5629, 38.9771,2.2797,-14.2838
sensor, -0.1520,-0.0457,0.0420, 0.1106,-1.2181,-0.0784, 0.4574,0.6070,-0.3219,0.5645, 38.9771,2.2797,-14.2838
sensor, -0.1275,-0.0276,0.0559, 0.1042,-1.2127,-0.0837, 0.4565,0.6053,-0.3236,0.5661, 38.9771,2.2797,-14.2838
sensor, -0.0730,-0.0128,0.1413, 0.0989,-1.2032,-0.0837, 0.4555,0.6036,-0.3253,0.5678, 38.9771,2.2797,-14.2838
sensor, -0.0396,-0.0221,0.0888, 0.0968,-1.2000,-0.0837, 0.4535,0.6000,-0.3288,0.5712, 36.8820,2.9785,-14.9643
sensor, -0.0139,0.0026,0.1175, 0.0946,-1.2053,-0.0837, 0.4526,0.5984,-0.3303,0.5727, 36.8820,2.9785,-14.9643
sensor, 0.0134,-0.0280,0.0580, 0.0946,-1.2085,-0.0826, 0.4526,0.5984,-0.3303,0.5727, 36.8820,2.9785,-14.9643
sensor, 0.0385,0.0077,0.0571, 0.0957,-1.2127,-0.0826, 0.4516,0.5967,-0.3319,0.5744, 36.8820,2.9785,-14.9643
sensor, 0.0438,0.0363,0.0322, 0.0946,-1.2202,-0.0826, 0.4506,0.5949,-0.3336,0.5760, 36.1832,2.2797,-17.0029
sensor, 0.0951,0.0111,0.0243, 0.0946,-1.2202,-0.0826, 0.4489,0.5911,-0.3372,0.5791, 36.1832,2.2797,-17.0029
sensor, 0.1091,0.0443,0.0526, 0.0989,-1.2394,-0.0837, 0.4479,0.5893,-0.3389,0.5808, 36.1832,2.2797,-17.0029
sensor, 0.0911,0.0843,0.0170, 0.0989,-1.2500,-0.0848, 0.4468,0.5875,-0.3405,0.5825, 36.1832,2.2797,-17.0029
sensor, 0.1323,0.0804,0.0482, 0.1021,-1.2554,-0.0880, 0.4468,0.5875,-0.3405,0.5825, 36.1832,0.8835,-16.3239
sensor, 0.1487,0.0919,0.0384, 0.1021,-1.2554,-0.0880, 0.4463,0.5852,-0.3427,0.5839, 36.1832,0.8835,-16.3239
sensor, 0.1350,0.0778,0.0452, 0.1053,-1.2649,-0.0912, 0.4452,0.5834,-0.3444,0.5855, 36.1832,0.8835,-16.3239
sensor, 0.1239,0.0372,0.0486, 0.1138,-1.2831,-0.0954, 0.4441,0.5815,-0.3461,0.5872, 36.1832,0.8835,-16.3239
sensor, 0.1648,0.0754,0.0463, 0.1170,-1.2905,-0.0975, 0.4421,0.5775,-0.3498,0.5904, 36.8820,2.9785,-19.7220
sensor, 0.2182,0.0082,-0.0200, 0.1213,-1.2969,-0.0997, 0.4410,0.5756,-0.3516,0.5921, 36.8820,2.9785,-19.7220
sensor, 0.2230,0.0062,-0.0121, 0.1245,-1.3054,-0.0997, 0.4410,0.5756,-0.3516,0.5921, 36.8820,2.9785,-19.7220
sensor, 0.1898,-0.0220,-0.0661, 0.1245,-1.3171,-0.1007, 0.4388,0.5717,-0.3551,0.5954, 36.8820,2.9785,-19.7220
sensor, 0.2101,-0.0221,-0.0879, 0.1255,-1.3267,-0.0986, 0.4375,0.5694,-0.3572,0.5973, 36.8820,2.9785,-19.7220
sensor, 0.2041,-0.0285,-0.1232, 0.1266,-1.3385,-0.1007, 0.4363,0.5668,-0.3596,0.5993, 35.4858,2.9785,-19.0414
sensor, 0.2335,-0.0455,-0.1562, 0.1266,-1.3385,-0.1007, 0.4363,0.5668,-0.3596,0.5993, 35.4858,2.9785,-19.0414
sensor, 0.2625,-0.0841,-0.1242, 0.1223,-1.3789,-0.0997, 0.4331,0.5613,-0.3644,0.6037, 35.4858,2.9785,-19.0414
sensor, 0.2705,-0.0810,-0.1704, 0.1223,-1.3789,-0.0997, 0.4331,0.5613,-0.3644,0.6037, 35.4858,2.9785,-19.0414
sensor, 0.2875,-0.1100,-0.1424, 0.1170,-1.3970,-0.1029, 0.4318,0.5590,-0.3664,0.6056, 34.7870,1.5808,-21.0815
sensor, 0.2698,-0.1158,-0.1377, 0.1138,-1.4130,-0.1029, 0.4307,0.5560,-0.3692,0.6075, 34.7870,1.5808,-21.0815
sensor, 0.2126,-0.1293,-0.1460, 0.1021,-1.4429,-0.1018, 0.4291,0.5533,-0.3715,0.6097, 34.7870,1.5808,-21.0815
sensor, 0.1584,-0.1401,-0.1229, 0.0936,-1.4748,-0.1039, 0.4274,0.5505,-0.3739,0.6119, 32.6920,2.2797,-22.4411
sensor, 0.1453,-0.1456,-0.1226, 0.0893,-1.4855,-0.1039, 0.4244,0.5447,-0.3790,0.6161, 32.6920,2.2797,-22.4411
sensor, 0.1485,-0.1599,-0.0992, 0.0893,-1.4855,-0.1039, 0.4244,0.5447,-0.3790,0.6161, 32.6920,2.2797,-22.4411
sensor, 0.1405,-0.1684,0.0177, 0.0787,-1.4982,-0.1029, 0.4226,0.5418,-0.3813,0.6184, 34.0881,2.2797,-21.7606
sensor, 0.1657,-0.1783,-0.0226, 0.0680,-1.5036,-0.1039, 0.4191,0.5359,-0.3863,0.6228, 34.0881,2.2797,-21.7606
sensor, 0.1463,-0.1191,-0.0561, 0.0680,-1.5036,-0.1039, 0.4191,0.5359,-0.3863,0.6228, 34.0881,2.2797,-21.7606
sensor, 0.1801,-0.1585,-0.0441, 0.0552,-1.5142,-0.1007, 0.4155,0.5301,-0.3910,0.6273, 33.3893,3.6774,-24.4797
sensor, 0.2335,-0.0996,0.0071, 0.0552,-1.5142,-0.1007, 0.4155,0.5301,-0.3910,0.6273, 33.3893,3.6774,-24.4797
sensor, 0.3031,-0.0750,0.0236, 0.0456,-1.5195,-0.1018, 0.4136,0.5272,-0.3932,0.6296, 33.3893,3.6774,-24.4797
sensor, 0.3865,-0.0282,0.0196, 0.0446,-1.5281,-0.1029, 0.4115,0.5241,-0.3956,0.6320, 30.5954,2.2797,-25.1587
sensor, 0.4293,-0.0497,0.0051, 0.0456,-1.5377,-0.1018, 0.4087,0.5191,-0.3996,0.6355, 30.5954,2.2797,-25.1587
sensor, 0.4576,-0.0201,0.0222, 0.0456,-1.5377,-0.1018, 0.4087,0.5191,-0.3996,0.6355, 30.5954,2.2797,-25.1587
sensor, 0.4423,0.0129,-0.0537, 0.0435,-1.5515,-0.1029, 0.4071,0.5166,-0.4014,0.6374, 31.2943,2.2797,-26.5182
sensor, 0.4130,0.0011,-0.1215, 0.0488,-1.6026,-0.1093, 0.4058,0.5138,-0.4037,0.6390, 31.2943,2.2797,-26.5182
sensor, 0.3830,-0.0019,-0.1287, 0.0456,-1.6357,-0.1114, 0.4041,0.5113,-0.4056,0.6409, 31.2943,2.2797,-26.5182
sensor, 0.3476,-0.0052,-0.0935, 0.0456,-1.6357,-0.1114, 0.4023,0.5088,-0.4075,0.6428, 31.2943,2.2797,-26.5182
sensor, 0.2486,0.0098,-0.0579, 0.0478,-1.6665,-0.1178, 0.4006,0.5061,-0.4094,0.6448, 31.9931,1.5808,-27.8778
sensor, 0.1207,-0.0227,0.0477, 0.0520,-1.7283,-0.1210, 0.3992,0.5031,-0.4120,0.6464, 31.9931,1.5808,-27.8778
sensor, 0.0354,-0.0236,0.1109, 0.0520,-1.7539,-0.1253, 0.3973,0.5003,-0.4139,0.6484, 31.9931,1.5808,-27.8778
sensor, -0.1279,-0.0435,0.1721, 0.0520,-1.7539,-0.1253, 0.3954,0.4975,-0.4160,0.6504, 31.9931,1.5808,-27.8778
sensor, -0.2045,-0.0294,0.2763, 0.0520,-1.7859,-0.1263, 0.3917,0.4916,-0.4204,0.6543, 28.5004,2.9785,-28.5583
sensor, -0.3200,-0.0698,0.3630, 0.0520,-1.7859,-0.1263, 0.3917,0.4916,-0.4204,0.6543, 28.5004,2.9785,-28.5583
sensor, -0.3891,-0.0648,0.5404, 0.0510,-1.7933,-0.1253, 0.3897,0.4887,-0.4225,0.6564, 28.5004,2.9785,-28.5583
sensor, -0.5068,-0.0677,0.5960, 0.0510,-1.7624,-0.1220, 0.3857,0.4829,-0.4265,0.6604, 28.5004,2.9785,-28.5583
sensor, -0.5546,-0.0673,0.6389, 0.0488,-1.7411,-0.1167, 0.3843,0.4795,-0.4293,0.6619, 28.5004,0.8835,-29.9164
sensor, -0.5739,-0.0387,0.7184, 0.0488,-1.7411,-0.1167, 0.3823,0.4767,-0.4312,0.6638, 28.5004,0.8835,-29.9164
sensor, -0.5980,-0.0216,0.7502, 0.0520,-1.6783,-0.1135, 0.3804,0.4739,-0.4331,0.6657, 28.5004,0.8835,-29.9164
sensor, -0.6215,-0.0227,0.7955, 0.0520,-1.6783,-0.1135, 0.3785,0.4712,-0.4349,0.6675, 28.5004,0.8835,-29.9164
sensor, -0.6260,0.0072,0.8127, 0.0531,-1.6080,-0.1157, 0.3774,0.4679,-0.4378,0.6686, 26.4053,0.1846,-32.6355
sensor, -0.6064,-0.0010,0.7409, 0.0542,-1.5675,-0.1146, 0.3756,0.4653,-0.4395,0.6703, 26.4053,0.1846,-32.6355
sensor, -0.6249,0.0320,0.7538, 0.0552,-1.5291,-0.1146, 0.3738,0.4627,-0.4413,0.6719, 26.4053,0.1846,-32.6355
sensor, -0.6240,0.0383,0.6568, 0.0552,-1.5291,-0.1146, 0.3738,0.4627,-0.4413,0.6719, 26.4053,0.1846,-32.6355
sensor, -0.5868,0.0616,0.6293, 0.0542,-1.4887,-0.1199, 0.3707,0.4574,-0.4451,0.6747, 24.3103,2.9785,-33.9951
sensor, -0.5333,0.0331,0.5426, 0.0574,-1.4546,-0.1220, 0.3707,0.4574,-0.4451,0.6747, 24.3103,2.9785,-33.9951
sensor, -0.5275,0.0064,0.4707, 0.0595,-1.4247,-0.1231, 0.3690,0.4550,-0.4467,0.6762, 24.3103,2.9785,-33.9951
sensor, -0.4867,-0.0280,0.3626, 0.0605,-1.4024,-0.1253, 0.3674,0.4527,-0.4483,0.6776, 24.3103,2.9785,-33.9951
sensor, -0.4736,-0.0659,0.3175, 0.0584,-1.3874,-0.1274, 0.3657,0.4503,-0.4499,0.6790, 25.0092,2.9785,-32.6355
sensor, -0.4252,-0.0769,0.3032, 0.0605,-1.3779,-0.1242, 0.3644,0.4478,-0.4519,0.6801, 25.0092,2.9785,-32.6355
sensor, -0.4258,-0.1122,0.2947, 0.0616,-1.3672,-0.1199, 0.3628,0.4455,-0.4534,0.6814, 25.0092,2.9785,-32.6355
sensor, -0.4164,-0.1158,0.2585, 0.0616,-1.3587,-0.1125, 0.3612,0.4432,-0.4549,0.6827, 25.0092,2.9785,-32.6355
sensor, -0.4260,-0.1052,0.3146, 0.0605,-1.3619,-0.1018, 0.3583,0.4383,-0.4584,0.6851, 21.5164,2.9785,-32.6355
sensor, -0.4397,-0.0813,0.3076, 0.0595,-1.3672,-0.0954, 0.3567,0.4360,-0.4599,0.6864, 21.5164,2.9785,-32.6355
sensor, -0.4530,-0.0715,0.3420, 0.0563,-1.3693,-0.0954, 0.3567,0.4360,-0.4599,0.6864, 21.5164,2.9785,-32.6355
sensor, -0.4908,-0.0591,0.3658, 0.0563,-1.3725,-0.0944, 0.3535,0.4312,-0.4628,0.6891, 21.5164,2.9785,-32.6355
sensor, -0.5362,-0.1117,0.3926, 0.0563,-1.3725,-0.0944, 0.3535,0.4312,-0.4628,0.6891, 21.5164,2.9785,-33.9951
sensor, -0.5731,-0.0638,0.4549, 0.0520,-1.3693,-0.0933, 0.3521,0.4286,-0.4648,0.6901, 21.5164,2.9785,-33.9951
sensor, -0.6151,-0.0871,0.5033, 0.0488,-1.3619,-0.0901, 0.3505,0.4263,-0.4662,0.6914, 21.5164,2.9785,-33.9951
sensor, -0.6826,-0.1051,0.4944, 0.0435,-1.3491,-0.0869, 0.3489,0.4239,-0.4676,0.6927, 21.5164,2.9785,-33.9951
sensor, -0.7072,-0.1276,0.5327, 0.0403,-1.3331,-0.0826, 0.3473,0.4216,-0.4690,0.6940, 20.1202,2.2797,-35.3546
sensor, -0.7804,-0.0958,0.5620, 0.0382,-1.3139,-0.0794, 0.3461,0.4190,-0.4710,0.6948, 20.1202,2.2797,-35.3546
sensor, -0.8264,-0.0267,0.5628, 0.0318,-1.2671,-0.0794, 0.3430,0.4145,-0.4737,0.6973, 20.1202,2.2797,-35.3546
sensor, -0.8415,-0.0171,0.6045, 0.0318,-1.2671,-0.0794, 0.3430,0.4145,-0.4737,0.6973, 20.1202,2.2797,-35.3546
sensor, -0.9042,0.0252,0.5976, 0.0307,-1.2330,-0.0805, 0.3414,0.4124,-0.4749,0.6984, 18.7225,2.2797,-36.0336
sensor, -0.9010,0.0136,0.5837, 0.0275,-1.1989,-0.0837, 0.3404,0.4100,-0.4768,0.6991, 18.7225,2.2797,-36.0336
sensor, -0.9686,0.0186,0.6236, 0.0296,-1.1659,-0.0826, 0.3375,0.4060,-0.4792,0.7012, 18.7225,2.2797,-36.0336
sensor, -0.9785,0.0148,0.6001, 0.0318,-1.1339,-0.0816, 0.3361,0.4041,-0.4803,0.7022, 18.7225,2.2797,-36.0336
sensor, -0.9870,0.0128,0.6451, 0.0329,-1.0977,-0.0816, 0.3351,0.4020,-0.4819,0.7028, 19.4214,2.2797,-34.6741
sensor, -0.9786,0.0094,0.5923, 0.0392,-1.0167,-0.0805, 0.3339,0.4002,-0.4829,0.7037, 19.4214,2.2797,-34.6741
sensor, -0.9639,-0.0011,0.6165, 0.0382,-0.9805,-0.0805, 0.3339,0.4002,-0.4829,0.7037, 19.4214,2.2797,-34.6741
sensor, -0.9540,0.0219,0.5866, 0.0382,-0.9805,-0.0805, 0.3315,0.3968,-0.4849,0.7053, 19.4214,2.2797,-34.6741
sensor, -0.8713,-0.0276,0.5501, 0.0392,-0.9422,-0.0816, 0.3315,0.3968,-0.4849,0.7053, 19.4214,2.2797,-34.6741
sensor, -0.8150,-0.0273,0.5074, 0.0382,-0.9102,-0.0805, 0.3289,0.3929,-0.4875,0.7070, 19.4214,2.2797,-36.7142
sensor, -0.7371,-0.0447,0.4450, 0.0360,-0.8793,-0.0837, 0.3276,0.3910,-0.4886,0.7078, 19.4214,2.2797,-36.7142
sensor, -0.6946,-0.0618,0.4105, 0.0360,-0.8548,-0.0826, 0.3276,0.3910,-0.4886,0.7078, 19.4214,2.2797,-36.7142
sensor, -0.6224,-0.0868,0.3969, 0.0339,-0.8133,-0.0858, 0.3251,0.3875,-0.4908,0.7094, 19.4214,2.2797,-36.7142
sensor, -0.5744,-0.1093,0.3455, 0.0318,-0.8026,-0.0890, 0.3239,0.3858,-0.4920,0.7101, 15.9286,4.3747,-38.0737
sensor, -0.5675,-0.1188,0.3250, 0.0275,-0.7813,-0.0890, 0.3239,0.3858,-0.4920,0.7101, 15.9286,4.3747,-38.0737
sensor, -0.6293,-0.0810,0.3041, 0.0201,-0.7803,-0.0848, 0.3214,0.3820,-0.4945,0.7115, 18.7225,1.5808,-37.3932
sensor, -0.6911,-0.1321,0.4196, 0.0179,-0.7717,-0.0837, 0.3204,0.3806,-0.4954,0.7121, 18.7225,1.5808,-37.3932
sensor, -0.7762,-0.0991,0.4226, 0.0158,-0.7611,-0.0826, 0.3191,0.3790,-0.4964,0.7128, 18.7225,1.5808,-37.3932
sensor, -0.8399,-0.0753,0.4298, 0.0116,-0.7494,-0.0805, 0.3179,0.3774,-0.4973,0.7136, 18.7225,1.5808,-37.3932
sensor, -0.8741,-0.0673,0.4522, 0.0116,-0.7494,-0.0805, 0.3179,0.3774,-0.4973,0.7136, 18.0237,2.9785,-38.7527
sensor, -0.9114,-0.0681,0.5643, 0.0030,-0.6929,-0.0805, 0.3156,0.3743,-0.4994,0.7148, 18.0237,2.9785,-38.7527
sensor, -0.9518,-0.0810,0.5736, 0.0020,-0.6684,-0.0805, 0.3145,0.3729,-0.5002,0.7154, 18.0237,2.9785,-38.7527
sensor, -1.0377,-0.0605,0.5490, -0.0012,-0.6418,-0.0794, 0.3135,0.3714,-0.5013,0.7158, 16.6275,2.9785,-39.4333
sensor, -1.0435,-0.0587,0.5340, -0.0023,-0.6087,-0.0731, 0.3135,0.3714,-0.5013,0.7158, 16.6275,2.9785,-39.4333
sensor, -0.9925,-0.1038,0.5999, -0.0034,-0.5725,-0.0635, 0.3123,0.3699,-0.5023,0.7165, 16.6275,2.9785,-39.4333
sensor, -0.9843,-0.0990,0.6467, -0.0044,-0.5352,-0.0581, 0.3123,0.3699,-0.5023,0.7165, 15.9286,2.2797,-39.4333
sensor, -0.9323,-0.0708,0.6492, -0.0044,-0.5352,-0.0581, 0.3117,0.3689,-0.5032,0.7166, 15.9286,2.2797,-39.4333
sensor, -0.9338,-0.0479,0.6092, -0.0044,-0.4969,-0.0517, 0.3111,0.3680,-0.5037,0.7170, 15.9286,2.2797,-39.4333
sensor, -0.8294,-0.0272,0.6062, -0.0034,-0.4617,-0.0475, 0.3104,0.3672,-0.5041,0.7174, 15.9286,2.2797,-39.4333
sensor, -0.7533,-0.0313,0.5288, -0.0044,-0.4287,-0.0475, 0.3098,0.3665,-0.5046,0.7177, 15.9286,2.2797,-40.1123
sensor, -0.6373,-0.0016,0.4925, -0.0055,-0.3957,-0.0464, 0.3094,0.3657,-0.5053,0.7178, 15.9286,2.2797,-40.1123
sensor, -0.5656,-0.0180,0.4197, -0.0034,-0.3669,-0.0485, 0.3089,0.3651,-0.5057,0.7181, 15.9286,2.2797,-40.1123
sensor, -0.4827,-0.0071,0.3501, -0.0055,-0.3318,-0.0560, 0.3084,0.3645,-0.5060,0.7183, 15.9286,2.2797,-40.1123
sensor, -0.3797,0.0066,0.2844, -0.0055,-0.3318,-0.0560, 0.3079,0.3639,-0.5064,0.7185, 16.6275,1.5808,-39.4333
sensor, -0.3125,-0.0091,0.2515, -0.0055,-0.3201,-0.0592, 0.3076,0.3633,-0.5071,0.7185, 16.6275,1.5808,-39.4333
sensor, -0.2617,-0.0402,0.1854, -0.0066,-0.3137,-0.0624, 0.3071,0.3627,-0.5075,0.7187, 16.6275,1.5808,-39.4333
sensor, -0.1992,-0.0031,0.1244, -0.0066,-0.3137,-0.0656, 0.3067,0.3622,-0.5079,0.7189, 16.6275,1.5808,-39.4333
sensor, -0.1668,-0.0499,0.1163, -0.0076,-0.3201,-0.0667, 0.3062,0.3617,-0.5082,0.7191, 15.9286,0.8835,-40.1123
sensor, -0.1546,-0.0664,0.0759, -0.0076,-0.3275,-0.0677, 0.3059,0.3610,-0.5091,0.7190, 15.9286,0.8835,-40.1123
sensor, -0.1471,-0.0306,0.0812, -0.0066,-0.3392,-0.0688, 0.3049,0.3599,-0.5099,0.7194, 15.9286,0.8835,-40.1123
sensor, -0.1790,-0.0150,0.1071, -0.0076,-0.3520,-0.0698, 0.3049,0.3599,-0.5099,0.7194, 15.9286,0.8835,-40.1123
sensor, -0.2651,-0.0431,0.1207, -0.0098,-0.3637,-0.0731, 0.3043,0.3593,-0.5103,0.7197, 14.5325,2.9785,-40.1123
sensor, -0.3581,-0.0591,0.1829, -0.0119,-0.3744,-0.0741, 0.3039,0.3586,-0.5109,0.7197, 14.5325,2.9785,-40.1123
sensor, -0.4087,-0.0422,0.2019, -0.0098,-0.3797,-0.0731, 0.3028,0.3573,-0.5118,0.7202, 14.5325,2.9785,-40.1123
sensor, -0.5315,-0.0822,0.2462, -0.0108,-0.3797,-0.0741, 0.3028,0.3573,-0.5118,0.7202, 14.5325,2.9785,-40.1123
sensor, -0.5748,-0.0896,0.2519, -0.0087,-0.3733,-0.0720, 0.3022,0.3567,-0.5122,0.7204, 13.8336,4.3747,-40.1123
sensor, -0.6540,-0.0931,0.2705, -0.0087,-0.3648,-0.0688, 0.3017,0.3561,-0.5128,0.7206, 13.8336,4.3747,-40.1123
sensor, -0.7056,-0.0559,0.3071, -0.0119,-0.3531,-0.0624, 0.3012,0.3555,-0.5132,0.7208, 13.8336,4.3747,-40.1123
sensor, -0.7151,-0.0436,0.3307, -0.0108,-0.3147,-0.0539, 0.3007,0.3550,-0.5135,0.7210, 13.8336,4.3747,-40.1123
sensor, -0.7184,-0.0138,0.3689, -0.0108,-0.2913,-0.0464, 0.3002,0.3545,-0.5139,0.7212, 14.5325,2.2797,-40.7913
sensor, -0.7046,-0.0289,0.4120, -0.0108,-0.2913,-0.0464, 0.3000,0.3539,-0.5145,0.7212, 14.5325,2.2797,-40.7913
sensor, -0.6736,-0.0139,0.3320, -0.0098,-0.2391,-0.0379, 0.2996,0.3534,-0.5148,0.7213, 14.5325,2.2797,-40.7913
sensor, -0.5961,0.0030,0.3598, -0.0098,-0.2178,-0.0336, 0.2992,0.3530,-0.5150,0.7215, 14.5325,2.2797,-40.7913
sensor, -0.5296,0.0364,0.3388, -0.0076,-0.1986,-0.0294, 0.2989,0.3527,-0.5153,0.7216, 15.2298,1.5808,-39.4333
sensor, -0.4619,0.0426,0.2729, -0.0023,-0.1805,-0.0272, 0.2988,0.3522,-0.5158,0.7215, 15.2298,1.5808,-39.4333
sensor, -0.3656,0.0325,0.2126, 0.0009,-0.1688,-0.0262, 0.2983,0.3516,-0.5162,0.7218, 15.2298,1.5808,-39.4333
sensor, -0.3082,0.0600,0.2037, 0.0009,-0.1613,-0.0262, 0.2983,0.3516,-0.5162,0.7218, 15.2298,1.5808,-39.4333
sensor, -0.2134,0.0524,0.1950, 0.0009,-0.1613,-0.0262, 0.2981,0.3508,-0.5171,0.7216, 12.4374,2.9785,-40.1123
sensor, -0.1616,0.0319,0.1223, 0.0052,-0.1571,-0.0262, 0.2979,0.3506,-0.5172,0.7217, 12.4374,2.9785,-40.1123
sensor, -0.1116,0.0236,0.0793, 0.0105,-0.1624,-0.0262, 0.2977,0.3503,-0.5174,0.7218, 12.4374,2.9785,-40.1123
sensor, -0.0908,0.0243,0.0790, 0.0137,-0.1709,-0.0272, 0.2974,0.3500,-0.5176,0.7219, 12.4374,2.9785,-40.1123
sensor, -0.0595,0.0214,0.0836, 0.0137,-0.1709,-0.0272, 0.2974,0.3500,-0.5176,0.7219, 12.4374,3.6774,-40.1123
sensor, -0.0910,0.0373,0.0637, 0.0179,-0.1837,-0.0304, 0.2974,0.3495,-0.5182,0.7217, 12.4374,3.6774,-40.1123
sensor, -0.1431,0.0156,0.1157, 0.0190,-0.1976,-0.0326, 0.2969,0.3487,-0.5186,0.7220, 12.4374,3.6774,-40.1123
sensor, -0.1987,0.0098,0.1322, 0.0222,-0.2199,-0.0347, 0.2969,0.3487,-0.5186,0.7220, 12.4374,3.6774,-40.1123
sensor, -0.2408,-0.0017,0.1383, 0.0222,-0.2199,-0.0347, 0.2966,0.3483,-0.5189,0.7221, 13.8336,2.2797,-39.4333
sensor, -0.3077,-0.0164,0.1769, 0.0233,-0.2242,-0.0422, 0.2963,0.3473,-0.5200,0.7220, 13.8336,2.2797,-39.4333
sensor, -0.4040,-0.0063,0.2018, 0.0243,-0.2242,-0.0379, 0.2960,0.3469,-0.5203,0.7221, 13.8336,2.2797,-39.4333
sensor, -0.4474,-0.0437,0.2651, 0.0222,-0.2189,-0.0358, 0.2960,0.3469,-0.5203,0.7221, 13.8336,2.2797,-39.4333
sensor, -0.5012,-0.0125,0.2951, 0.0233,-0.2093,-0.0336, 0.2958,0.3458,-0.5214,0.7219, 11.0397,2.9785,-40.7913
sensor, -0.4950,-0.0103,0.3430, 0.0233,-0.2093,-0.0336, 0.2958,0.3458,-0.5214,0.7219, 11.0397,2.9785,-40.7913
sensor, -0.5146,0.0060,0.3375, 0.0222,-0.1954,-0.0315, 0.2953,0.3451,-0.5218,0.7221, 11.0397,2.9785,-40.7913
sensor, -0.4960,-0.0037,0.3515, 0.0265,-0.1773,-0.0315, 0.2951,0.3448,-0.5220,0.7221, 11.0397,2.9785,-40.7913
sensor, -0.4953,0.0303,0.3389, 0.0243,-0.1613,-0.0294, 0.2951,0.3448,-0.5220,0.7221, 15.2298,3.6774,-38.7527
sensor, -0.4625,0.0434,0.2983, 0.0243,-0.1454,-0.0315, 0.2950,0.3445,-0.5223,0.7221, 15.2298,3.6774,-38.7527
sensor, -0.4603,0.0637,0.2743, 0.0243,-0.1304,-0.0336, 0.2949,0.3443,-0.5225,0.7222, 15.2298,3.6774,-38.7527
sensor, -0.4189,0.0609,0.2421, 0.0233,-0.1017,-0.0390, 0.2946,0.3439,-0.5228,0.7222, 15.2298,3.6774,-38.7527
sensor, -0.3726,0.0505,0.2042, 0.0233,-0.0900,-0.0454, 0.2945,0.3437,-0.5230,0.7222, 13.1348,1.5808,-40.7913
sensor, -0.3661,0.0336,0.1737, 0.0233,-0.0900,-0.0454, 0.2947,0.3432,-0.5240,0.7217, 13.1348,1.5808,-40.7913
sensor, -0.3448,0.0050,0.1362, 0.0254,-0.0836,-0.0475, 0.2947,0.3432,-0.5240,0.7217, 13.1348,1.5808,-40.7913
sensor, -0.3455,0.0203,0.1458, 0.0275,-0.0804,-0.0475, 0.2946,0.3430,-0.5242,0.7216, 13.1348,1.5808,-40.7913
sensor, -0.3490,0.0348,0.1179, 0.0243,-0.0782,-0.0475, 0.2945,0.3428,-0.5244,0.7216, 13.1348,1.5808,-40.7913
sensor, -0.2963,0.0354,0.0871, 0.0243,-0.0697,-0.0485, 0.2944,0.3427,-0.5246,0.7216, 13.1348,2.2797,-40.7913
sensor, -0.3157,0.0387,0.1116, 0.0254,-0.0644,-0.0507, 0.2946,0.3423,-0.5254,0.7211, 13.1348,2.2797,-40.7913
sensor, -0.2915,0.0519,0.0447, 0.0254,-0.0644,-0.0507, 0.2945,0.3422,-0.5256,0.7211, 11.7386,2.2797,-40.7913
sensor, -0.2612,0.0541,0.0879, 0.0233,-0.0559,-0.0517, 0.2946,0.3417,-0.5266,0.7205, 11.7386,2.2797,-40.7913
sensor, -0.2700,0.0703,0.0674, 0.0265,-0.0527,-0.0571, 0.2945,0.3416,-0.5268,0.7205, 11.7386,2.2797,-40.7913
sensor, -0.2377,0.0421,0.0283, 0.0265,-0.0527,-0.0603, 0.2944,0.3415,-0.5270,0.7204, 12.4374,0.8835,-40.7913
sensor, -0.2436,0.0662,0.0345, 0.0265,-0.0527,-0.0603, 0.2944,0.3415,-0.5270,0.7204, 12.4374,0.8835,-40.7913
sensor, -0.2168,0.0702,0.0118, 0.0307,-0.0527,-0.0731, 0.2948,0.3411,-0.5281,0.7196, 12.4374,0.8835,-40.7913
sensor, -0.2150,0.0430,0.0143, 0.0286,-0.0559,-0.0762, 0.2947,0.3410,-0.5283,0.7196, 12.4374,0.8835,-40.7913
sensor, -0.2230,0.0357,0.0130, 0.0286,-0.0559,-0.0762, 0.2947,0.3409,-0.5285,0.7194, 13.1348,2.9785,-40.1123
sensor, -0.2825,0.0464,0.0304, 0.0350,-0.0580,-0.0752, 0.2948,0.3407,-0.5291,0.7191, 13.1348,2.9785,-40.1123
sensor, -0.2883,0.0302,0.0346, 0.0339,-0.0623,-0.0752, 0.2947,0.3406,-0.5295,0.7189, 13.1348,2.9785,-40.1123
sensor, -0.2872,0.0320,0.0049, 0.0339,-0.0623,-0.0752, 0.2947,0.3405,-0.5297,0.7188, 13.1348,2.9785,-40.1123
sensor, -0.2700,0.0212,0.0008, 0.0350,-0.0601,-0.0752, 0.2949,0.3402,-0.5304,0.7183, 13.1348,2.2797,-40.7913
sensor, -0.3254,0.0280,0.0125, 0.0350,-0.0601,-0.0752, 0.2949,0.3402,-0.5306,0.7182, 13.1348,2.2797,-40.7913
sensor, -0.3503,0.0091,0.0384, 0.0371,-0.0591,-0.0741, 0.2949,0.3402,-0.5306,0.7182, 13.1348,2.2797,-40.7913
sensor, -0.3149,0.0213,0.0294, 0.0371,-0.0591,-0.0741, 0.2948,0.3401,-0.5308,0.7180, 13.1348,2.2797,-40.7913
sensor, -0.3314,-0.0111,0.0866, 0.0382,-0.0505,-0.0752, 0.2949,0.3399,-0.5316,0.7175, 12.4374,2.9785,-39.4333
sensor, -0.3419,0.0084,0.0269, 0.0382,-0.0505,-0.0752, 0.2949,0.3399,-0.5318,0.7174, 12.4374,2.9785,-39.4333
sensor, -0.3463,-0.0138,0.0435, 0.0382,-0.0463,-0.0762, 0.2949,0.3398,-0.5320,0.7173, 12.4374,2.9785,-39.4333
sensor, -0.3632,-0.0241,0.0187, 0.0392,-0.0346,-0.0794, 0.2949,0.3398,-0.5320,0.7173, 11.7386,2.9785,-40.7913
sensor, -0.3216,-0.0282,0.0205, 0.0392,-0.0282,-0.0773, 0.2950,0.3398,-0.5323,0.7171, 11.7386,2.9785,-40.7913
sensor, -0.3322,-0.0421,0.0124, 0.0392,-0.0250,-0.0762, 0.2952,0.3397,-0.5329,0.7166, 11.7386,2.9785,-40.7913
sensor, -0.3183,-0.0384,0.0026, 0.0414,-0.0229,-0.0720, 0.2952,0.3397,-0.5334,0.7162, 11.7386,2.9785,-40.7913
sensor, -0.3087,-0.0616,-0.0338, 0.0382,-0.0207,-0.0709, 0.2952,0.3397,-0.5334,0.7162, 11.7386,2.9785,-40.7913
sensor, -0.3026,-0.0479,-0.0104, 0.0392,-0.0186,-0.0688, 0.2953,0.3397,-0.5336,0.7161, 12.4374,2.9785,-40.1123
sensor, -0.2639,-0.0288,-0.0667, 0.0392,-0.0186,-0.0688, 0.2955,0.3396,-0.5343,0.7155, 12.4374,2.9785,-40.1123
sensor, -0.2780,-0.1090,-0.0408, 0.0414,-0.0175,-0.0677, 0.2955,0.3396,-0.5346,0.7153, 12.4374,2.9785,-40.1123
sensor, -0.2409,-0.1001,-0.0496, 0.0382,-0.0165,-0.0656, 0.2955,0.3396,-0.5346,0.7153, 12.4374,2.9785,-40.1123
sensor, -0.2338,-0.0890,-0.0618, 0.0371,-0.0133,-0.0624, 0.2956,0.3396,-0.5348,0.7151, 13.1348,2.2797,-38.0737
sensor, -0.2422,-0.0846,-0.0822, 0.0360,-0.0143,-0.0581, 0.2958,0.3395,-0.5354,0.7146, 13.1348,2.2797,-38.0737
sensor, -0.2271,-0.0820,-0.0672, 0.0360,-0.0143,-0.0581, 0.2959,0.3395,-0.5358,0.7142, 13.1348,2.2797,-38.0737
sensor, -0.2023,-0.1061,-0.1159, 0.0329,-0.0143,-0.0571, 0.2959,0.3396,-0.5360,0.7141, 13.1348,2.2797,-38.0737
sensor, -0.2121,-0.0946,-0.1094, 0.0307,-0.0165,-0.0560, 0.2959,0.3396,-0.5360,0.7141, 12.4374,2.9785,-40.7913
sensor, -0.2636,-0.0856,-0.1051, 0.0265,-0.0196,-0.0539, 0.2961,0.3394,-0.5365,0.7136, 12.4374,2.9785,-40.7913
sensor, -0.2650,-0.1144,-0.1031, 0.0243,-0.0218,-0.0528, 0.2962,0.3395,-0.5369,0.7133, 12.4374,2.9785,-40.7913
sensor, -0.2538,-0.1109,-0.0948, 0.0222,-0.0260,-0.0517, 0.2962,0.3395,-0.5369,0.7133, 12.4374,2.9785,-40.7913
sensor, -0.3248,-0.0977,-0.1115, 0.0190,-0.0292,-0.0475, 0.2963,0.3394,-0.5375,0.7128, 13.8336,2.9785,-40.1123
sensor, -0.3398,-0.0869,-0.0562, 0.0179,-0.0303,-0.0454, 0.2963,0.3394,-0.5375,0.7128, 13.8336,2.9785,-40.1123
sensor, -0.3637,-0.0624,-0.0268, 0.0137,-0.0292,-0.0443, 0.2963,0.3395,-0.5377,0.7126, 13.8336,2.9785,-40.1123
sensor, -0.3818,-0.0841,-0.0768, 0.0094,-0.0239,-0.0358, 0.2964,0.3395,-0.5380,0.7123, 12.4374,3.6774,-40.1123
sensor, -0.4073,-0.0823,-0.0626, 0.0073,-0.0186,-0.0326, 0.2964,0.3395,-0.5380,0.7123, 12.4374,3.6774,-40.1123
sensor, -0.4439,-0.0843,-0.0236, 0.0073,-0.0186,-0.0326, 0.2965,0.3395,-0.5383,0.7121, 12.4374,3.6774,-40.1123
sensor, -0.4186,-0.0513,-0.0037, 0.0073,-0.0047,-0.0251, 0.2966,0.3397,-0.5385,0.7118, 12.4374,3.6774,-40.1123
sensor, -0.4238,-0.0514,-0.0035, 0.0073,0.0038,-0.0230, 0.2966,0.3397,-0.5385,0.7118, 12.4374,2.2797,-41.4719
sensor, -0.4204,-0.0515,0.0306, 0.0073,0.0038,-0.0230, 0.2969,0.3396,-0.5392,0.7112, 12.4374,2.2797,-41.4719
sensor, -0.3829,-0.0517,-0.0010, 0.0041,0.0144,-0.0198, 0.2969,0.3396,-0.5392,0.7112, 12.4374,2.2797,-41.4719
sensor, -0.3568,-0.0341,0.0104, 0.0041,0.0240,-0.0166, 0.2970,0.3397,-0.5392,0.7111, 12.4374,2.2797,-41.4719
sensor, -0.3043,0.0068,-0.0111, 0.0041,0.0315,-0.0155, 0.2971,0.3399,-0.5393,0.7109, 12.4374,2.2797,-41.4719
sensor, -0.2688,-0.0186,-0.0135, 0.0041,0.0357,-0.0166, 0.2975,0.3399,-0.5397,0.7104, 11.0397,2.9785,-40.7913
sensor, -0.2370,-0.0275,-0.0411, 0.0030,0.0400,-0.0155, 0.2976,0.3401,-0.5397,0.7103, 11.0397,2.9785,-40.7913
sensor, -0.2017,-0.0473,-0.0809, 0.0030,0.0432,-0.0134, 0.2977,0.3402,-0.5397,0.7102, 11.0397,2.9785,-40.7913
sensor, -0.2390,-0.0495,-0.1351, 0.0041,0.0379,-0.0123, 0.2978,0.3403,-0.5397,0.7101, 12.4374,2.2797,-39.4333
sensor, -0.2009,-0.0598,-0.0860, 0.0041,0.0379,-0.0123, 0.2978,0.3403,-0.5397,0.7101, 12.4374,2.2797,-39.4333
sensor, -0.2185,-0.0802,-0.1107, 0.0030,0.0336,-0.0102, 0.2981,0.3403,-0.5402,0.7096, 12.4374,2.2797,-39.4333
sensor, -0.2315,-0.1347,-0.1382, 0.0009,0.0293,-0.0102, 0.2982,0.3404,-0.5402,0.7095, 12.4374,2.2797,-39.4333
sensor, -0.2435,-0.0891,-0.1223, 0.0009,0.0293,-0.0102, 0.2983,0.3405,-0.5403,0.7093, 12.4374,2.2797,-39.4333
sensor, -0.2583,-0.0981,-0.0836, -0.0034,0.0262,-0.0091, 0.2987,0.3405,-0.5409,0.7087, 13.8336,1.5808,-41.4719
sensor, -0.3129,-0.1019,-0.1171, -0.0055,0.0262,0.0005, 0.2988,0.3406,-0.5410,0.7085, 13.8336,1.5808,-41.4719
sensor, -0.2926,-0.0706,-0.1005, -0.0087,0.0283,0.0015, 0.2989,0.3408,-0.5410,0.7084, 13.8336,1.5808,-41.4719
sensor, -0.2941,-0.0543,-0.0598, -0.0130,0.0304,0.0047, 0.2990,0.3409,-0.5410,0.7083, 13.8336,1.5808,-41.4719
sensor, -0.2947,-0.0038,-0.0672, -0.0130,0.0304,0.0047, 0.2990,0.3409,-0.5410,0.7083, 13.1348,2.9785,-39.4333
sensor, -0.2563,0.0134,-0.0705, -0.0119,0.0389,0.0100, 0.2992,0.3410,-0.5411,0.7081, 13.1348,2.9785,-39.4333
sensor, -0.2261,0.0162,-0.0995, -0.0119,0.0411,0.0090, 0.2993,0.3411,-0.5411,0.7080, 13.1348,2.9785,-39.4333
sensor, -0.1605,0.0480,-0.1227, -0.0098,0.0496,0.0090, 0.2995,0.3414,-0.5409,0.7079, 13.1348,2.9785,-39.4333
sensor, -0.1650,0.0534,-0.1836, -0.0055,0.0421,0.0079, 0.3000,0.3413,-0.5416,0.7073, 10.3409,0.8835,-40.1123
sensor, -0.1559,0.0587,-0.1866, -0.0055,0.0400,0.0068, 0.3002,0.3414,-0.5415,0.7072, 10.3409,0.8835,-40.1123
sensor, -0.1314,0.0145,-0.1526, -0.0023,0.0336,0.0079, 0.3005,0.3414,-0.5418,0.7069, 13.1348,2.2797,-40.1123
sensor, -0.1282,0.0462,-0.1708, -0.0023,0.0336,0.0079, 0.3005,0.3414,-0.5418,0.7069, 13.1348,2.2797,-40.1123
sensor, -0.1483,0.0352,-0.1901, -0.0012,0.0283,0.0058, 0.3006,0.3415,-0.5417,0.7068, 13.1348,2.2797,-40.1123
sensor, -0.1752,-0.0083,-0.1667, 0.0030,0.0091,0.0015, 0.3007,0.3416,-0.5417,0.7068, 13.1348,3.6774,-40.1123
sensor, -0.1726,0.0133,-0.1236, 0.0041,0.0070,0.0037, 0.3009,0.3417,-0.5417,0.7066, 13.1348,3.6774,-40.1123
sensor, -0.2170,0.0160,-0.1120, 0.0041,0.0070,0.0037, 0.3009,0.3417,-0.5417,0.7066, 13.1348,3.6774,-40.1123
sensor, -0.2467,0.0313,-0.1080, 0.0030,0.0048,0.0026, 0.3010,0.3417,-0.5417,0.7065, 13.1348,3.6774,-40.1123
sensor, -0.2835,0.0153,-0.0935, 0.0052,0.0102,0.0015, 0.3011,0.3418,-0.5417,0.7065, 13.1348,2.2797,-40.7913
sensor, -0.2426,0.0245,-0.0754, 0.0052,0.0102,0.0015, 0.3014,0.3417,-0.5420,0.7061, 13.1348,2.2797,-40.7913
sensor, -0.2573,0.0071,-0.0883, 0.0041,0.0134,0.0005, 0.3015,0.3418,-0.5420,0.7060, 13.1348,2.2797,-40.7913
sensor, -0.2268,0.0296,-0.1073, 0.0062,0.0144,0.0005, 0.3015,0.3418,-0.5420,0.7060, 11.7386,4.3747,-40.1123
sensor, -0.1997,0.0293,-0.0843, 0.0041,0.0198,-0.0027, 0.3016,0.3419,-0.5420,0.7060, 11.7386,4.3747,-40.1123
sensor, -0.1852,0.0303,-0.1100, 0.0041,0.0208,-0.0059, 0.3018,0.3421,-0.5419,0.7058, 11.7386,4.3747,-40.1123
sensor, -0.1625,0.0322,-0.1000, 0.0030,0.0198,-0.0091, 0.3021,0.3419,-0.5424,0.7054, 11.7386,1.5808,-38.7527
sensor, -0.1725,0.0354,-0.1381, 0.0030,0.0198,-0.0091, 0.3021,0.3419,-0.5424,0.7054, 11.7386,1.5808,-38.7527
sensor, -0.1655,0.0390,-0.1526, 0.0030,0.0155,-0.0102, 0.3023,0.3421,-0.5424,0.7053, 11.7386,1.5808,-38.7527
sensor, -0.1741,0.0154,-0.1790, 0.0030,0.0134,-0.0134, 0.3024,0.3422,-0.5424,0.7052, 11.7386,1.5808,-38.7527
sensor, -0.1642,0.0668,-0.1292, 0.0052,0.0112,-0.0145, 0.3024,0.3422,-0.5424,0.7052, 13.1348,3.6774,-40.7913
sensor, -0.1640,0.0530,-0.1016, 0.0062,0.0102,-0.0155, 0.3026,0.3423,-0.5425,0.7050, 13.1348,3.6774,-40.7913
sensor, -0.1763,0.0396,-0.1152, 0.0073,0.0080,-0.0155, 0.3026,0.3423,-0.5425,0.7049, 13.1348,3.6774,-40.7913
sensor, -0.1494,0.0380,-0.0870, 0.0105,0.0048,-0.0123, 0.3027,0.3424,-0.5425,0.7049, 13.1348,3.6774,-40.7913
sensor, -0.1955,0.0216,-0.0923, 0.0105,0.0059,-0.0123, 0.3027,0.3424,-0.5425,0.7049, 11.7386,3.6774,-39.4333
sensor, -0.2044,0.0197,-0.0634, 0.0105,0.0059,-0.0123, 0.3028,0.3424,-0.5426,0.7048, 11.7386,3.6774,-39.4333
sensor, -0.1735,0.0491,-0.1058, 0.0158,0.0027,-0.0091, 0.3028,0.3424,-0.5426,0.7047, 11.7386,3.6774,-39.4333
sensor, -0.1607,0.0465,-0.0896, 0.0169,0.0017,-0.0091, 0.3029,0.3425,-0.5425,0.7047, 11.7386,3.6774,-39.4333
sensor, -0.1545,0.0493,-0.1024, 0.0158,0.0027,-0.0091, 0.3031,0.3425,-0.5427,0.7045, 13.1348,2.9785,-40.1123
sensor, -0.1745,0.0252,-0.1163, 0.0179,0.0006,-0.0091, 0.3032,0.3425,-0.5426,0.7045, 13.1348,2.9785,-40.1123
sensor, -0.1638,0.0264,-0.0918, 0.0179,0.0006,-0.0091, 0.3032,0.3425,-0.5426,0.7045, 13.1348,2.9785,-40.1123
sensor, -0.1320,-0.0013,-0.1161, 0.0190,0.0006,-0.0102, 0.3032,0.3426,-0.5426,0.7045, 13.1348,2.9785,-40.1123
sensor, -0.1624,0.0185,-0.0967, 0.0201,-0.0037,-0.0102, 0.3033,0.3426,-0.5426,0.7044, 13.1348,1.5808,-41.4719
sensor, -0.1497,0.0299,-0.0956, 0.0190,-0.0015,-0.0123, 0.3036,0.3424,-0.5431,0.7040, 13.1348,1.5808,-41.4719
sensor, -0.1194,0.0091,-0.0734, 0.0179,-0.0005,-0.0123, 0.3037,0.3425,-0.5431,0.7040, 13.1348,1.5808,-41.4719
sensor, -0.1377,-0.0082,-0.1144, 0.0179,-0.0015,-0.0102, 0.3037,0.3425,-0.5431,0.7040, 13.1348,1.5808,-41.4719
sensor, -0.1171,0.0129,-0.1270, 0.0158,-0.0026,-0.0113, 0.3037,0.3426,-0.5431,0.7039, 13.1348,2.9785,-40.7913
sensor, -0.1462,0.0131,-0.1326, 0.0158,-0.0047,-0.0123, 0.3038,0.3425,-0.5433,0.7037, 13.1348,2.9785,-40.7913
sensor, -0.1077,0.0034,-0.1046, 0.0158,-0.0037,-0.0102, 0.3039,0.3425,-0.5433,0.7037, 13.1348,2.9785,-40.7913
sensor, -0.0894,-0.0384,-0.0787, 0.0126,-0.0047,-0.0102, 0.3039,0.3426,-0.5433,0.7037, 13.1348,2.9785,-40.7913
sensor, -0.0805,-0.0246,-0.0914, 0.0105,-0.0079,-0.0113, 0.3040,0.3426,-0.5433,0.7036, 13.1348,1.5808,-40.1123
sensor, -0.0923,-0.0324,-0.1145, 0.0094,-0.0111,-0.0134, 0.3042,0.3424,-0.5438,0.7032, 13.1348,1.5808,-40.1123
sensor, -0.0536,-0.0494,-0.1096, 0.0052,-0.0133,-0.0166, 0.3042,0.3425,-0.5439,0.7031, 13.1348,1.5808,-40.1123
sensor, -0.0717,-0.0307,-0.0937, 0.0041,-0.0175,-0.0155, 0.3042,0.3425,-0.5439,0.7031, 13.1348,1.5808,-40.1123
sensor, -0.0919,-0.0212,-0.0855, 0.0041,-0.0175,-0.0155, 0.3042,0.3425,-0.5439,0.7031, 13.1348,2.2797,-40.1123
sensor, -0.0870,0.0122,-0.1151, 0.0030,-0.0218,-0.0166, 0.3044,0.3423,-0.5443,0.7028, 13.1348,2.2797,-40.1123
sensor, -0.0956,-0.0145,-0.0887, 0.0030,-0.0229,-0.0166, 0.3044,0.3423,-0.5443,0.7028, 13.1348,2.2797,-40.1123
sensor, -0.0994,-0.0093,-0.0761, 0.0009,-0.0250,-0.0166, 0.3043,0.3423,-0.5444,0.7027, 13.1348,2.2797,-40.1123
sensor, -0.0744,-0.0123,-0.0701, -0.0012,-0.0271,-0.0166, 0.3043,0.3423,-0.5444,0.7027, 13.8336,1.5808,-40.7913
sensor, -0.0861,-0.0123,-0.0869, -0.0034,-0.0271,-0.0155, 0.3045,0.3421,-0.5449,0.7023, 13.8336,1.5808,-40.7913
sensor, -0.0695,-0.0060,-0.0514, -0.0066,-0.0260,-0.0155, 0.3045,0.3421,-0.5450,0.7023, 13.8336,1.5808,-40.7913
sensor, -0.0440,0.0010,-0.0490, -0.0055,-0.0271,-0.0166, 0.3045,0.3421,-0.5451,0.7023, 13.8336,1.5808,-40.7913
sensor, -0.0385,-0.0107,-0.0492, -0.0076,-0.0303,-0.0176, 0.3044,0.3421,-0.5451,0.7022, 13.1348,1.5808,-40.7913
sensor, -0.0438,0.0015,-0.0612, -0.0098,-0.0303,-0.0187, 0.3046,0.3419,-0.5457,0.7019, 13.1348,1.5808,-40.7913
sensor, -0.0112,0.0087,-0.0613, -0.0140,-0.0314,-0.0187, 0.3046,0.3418,-0.5457,0.7018, 13.1348,1.5808,-40.7913
sensor, -0.0126,0.0355,-0.0693, -0.0119,-0.0356,-0.0219, 0.3045,0.3418,-0.5458,0.7018, 13.1348,1.5808,-40.7913
sensor, 0.0264,0.0243,-0.0720, -0.0119,-0.0410,-0.0251, 0.3044,0.3418,-0.5459,0.7018, 11.7386,2.9785,-39.4333
sensor, 0.0395,0.0478,-0.0700, -0.0140,-0.0420,-0.0272, 0.3045,0.3417,-0.5462,0.7016, 11.7386,2.9785,-39.4333
sensor, 0.0137,0.0757,-0.0811, -0.0151,-0.0452,-0.0326, 0.3043,0.3415,-0.5464,0.7016, 11.7386,2.9785,-39.4333
sensor, 0.0244,0.0542,-0.0562, -0.0140,-0.0516,-0.0347, 0.3042,0.3415,-0.5465,0.7016, 11.7386,2.9785,-39.4333
sensor, 0.0053,0.0326,-0.0521, -0.0130,-0.0580,-0.0390, 0.3042,0.3413,-0.5469,0.7013, 13.1348,2.2797,-40.1123
sensor, -0.0067,0.0364,-0.0541, -0.0108,-0.0623,-0.0400, 0.3042,0.3413,-0.5469,0.7013, 13.1348,2.2797,-40.1123
sensor, -0.0621,0.0087,-0.0193, -0.0108,-0.0687,-0.0443, 0.3040,0.3411,-0.5472,0.7013, 13.1348,2.2797,-40.1123
sensor, -0.0381,0.0397,-0.0028, -0.0066,-0.0697,-0.0464, 0.3038,0.3410,-0.5473,0.7013, 13.1348,2.2797,-40.1123
sensor, -0.0502,0.0619,-0.0214, -0.0066,-0.0687,-0.0464, 0.3038,0.3410,-0.5473,0.7013, 13.1348,2.2797,-40.1123
sensor, -0.0547,0.0402,-0.0020, -0.0044,-0.0655,-0.0539, 0.3034,0.3409,-0.5475,0.7014, 13.1348,4.3747,-39.4333
sensor, -0.0778,0.0303,0.0154, -0.0044,-0.0655,-0.0539, 0.3033,0.3408,-0.5476,0.7014, 13.1348,4.3747,-39.4333
sensor, -0.0574,0.0365,-0.0207, -0.0023,-0.0644,-0.0539, 0.3031,0.3408,-0.5478,0.7014, 13.1348,4.3747,-39.4333
sensor, -0.0698,0.0685,-0.0348, -0.0012,-0.0655,-0.0560, 0.3032,0.3405,-0.5484,0.7010, 11.7386,1.5808,-39.4333
sensor, -0.0459,0.0368,-0.0675, -0.0012,-0.0644,-0.0571, 0.3032,0.3405,-0.5484,0.7010, 11.7386,1.5808,-39.4333
sensor, -0.0361,-0.0203,-0.0761, 0.0030,-0.0644,-0.0603, 0.3030,0.3404,-0.5486,0.7010, 11.7386,1.5808,-39.4333
sensor, -0.0460,-0.0455,-0.0387, 0.0009,-0.0676,-0.0613, 0.3027,0.3403,-0.5490,0.7008, 11.7386,1.5808,-39.4333
sensor, -0.0506,-0.0503,-0.0708, -0.0023,-0.0676,-0.0613, 0.3027,0.3403,-0.5490,0.7008, 13.1348,2.9785,-41.4719
sensor, -0.0512,-0.0669,-0.0639, -0.0044,-0.0697,-0.0645, 0.3026,0.3401,-0.5494,0.7006, 13.1348,2.9785,-41.4719
sensor, -0.1124,-0.0432,-0.0505, -0.0151,-0.0740,-0.0677, 0.3021,0.3401,-0.5498,0.7006, 12.4374,4.3747,-39.4333
sensor, -0.1584,-0.0375,-0.0272, -0.0236,-0.0761,-0.0645, 0.3021,0.3401,-0.5498,0.7006, 12.4374,4.3747,-39.4333
sensor, -0.1828,-0.0440,0.0332, -0.0236,-0.0761,-0.0645, 0.3019,0.3401,-0.5499,0.7005, 12.4374,4.3747,-39.4333
sensor, -0.2025,-0.0425,0.0087, -0.0257,-0.0751,-0.0592, 0.3015,0.3400,-0.5503,0.7005, 12.4374,4.3747,-39.4333
sensor, -0.2499,0.0033,0.0359, -0.0279,-0.0718,-0.0485, 0.3015,0.3400,-0.5503,0.7005, 11.7386,1.5808,-39.4333
sensor, -0.2920,0.0323,0.0700, -0.0289,-0.0665,-0.0326, 0.3015,0.3398,-0.5509,0.7001, 11.7386,1.5808,-39.4333
sensor, -0.3030,0.0918,0.1273, -0.0289,-0.0665,-0.0326, 0.3013,0.3397,-0.5510,0.7002, 11.7386,1.5808,-39.4333
sensor, -0.2731,0.0889,0.1880, -0.0236,-0.0633,-0.0283, 0.3013,0.3396,-0.5512,0.7000, 11.7386,2.9785,-40.7913
sensor, -0.2698,0.1273,0.1928, -0.0215,-0.0537,-0.0209, 0.3012,0.3396,-0.5512,0.7001, 11.7386,2.9785,-40.7913
sensor, -0.2460,0.1600,0.2354, -0.0087,-0.0356,-0.0134, 0.3010,0.3394,-0.5512,0.7003, 11.7386,2.9785,-40.7913
sensor, -0.2145,0.1642,0.2139, -0.0012,-0.0260,-0.0102, 0.3010,0.3394,-0.5511,0.7003, 11.0397,4.3747,-40.1123
sensor, -0.2176,0.1740,0.1895, -0.0012,-0.0260,-0.0102, 0.3010,0.3394,-0.5511,0.7003, 11.0397,4.3747,-40.1123
sensor, -0.1596,0.1832,0.1578, 0.0062,-0.0186,-0.0091, 0.3009,0.3394,-0.5510,0.7005, 11.0397,4.3747,-40.1123
sensor, -0.1707,0.1436,0.1485, 0.0190,-0.0090,-0.0102, 0.3009,0.3393,-0.5509,0.7006, 11.0397,4.3747,-40.1123
sensor, -0.1074,0.1420,0.1379, 0.0190,-0.0090,-0.0102, 0.3010,0.3391,-0.5511,0.7005, 12.4374,2.9785,-41.4719
sensor, -0.1024,0.0921,0.1231, 0.0265,-0.0058,-0.0113, 0.3011,0.3391,-0.5511,0.7005, 12.4374,2.9785,-41.4719
sensor, -0.0873,0.0923,0.0900, 0.0350,-0.0015,-0.0134, 0.3011,0.3390,-0.5511,0.7005, 12.4374,2.9785,-41.4719
sensor, -0.0669,0.0271,0.0835, 0.0382,0.0006,-0.0134, 0.3011,0.3390,-0.5511,0.7005, 12.4374,2.9785,-41.4719
sensor, -0.0515,-0.0003,0.0835, 0.0403,0.0006,-0.0113, 0.3013,0.3388,-0.5514,0.7003, 12.4374,2.9785,-40.7913
sensor, -0.0472,-0.0229,0.0846, 0.0424,-0.0005,-0.0081, 0.3013,0.3388,-0.5514,0.7003, 12.4374,2.9785,-40.7913
sensor, 0.0031,-0.0242,0.0351, 0.0414,0.0017,-0.0091, 0.3014,0.3388,-0.5515,0.7002, 12.4374,2.9785,-40.7913
sensor, -0.0327,-0.0564,0.0654, 0.0392,0.0038,-0.0123, 0.3014,0.3387,-0.5515,0.7002, 12.4374,2.9785,-40.7913
sensor, -0.0539,-0.0731,0.0396, 0.0392,0.0048,-0.0155, 0.3018,0.3384,-0.5522,0.6996, 11.7386,1.5808,-40.7913
sensor, -0.0264,-0.1269,0.0053, 0.0371,0.0080,-0.0166, 0.3018,0.3384,-0.5522,0.6996, 11.7386,1.5808,-40.7913
sensor, -0.0426,-0.1373,0.0290, 0.0371,0.0080,-0.0166, 0.3019,0.3384,-0.5524,0.6994, 11.7386,1.5808,-40.7913
sensor, -0.0735,-0.1429,0.0028, 0.0254,0.0038,-0.0209, 0.3019,0.3384,-0.5526,0.6993, 11.7386,1.5808,-40.7913
sensor, -0.0695,-0.1770,-0.0213, 0.0254,0.0038,-0.0209, 0.3019,0.3384,-0.5526,0.6993, 12.4374,2.9785,-40.1123
sensor, -0.1130,-0.1676,0.0173, 0.0190,0.0027,-0.0219, 0.3020,0.3384,-0.5529,0.6990, 12.4374,2.9785,-40.1123
sensor, -0.1005,-0.1546,-0.0273, 0.0116,0.0038,-0.0219, 0.3020,0.3384,-0.5530,0.6989, 12.4374,2.9785,-40.1123
sensor, -0.1414,-0.1780,0.0075, -0.0023,0.0112,-0.0113, 0.3020,0.3385,-0.5532,0.6987, 12.4374,2.9785,-40.1123
sensor, -0.1533,-0.1534,0.0052, -0.0023,0.0112,-0.0113, 0.3020,0.3385,-0.5532,0.6987, 13.1348,2.2797,-40.1123
sensor, -0.1283,-0.1365,0.0064, -0.0098,0.0112,-0.0081, 0.3021,0.3385,-0.5536,0.6984, 13.1348,2.2797,-40.1123
sensor, -0.1115,-0.0916,0.0594, -0.0172,0.0166,-0.0049, 0.3021,0.3386,-0.5536,0.6983, 13.1348,2.2797,-40.1123
sensor, -0.1142,-0.0646,0.0457, -0.0204,0.0208,-0.0027, 0.3021,0.3386,-0.5536,0.6982, 13.1348,2.2797,-40.1123
sensor, -0.0741,-0.0389,0.0536, -0.0257,0.0262,0.0015, 0.3021,0.3387,-0.5536,0.6982, 11.7386,2.2797,-40.7913
sensor, -0.0375,-0.0068,0.0826, -0.0268,0.0304,0.0047, 0.3023,0.3387,-0.5539,0.6979, 11.7386,2.2797,-40.7913
sensor, -0.0403,0.0401,0.0869, -0.0236,0.0347,0.0037, 0.3022,0.3388,-0.5539,0.6979, 11.7386,2.2797,-40.7913
sensor, -0.0050,0.0299,0.0425, -0.0236,0.0347,0.0037, 0.3022,0.3388,-0.5538,0.6980, 11.7386,2.2797,-40.7913
sensor, 0.0175,0.0551,0.0285, -0.0215,0.0368,0.0037, 0.3023,0.3390,-0.5538,0.6979, 13.1348,2.9785,-40.7913
sensor, 0.0125,0.0438,0.0187, -0.0193,0.0379,0.0015, 0.3023,0.3390,-0.5538,0.6979, 13.1348,2.9785,-40.7913
sensor, 0.0180,0.0655,-0.0002, -0.0183,0.0347,0.0015, 0.3023,0.3390,-0.5537,0.6979, 13.1348,2.9785,-40.7913
sensor, 0.0355,0.0748,0.0147, -0.0151,0.0283,0.0015, 0.3024,0.3391,-0.5536,0.6979, 13.1348,2.9785,-40.7913
sensor, 0.0427,0.0696,0.0197, -0.0119,0.0251,-0.0006, 0.3024,0.3391,-0.5536,0.6979, 12.4374,2.2797,-40.7913
sensor, 0.0247,0.0527,0.0190, -0.0044,0.0219,-0.0006, 0.3026,0.3391,-0.5538,0.6977, 12.4374,2.2797,-40.7913
sensor, 0.0171,0.0650,-0.0285, 0.0030,0.0102,-0.0006, 0.3026,0.3391,-0.5537,0.6978, 12.4374,2.2797,-40.7913
sensor, 0.0101,0.0827,0.0252, 0.0030,0.0102,-0.0006, 0.3026,0.3391,-0.5537,0.6978, 12.4374,2.2797,-40.7913
sensor, -0.0043,0.0398,0.0343, 0.0094,0.0080,0.0015, 0.3028,0.3389,-0.5540,0.6975, 11.7386,2.2797,-40.7913
sensor, -0.0290,0.0417,0.0349, 0.0094,0.0080,0.0015, 0.3028,0.3389,-0.5539,0.6976, 11.7386,2.2797,-40.7913
sensor, -0.0221,0.0329,0.0411, 0.0126,0.0059,0.0015, 0.3028,0.3389,-0.5539,0.6976, 11.7386,2.2797,-40.7913
sensor, -0.0290,0.0286,0.0242, 0.0126,0.0059,0.0015, 0.3028,0.3389,-0.5539,0.6976, 11.7386,2.2797,-40.7913
sensor, -0.0356,-0.0032,0.0082, 0.0147,0.0091,0.0005, 0.3029,0.3389,-0.5539,0.6976, 12.4374,1.5808,-39.4333
sensor, -0.0400,-0.0203,0.0345, 0.0158,0.0112,-0.0006, 0.3031,0.3387,-0.5543,0.6972, 12.4374,1.5808,-39.4333
sensor, -0.0740,-0.0088,0.0172, 0.0169,0.0112,0.0005, 0.3031,0.3387,-0.5543,0.6972, 12.4374,1.5808,-39.4333
sensor, -0.0929,0.0039,0.0402, 0.0169,0.0112,0.0005, 0.3032,0.3387,-0.5543,0.6972, 12.4374,1.5808,-39.4333
sensor, -0.0951,-0.0277,0.0593, 0.0137,0.0144,0.0005, 0.3032,0.3388,-0.5543,0.6971, 12.4374,2.9785,-39.4333
sensor, -0.1038,-0.0308,0.0505, 0.0105,0.0187,0.0005, 0.3034,0.3388,-0.5545,0.6970, 12.4374,2.9785,-39.4333
sensor, -0.0801,-0.0431,0.0347, 0.0094,0.0240,0.0015, 0.3035,0.3388,-0.5545,0.6969, 12.4374,2.9785,-39.4333
sensor, -0.0778,-0.0485,0.0211, 0.0094,0.0240,0.0015, 0.3035,0.3388,-0.5545,0.6969, 12.4374,2.9785,-39.4333
sensor, -0.0647,-0.0835,0.0404, 0.0062,0.0315,0.0037, 0.3035,0.3389,-0.5545,0.6969, 12.4374,2.9785,-39.4333
sensor, -0.0314,-0.0513,0.0410, 0.0062,0.0347,0.0058, 0.3036,0.3389,-0.5545,0.6968, 13.1348,2.9785,-40.7913
sensor, -0.0464,-0.0125,0.0206, 0.0062,0.0347,0.0058, 0.3037,0.3389,-0.5546,0.6966, 13.1348,2.9785,-40.7913
sensor, -0.0300,-0.0183,0.0002, 0.0020,0.0379,0.0015, 0.3038,0.3390,-0.5546,0.6966, 13.1348,2.9785,-40.7913
sensor, -0.0117,-0.0040,-0.0201, 0.0020,0.0389,-0.0006, 0.3040,0.3391,-0.5546,0.6964, 11.7386,3.6774,-41.4719
sensor, 0.0181,-0.0311,-0.0057, 0.0020,0.0379,-0.0017, 0.3040,0.3391,-0.5546,0.6964, 11.7386,3.6774,-41.4719
sensor, 0.0182,0.0090,-0.0274, -0.0034,0.0389,-0.0059, 0.3042,0.3393,-0.5546,0.6962, 11.7386,3.6774,-41.4719
sensor, 0.0174,-0.0452,-0.0140, -0.0034,0.0389,-0.0059, 0.3044,0.3392,-0.5551,0.6958, 12.4374,1.5808,-40.7913
sensor, 0.0334,-0.0360,0.0172, -0.0055,0.0368,-0.0059, 0.3045,0.3393,-0.5551,0.6957, 12.4374,1.5808,-40.7913
sensor, 0.0246,-0.0176,-0.0135, -0.0076,0.0336,-0.0059, 0.3045,0.3393,-0.5551,0.6957, 12.4374,1.5808,-40.7913
sensor, 0.0242,-0.0051,0.0034, -0.0076,0.0336,-0.0059, 0.3045,0.3393,-0.5552,0.6956, 12.4374,1.5808,-40.7913
sensor, 0.0143,-0.0338,-0.0188, -0.0044,0.0272,-0.0070, 0.3046,0.3394,-0.5552,0.6956, 13.1348,2.2797,-40.1123
sensor, 0.0106,-0.0218,-0.0145, -0.0098,0.0262,-0.0059, 0.3047,0.3393,-0.5555,0.6953, 13.1348,2.2797,-40.1123
sensor, -0.0331,-0.0100,0.0054, -0.0108,0.0240,-0.0070, 0.3048,0.3394,-0.5555,0.6952, 13.1348,2.2797,-40.1123
sensor, -0.0052,-0.0135,0.0276, -0.0130,0.0198,-0.0059, 0.3048,0.3394,-0.5557,0.6951, 13.1348,2.9785,-39.4333
sensor, 0.0090,-0.0013,0.0127, -0.0098,0.0187,-0.0059, 0.3049,0.3395,-0.5557,0.6950, 13.1348,2.9785,-39.4333
sensor, 0.0193,0.0058,0.0032, -0.0098,0.0187,-0.0059, 0.3049,0.3395,-0.5557,0.6950, 13.8336,4.3747,-41.4719
sensor, 0.0209,0.0143,0.0223, -0.0119,0.0187,-0.0049, 0.3048,0.3396,-0.5556,0.6950, 13.8336,4.3747,-41.4719
sensor, 0.0298,0.0160,0.0195, -0.0119,0.0187,-0.0049, 0.3048,0.3396,-0.5556,0.6950, 13.8336,4.3747,-41.4719
sensor, 0.0467,0.0400,-0.0210, -0.0108,0.0155,-0.0081, 0.3049,0.3396,-0.5557,0.6949, 13.8336,4.3747,-41.4719
sensor, 0.0042,0.0664,-0.0162, -0.0087,0.0134,-0.0102, 0.3049,0.3397,-0.5557,0.6949, 12.4374,3.6774,-41.4719
sensor, 0.0408,0.0548,-0.0316, -0.0076,0.0123,-0.0145, 0.3049,0.3397,-0.5557,0.6949, 12.4374,3.6774,-41.4719
sensor, 0.0280,0.0715,-0.0328, -0.0076,0.0123,-0.0145, 0.3049,0.3397,-0.5557,0.6949, 12.4374,3.6774,-41.4719
sensor, 0.0427,0.0783,-0.0553, -0.0044,0.0017,-0.0176, 0.3049,0.3397,-0.5557,0.6948, 12.4374,3.6774,-41.4719
sensor, 0.0293,0.0885,-0.0938, -0.0044,0.0017,-0.0176, 0.3049,0.3397,-0.5557,0.6948, 13.1348,2.2797,-40.1123
sensor, 0.0037,0.1124,-0.0428, 0.0020,-0.0047,-0.0230, 0.3051,0.3396,-0.5560,0.6946, 13.1348,2.2797,-40.1123
sensor, -0.0193,0.0781,-0.0557, 0.0030,-0.0058,-0.0209, 0.3051,0.3396,-0.5560,0.6946, 13.1348,2.2797,-40.1123
sensor, -0.0241,0.0487,-0.0810, 0.0030,-0.0058,-0.0209, 0.3051,0.3396,-0.5560,0.6946, 13.1348,2.2797,-40.1123
sensor, -0.0256,0.0499,-0.0947, 0.0116,-0.0090,-0.0187, 0.3052,0.3396,-0.5561,0.6945, 11.0397,2.9785,-40.1123
sensor, -0.0749,0.0300,-0.0138, 0.0116,-0.0090,-0.0166, 0.3052,0.3396,-0.5561,0.6945, 11.0397,2.9785,-40.1123
sensor, -0.0943,0.0198,-0.0210, 0.0126,-0.0058,-0.0134, 0.3052,0.3396,-0.5561,0.6945, 11.0397,2.9785,-40.1123
sensor, -0.1295,0.0109,-0.0222, 0.0126,-0.0058,-0.0134, 0.3052,0.3396,-0.5561,0.6945, 11.0397,2.9785,-40.1123
sensor, -0.1201,-0.0052,-0.0327, 0.0126,-0.0047,-0.0134, 0.3052,0.3396,-0.5561,0.6944, 12.4374,2.2797,-40.7913
sensor, -0.0903,-0.0262,-0.0108, 0.0147,-0.0015,-0.0123, 0.3053,0.3395,-0.5564,0.6942, 12.4374,2.2797,-40.7913
sensor, -0.1013,-0.0221,-0.0079, 0.0137,0.0027,-0.0102, 0.3053,0.3395,-0.5564,0.6942, 12.4374,2.2797,-40.7913
sensor, -0.1107,-0.0323,-0.0325, 0.0126,0.0059,-0.0091, 0.3054,0.3396,-0.5564,0.6941, 12.4374,2.2797,-40.7913
sensor, -0.0890,-0.0562,-0.0175, 0.0126,0.0059,-0.0091, 0.3054,0.3396,-0.5564,0.6941, 11.7386,2.2797,-39.4333
sensor, -0.0974,-0.0009,-0.0190, 0.0147,0.0091,-0.0081, 0.3055,0.3395,-0.5567,0.6939, 11.7386,2.2797,-39.4333
sensor, -0.0649,-0.0663,-0.0178, 0.0105,0.0080,-0.0059, 0.3056,0.3396,-0.5567,0.6938, 11.7386,2.2797,-39.4333
sensor, -0.0521,-0.0493,-0.0730, 0.0105,0.0080,-0.0059, 0.3056,0.3396,-0.5567,0.6938, 11.7386,2.2797,-39.4333
sensor, -0.0737,-0.0655,-0.0866, 0.0083,0.0112,-0.0070, 0.3058,0.3396,-0.5569,0.6936, 11.7386,2.2797,-39.4333
sensor, -0.0572,-0.0409,-0.0785, 0.0052,0.0059,-0.0038, 0.3058,0.3396,-0.5569,0.6935, 10.3409,2.9785,-40.7913
sensor, -0.0627,-0.0847,-0.0607, 0.0030,0.0070,-0.0049, 0.3058,0.3396,-0.5569,0.6935, 10.3409,2.9785,-40.7913
sensor, -0.0623,-0.0756,-0.0528, -0.0012,0.0048,-0.0017, 0.3058,0.3397,-0.5570,0.6934, 10.3409,2.9785,-40.7913
sensor, -0.0682,-0.0360,-0.0520, -0.0012,0.0048,-0.0017, 0.3059,0.3397,-0.5571,0.6933, 10.3409,2.9785,-40.7913
sensor, -0.0934,-0.0315,-0.0120, -0.0023,0.0017,-0.0006, 0.3059,0.3397,-0.5571,0.6932, 13.8336,2.9785,-41.4719
sensor, -0.1005,-0.0335,-0.0227, -0.0023,0.0017,-0.0006, 0.3059,0.3398,-0.5572,0.6932, 13.8336,2.9785,-41.4719
sensor, -0.1061,-0.0328,0.0103, -0.0044,0.0048,0.0005, 0.3060,0.3398,-0.5572,0.6932, 13.8336,2.9785,-41.4719
sensor, -0.0907,-0.0502,-0.0123, -0.0087,0.0080,0.0026, 0.3061,0.3397,-0.5574,0.6929, 13.1348,2.2797,-40.7913
sensor, -0.1081,-0.0604,0.0072, -0.0087,0.0091,0.0047, 0.3061,0.3398,-0.5575,0.6929, 13.1348,2.2797,-40.7913
sensor, -0.1164,-0.0343,0.0235, -0.0098,0.0102,0.0058, 0.3061,0.3398,-0.5575,0.6928, 13.1348,2.2797,-40.7913
sensor, -0.1169,-0.0219,0.0061, -0.0098,0.0102,0.0058, 0.3062,0.3398,-0.5575,0.6928, 13.1348,2.2797,-40.7913
sensor, -0.0961,-0.0011,-0.0007, -0.0098,0.0134,0.0090, 0.3062,0.3398,-0.5575,0.6928, 12.4374,2.9785,-40.7913
sensor, -0.0927,-0.0069,-0.0317, -0.0108,0.0166,0.0111, 0.3063,0.3399,-0.5576,0.6927, 12.4374,2.9785,-40.7913
sensor, -0.0712,0.0069,-0.0280, -0.0119,0.0198,0.0132, 0.3064,0.3399,-0.5576,0.6926, 12.4374,2.9785,-40.7913
sensor, -0.0243,0.0010,0.0101, -0.0119,0.0198,0.0132, 0.3064,0.3399,-0.5575,0.6926, 12.4374,2.9785,-40.7913
sensor, -0.0455,0.0163,-0.0206, -0.0098,0.0198,0.0111, 0.3066,0.3398,-0.5578,0.6924, 11.0397,2.2797,-40.7913
sensor, -0.0550,0.0145,-0.0054, -0.0108,0.0198,0.0122, 0.3066,0.3399,-0.5578,0.6924, 11.0397,2.2797,-40.7913
sensor, -0.0549,-0.0124,-0.0322, -0.0130,0.0198,0.0122, 0.3067,0.3399,-0.5578,0.6923, 11.0397,2.2797,-40.7913
sensor, -0.0554,0.0079,-0.0324, -0.0130,0.0198,0.0122, 0.3067,0.3399,-0.5578,0.6923, 11.0397,2.2797,-40.7913
sensor, -0.0690,0.0310,-0.0388, -0.0130,0.0176,0.0154, 0.3070,0.3398,-0.5581,0.6920, 12.4374,1.5808,-42.1509
sensor, -0.0469,0.0174,-0.0155, -0.0130,0.0176,0.0154, 0.3070,0.3398,-0.5581,0.6920, 12.4374,1.5808,-42.1509
sensor, -0.0569,0.0072,-0.0007, -0.0119,0.0166,0.0154, 0.3070,0.3399,-0.5580,0.6920, 12.4374,1.5808,-42.1509
sensor, -0.0823,0.0233,0.0105, -0.0108,0.0187,0.0143, 0.3071,0.3399,-0.5580,0.6920, 12.4374,1.5808,-42.1509
sensor, -0.1087,0.0199,-0.0095, -0.0130,0.0176,0.0132, 0.3071,0.3399,-0.5580,0.6919, 12.4374,1.5808,-42.1509
sensor, -0.1105,0.0097,-0.0103, -0.0108,0.0230,0.0122, 0.3072,0.3400,-0.5580,0.6919, 13.1348,2.9785,-41.4719
sensor, -0.1054,0.0287,0.0206, -0.0108,0.0251,0.0111, 0.3074,0.3401,-0.5580,0.6918, 13.1348,2.9785,-41.4719
sensor, -0.0740,0.0237,0.0042, -0.0108,0.0304,0.0122, 0.3075,0.3401,-0.5579,0.6917, 13.1348,2.9785,-41.4719
sensor, -0.0492,0.0012,-0.0146, -0.0119,0.0326,0.0132, 0.3075,0.3401,-0.5579,0.6917, 13.1348,2.2797,-40.1123
sensor, -0.0208,0.0471,-0.0259, -0.0098,0.0421,0.0090, 0.3077,0.3402,-0.5581,0.6915, 13.1348,2.2797,-40.1123
sensor, 0.0091,0.0448,-0.0122, -0.0108,0.0443,0.0100, 0.3077,0.3402,-0.5581,0.6915, 13.1348,2.2797,-40.1123
sensor, 0.0366,0.0213,-0.0893, -0.0098,0.0400,0.0058, 0.3078,0.3403,-0.5580,0.6914, 13.1348,2.2797,-40.1123
sensor, 0.0189,0.0335,-0.0782, -0.0098,0.0336,0.0037, 0.3081,0.3404,-0.5582,0.6911, 11.7386,2.2797,-41.4719
sensor, 0.0246,0.0371,-0.1024, -0.0098,0.0336,0.0037, 0.3082,0.3404,-0.5582,0.6910, 11.7386,2.2797,-41.4719
sensor, 0.0234,0.0366,-0.0914, -0.0119,0.0283,0.0047, 0.3082,0.3404,-0.5582,0.6910, 13.8336,2.2797,-40.1123
sensor, 0.0093,0.0445,-0.0928, -0.0076,0.0176,0.0026, 0.3084,0.3404,-0.5583,0.6908, 13.8336,2.2797,-40.1123
sensor, -0.0422,0.0375,-0.0836, -0.0076,0.0144,0.0015, 0.3084,0.3405,-0.5583,0.6908, 13.8336,2.2797,-40.1123
sensor, -0.0493,0.0624,-0.0704, -0.0076,0.0144,0.0015, 0.3085,0.3405,-0.5583,0.6908, 13.8336,2.2797,-40.1123
sensor, -0.0613,0.0570,-0.0336, -0.0076,0.0176,0.0047, 0.3087,0.3406,-0.5583,0.6907, 11.7386,2.9785,-40.1123
sensor, -0.0570,0.0494,-0.0218, -0.0023,0.0230,0.0068, 0.3087,0.3406,-0.5583,0.6907, 11.7386,2.9785,-40.1123
sensor, -0.0377,0.0262,-0.0384, -0.0002,0.0272,0.0058, 0.3087,0.3406,-0.5582,0.6907, 11.7386,2.9785,-40.1123
sensor, -0.0333,0.0043,-0.0629, -0.0023,0.0304,0.0037, 0.3088,0.3408,-0.5581,0.6907, 12.4374,3.6774,-40.1123
sensor, -0.0232,0.0253,-0.0499, -0.0044,0.0304,0.0026, 0.3088,0.3408,-0.5581,0.6907, 12.4374,3.6774,-40.1123
sensor, 0.0411,0.0153,-0.0640, -0.0044,0.0304,0.0026, 0.3089,0.3409,-0.5581,0.6906, 12.4374,3.6774,-40.1123
sensor, 0.0623,-0.0237,-0.0792, -0.0034,0.0293,0.0026, 0.3089,0.3409,-0.5581,0.6906, 12.4374,3.6774,-40.1123
sensor, 0.1082,0.0266,-0.0907, -0.0034,0.0272,0.0026, 0.3090,0.3409,-0.5581,0.6905, 13.8336,2.9785,-39.4333
sensor, 0.1398,0.0727,-0.0984, -0.0066,0.0230,-0.0017, 0.3090,0.3410,-0.5581,0.6905, 13.8336,2.9785,-39.4333
sensor, 0.1315,0.0408,-0.1190, -0.0055,0.0070,-0.0081, 0.3091,0.3410,-0.5580,0.6905, 13.8336,2.9785,-39.4333
sensor, 0.1214,0.0429,-0.1264, -0.0055,0.0070,-0.0081, 0.3091,0.3410,-0.5580,0.6905, 13.8336,2.9785,-39.4333
sensor, 0.1538,0.0170,-0.1423, -0.0055,-0.0069,-0.0102, 0.3092,0.3409,-0.5584,0.6902, 13.1348,1.5808,-41.4719
sensor, 0.1183,-0.0155,-0.1168, -0.0055,-0.0069,-0.0102, 0.3092,0.3409,-0.5584,0.6902, 13.1348,1.5808,-41.4719
sensor, 0.0528,0.0058,-0.0902, -0.0055,-0.0154,-0.0113, 0.3092,0.3408,-0.5585,0.6902, 13.1348,1.5808,-41.4719
sensor, -0.0017,-0.0026,-0.0498, -0.0066,-0.0250,-0.0113, 0.3092,0.3408,-0.5585,0.6902, 13.1348,1.5808,-41.4719
sensor, -0.0585,0.0126,-0.0410, -0.0055,-0.0282,-0.0102, 0.3093,0.3407,-0.5588,0.6899, 13.1348,1.5808,-39.4333
sensor, -0.0893,-0.0090,-0.0396, -0.0087,-0.0292,-0.0081, 0.3092,0.3406,-0.5589,0.6899, 13.1348,1.5808,-39.4333
sensor, -0.0910,0.0128,0.0563, -0.0034,-0.0218,-0.0059, 0.3092,0.3406,-0.5589,0.6899, 13.1348,1.5808,-39.4333
sensor, -0.1033,0.0190,0.0565, -0.0034,-0.0111,-0.0070, 0.3092,0.3406,-0.5589,0.6899, 13.1348,2.9785,-40.7913
sensor, -0.1375,0.0349,0.0581, -0.0044,-0.0015,-0.0059, 0.3092,0.3406,-0.5590,0.6899, 13.1348,2.9785,-40.7913
sensor, -0.1552,0.0029,0.0978, -0.0023,0.0027,-0.0059, 0.3092,0.3406,-0.5590,0.6899, 13.1348,2.9785,-40.7913
sensor, -0.1688,0.0348,0.0445, 0.0009,0.0080,-0.0038, 0.3092,0.3406,-0.5590,0.6898, 13.1348,2.9785,-40.7913
sensor, -0.0706,0.0011,0.0362, 0.0009,0.0080,-0.0038, 0.3092,0.3406,-0.5590,0.6898, 13.1348,2.2797,-40.7913
sensor, -0.1219,0.0045,0.0448, 0.0009,0.0102,-0.0049, 0.3094,0.3406,-0.5592,0.6896, 13.1348,2.2797,-40.7913
sensor, -0.0761,0.0191,0.0760, 0.0030,0.0166,-0.0049, 0.3094,0.3406,-0.5592,0.6896, 13.1348,2.2797,-40.7913
sensor, -0.0381,-0.0038,0.0376, 0.0030,0.0166,-0.0049, 0.3094,0.3406,-0.5592,0.6896, 13.1348,2.2797,-40.7913
sensor, -0.0619,-0.0087,0.0004, 0.0041,0.0198,-0.0070, 0.3094,0.3406,-0.5592,0.6896, 13.1348,3.6774,-40.1123
sensor, -0.0081,-0.0199,0.0229, 0.0041,0.0176,-0.0049, 0.3094,0.3407,-0.5591,0.6896, 13.1348,3.6774,-40.1123
sensor, -0.0230,-0.0007,0.0193, 0.0041,0.0144,-0.0027, 0.3094,0.3407,-0.5591,0.6896, 13.1348,3.6774,-40.1123
sensor, 0.0014,0.0168,0.0168, 0.0062,0.0155,-0.0038, 0.3095,0.3408,-0.5591,0.6896, 13.1348,3.6774,-40.1123
sensor, -0.0029,-0.0149,-0.0129, 0.0073,0.0155,-0.0038, 0.3096,0.3407,-0.5593,0.6894, 13.1348,2.2797,-40.7913
sensor, 0.0050,-0.0359,-0.0146, 0.0073,0.0155,-0.0038, 0.3096,0.3407,-0.5593,0.6894, 13.1348,2.2797,-40.7913
sensor, -0.0065,-0.0410,-0.0088, 0.0062,0.0155,-0.0027, 0.3096,0.3408,-0.5593,0.6894, 13.1348,2.2797,-40.7913
sensor, -0.0037,-0.0581,-0.0053, 0.0020,0.0112,-0.0027, 0.3096,0.3408,-0.5593,0.6893, 13.1348,2.2797,-40.7913
sensor, 0.0038,-0.0488,0.0115, 0.0030,0.0112,-0.0006, 0.3097,0.3408,-0.5593,0.6893, 13.1348,2.2797,-40.1123
sensor, -0.0262,-0.0270,0.0170, 0.0030,0.0112,-0.0006, 0.3098,0.3407,-0.5595,0.6891, 13.1348,2.2797,-40.1123
sensor, -0.0286,-0.0547,0.0185, -0.0012,0.0112,0.0005, 0.3098,0.3408,-0.5595,0.6891, 13.1348,2.2797,-40.1123
sensor, -0.0206,-0.0895,0.0156, -0.0023,0.0123,0.0005, 0.3098,0.3408,-0.5595,0.6891, 13.1348,2.2797,-40.1123
sensor, 0.0032,-0.0238,0.0087, -0.0012,0.0144,0.0015, 0.3098,0.3408,-0.5596,0.6890, 12.4374,3.6774,-39.4333
sensor, -0.0211,-0.0416,0.0172, -0.0012,0.0144,0.0015, 0.3098,0.3409,-0.5595,0.6891, 12.4374,3.6774,-39.4333
sensor, -0.0570,-0.0611,0.0176, -0.0023,0.0144,0.0005, 0.3098,0.3409,-0.5595,0.6890, 12.4374,3.6774,-39.4333
sensor, -0.0777,-0.0501,0.0600, -0.0055,0.0134,0.0015, 0.3098,0.3410,-0.5596,0.6889, 12.4374,3.6774,-39.4333
sensor, -0.0641,-0.0296,0.0445, -0.0087,0.0176,0.0015, 0.3098,0.3410,-0.5596,0.6889, 13.1348,0.8835,-40.1123
sensor, -0.0757,-0.0473,0.0577, -0.0087,0.0176,0.0015, 0.3101,0.3408,-0.5600,0.6885, 13.1348,0.8835,-40.1123
sensor, -0.0503,-0.0248,0.0104, -0.0087,0.0208,0.0015, 0.3101,0.3409,-0.5601,0.6884, 13.1348,0.8835,-40.1123
sensor, -0.0904,-0.0522,0.0464, -0.0076,0.0240,0.0015, 0.3101,0.3409,-0.5601,0.6884, 13.1348,0.8835,-40.1123
sensor, -0.0654,-0.0281,0.0472, -0.0076,0.0283,-0.0006, 0.3103,0.3409,-0.5603,0.6882, 11.7386,2.2797,-39.4333
sensor, -0.0923,-0.0543,0.0135, -0.0098,0.0336,0.0005, 0.3103,0.3410,-0.5603,0.6881, 11.7386,2.2797,-39.4333
sensor, -0.0507,-0.0524,0.0286, -0.0098,0.0368,0.0005, 0.3104,0.3410,-0.5604,0.6880, 11.7386,2.2797,-39.4333
sensor, -0.0177,-0.0545,-0.0168, -0.0119,0.0368,-0.0006, 0.3105,0.3411,-0.5604,0.6879, 11.7386,2.2797,-39.4333
sensor, 0.0011,-0.0211,0.0253, -0.0119,0.0368,-0.0006, 0.3105,0.3411,-0.5604,0.6879, 12.4374,3.6774,-40.1123
sensor, -0.0060,-0.0600,-0.0215, -0.0140,0.0389,0.0005, 0.3105,0.3413,-0.5604,0.6878, 12.4374,3.6774,-40.1123
sensor, -0.0172,-0.0202,-0.0042, -0.0183,0.0421,-0.0027, 0.3105,0.3413,-0.5604,0.6878, 12.4374,3.6774,-40.1123
sensor, 0.0147,-0.0113,-0.0463, -0.0225,0.0379,-0.0027, 0.3106,0.3414,-0.5605,0.6876, 12.4374,3.6774,-40.1123
sensor, -0.0264,-0.0252,-0.0476, -0.0225,0.0379,-0.0027, 0.3106,0.3414,-0.5605,0.6876, 11.0397,1.5808,-40.7913
sensor, -0.0020,-0.0390,-0.0519, -0.0225,0.0389,-0.0027, 0.3109,0.3414,-0.5609,0.6871, 11.0397,1.5808,-40.7913
sensor, -0.0341,-0.0455,-0.0194, -0.0247,0.0379,-0.0038, 0.3109,0.3414,-0.5609,0.6871, 11.0397,1.5808,-40.7913
sensor, -0.0170,-0.0507,0.0238, -0.0247,0.0357,-0.0027, 0.3110,0.3415,-0.5610,0.6870, 11.0397,1.5808,-40.7913
sensor, -0.0199,-0.0257,-0.0072, -0.0247,0.0379,0.0015, 0.3112,0.3415,-0.5613,0.6866, 12.4374,2.2797,-40.7913
sensor, 0.0096,-0.0278,-0.0489, -0.0279,0.0389,0.0047, 0.3112,0.3415,-0.5613,0.6866, 12.4374,2.2797,-40.7913
sensor, 0.0199,0.0065,0.0251, -0.0300,0.0389,0.0058, 0.3113,0.3417,-0.5613,0.6865, 12.4374,2.2797,-40.7913
sensor, 0.0435,0.0040,-0.0159, -0.0300,0.0421,0.0079, 0.3114,0.3417,-0.5613,0.6864, 12.4374,2.2797,-40.7913
sensor, 0.0340,0.0723,-0.0021, -0.0300,0.0421,0.0079, 0.3114,0.3417,-0.5613,0.6864, 12.4374,2.9785,-39.4333
sensor, 0.0454,0.0348,-0.0889, -0.0300,0.0432,0.0068, 0.3114,0.3418,-0.5614,0.6863, 12.4374,2.9785,-39.4333
sensor, 0.0578,0.0429,-0.0364, -0.0311,0.0421,0.0026, 0.3116,0.3419,-0.5614,0.6862, 12.4374,2.9785,-39.4333
sensor, 0.0587,0.0912,-0.0542, -0.0311,0.0400,-0.0038, 0.3116,0.3420,-0.5614,0.6861, 12.4374,2.9785,-39.4333
sensor, 0.0595,0.0474,-0.0242, -0.0289,0.0336,-0.0091, 0.3116,0.3420,-0.5614,0.6861, 12.4374,2.9785,-40.7913
sensor, 0.0691,0.0726,-0.0197, -0.0279,0.0315,-0.0113, 0.3117,0.3420,-0.5615,0.6860, 12.4374,2.9785,-40.7913
sensor, 0.0463,0.0389,-0.0505, -0.0279,0.0315,-0.0113, 0.3117,0.3421,-0.5615,0.6859, 12.4374,2.9785,-40.7913
sensor, 0.0102,0.0525,-0.0428, -0.0268,0.0283,-0.0113, 0.3118,0.3421,-0.5616,0.6859, 12.4374,2.9785,-40.7913
sensor, 0.0173,0.0135,-0.0189, -0.0236,0.0262,-0.0113, 0.3118,0.3422,-0.5616,0.6858, 13.8336,2.2797,-40.1123
sensor, -0.0161,0.0305,-0.0130, -0.0225,0.0240,-0.0134, 0.3119,0.3422,-0.5618,0.6856, 13.8336,2.2797,-40.1123
sensor, -0.0115,0.0372,0.0034, -0.0225,0.0262,-0.0113, 0.3119,0.3422,-0.5618,0.6855, 13.8336,2.2797,-40.1123
sensor, -0.0004,0.0439,-0.0008, -0.0225,0.0219,-0.0070, 0.3120,0.3422,-0.5619,0.6855, 13.8336,2.2797,-40.1123
sensor, -0.0024,0.0505,-0.0031, -0.0215,0.0219,-0.0049, 0.3119,0.3424,-0.5617,0.6855, 13.1348,4.3747,-40.7913
sensor, 0.0304,0.0374,-0.0111, -0.0204,0.0219,-0.0038, 0.3120,0.3424,-0.5617,0.6855, 13.1348,4.3747,-40.7913
sensor, -0.0069,0.0724,-0.0012, -0.0183,0.0230,-0.0017, 0.3120,0.3425,-0.5617,0.6855, 13.1348,4.3747,-40.7913
sensor, 0.0118,0.0446,-0.0075, -0.0140,0.0219,0.0005, 0.3120,0.3425,-0.5617,0.6855, 13.1348,4.3747,-40.7913
sensor, 0.0265,0.0243,-0.0174, -0.0119,0.0208,0.0005, 0.3120,0.3425,-0.5617,0.6855, 13.1348,3.6774,-40.1123
sensor, 0.0237,0.0434,-0.0128, -0.0108,0.0166,0.0015, 0.3120,0.3426,-0.5616,0.6855, 13.1348,3.6774,-40.1123
sensor, 0.0220,0.0664,-0.0034, -0.0044,0.0155,0.0026, 0.3120,0.3426,-0.5615,0.6855, 13.1348,3.6774,-40.1123
sensor, 0.0257,0.0926,-0.0020, -0.0012,0.0102,0.0026, 0.3120,0.3426,-0.5615,0.6856, 13.1348,3.6774,-40.1123
sensor, 0.0119,0.0589,0.0268, -0.0012,0.0102,0.0058, 0.3121,0.3426,-0.5614,0.6856, 13.8336,4.3747,-40.7913
sensor, -0.0126,0.0455,0.0145, 0.0030,0.0134,0.0047, 0.3120,0.3427,-0.5611,0.6858, 13.8336,4.3747,-40.7913
sensor, -0.0082,0.0036,0.0123, 0.0062,0.0091,0.0068, 0.3120,0.3427,-0.5611,0.6858, 13.8336,4.3747,-40.7913
sensor, -0.0292,0.0372,0.0238, 0.0094,0.0059,0.0068, 0.3120,0.3427,-0.5610,0.6859, 13.8336,4.3747,-40.7913
sensor, -0.0358,0.0125,0.0104, 0.0137,0.0102,0.0058, 0.3120,0.3427,-0.5610,0.6859, 13.1348,3.6774,-40.7913
sensor, -0.0070,-0.0171,0.0052, 0.0137,0.0123,0.0068, 0.3120,0.3428,-0.5608,0.6860, 13.1348,3.6774,-40.7913
sensor, -0.0188,-0.0059,0.0142, 0.0126,0.0091,0.0090, 0.3121,0.3428,-0.5608,0.6860, 13.1348,3.6774,-40.7913
sensor, -0.0353,-0.0218,0.0083, 0.0126,0.0091,0.0090, 0.3121,0.3428,-0.5608,0.6860, 13.1348,3.6774,-40.7913
sensor, 0.0214,0.0015,0.0070, 0.0137,0.0102,0.0111, 0.3121,0.3428,-0.5607,0.6860, 12.4374,2.2797,-40.1123
sensor, -0.0218,0.0032,-0.0331, 0.0169,0.0134,0.0111, 0.3122,0.3428,-0.5607,0.6860, 12.4374,2.2797,-40.1123
sensor, -0.0029,-0.0035,-0.0347, 0.0179,0.0112,0.0100, 0.3123,0.3428,-0.5607,0.6860, 12.4374,2.2797,-40.1123
sensor, 0.0117,-0.0139,-0.0307, 0.0169,0.0102,0.0111, 0.3123,0.3428,-0.5607,0.6860, 12.4374,2.2797,-40.1123
sensor, 0.0166,-0.0034,-0.0172, 0.0147,0.0112,0.0100, 0.3123,0.3428,-0.5606,0.6860, 12.4374,2.2797,-40.1123
sensor, 0.0116,0.0047,-0.0264, 0.0137,0.0080,0.0111, 0.3125,0.3428,-0.5607,0.6860, 12.4374,2.2797,-40.1123
sensor, -0.0171,0.0252,-0.0592, 0.0147,0.0059,0.0100, 0.3125,0.3428,-0.5606,0.6860, 12.4374,2.2797,-40.1123
sensor, -0.0044,-0.0219,-0.0585, 0.0137,0.0027,0.0111, 0.3125,0.3428,-0.5606,0.6860, 12.4374,2.2797,-40.1123
sensor, -0.0252,-0.0217,-0.0565, 0.0147,0.0017,0.0111, 0.3126,0.3428,-0.5606,0.6860, 14.5325,2.2797,-39.4333
sensor, -0.0430,-0.0248,-0.0107, 0.0126,0.0027,0.0122, 0.3126,0.3428,-0.5606,0.6860, 14.5325,2.2797,-39.4333
sensor, -0.0658,-0.0198,-0.0079, 0.0094,0.0006,0.0132, 0.3126,0.3428,-0.5606,0.6860, 14.5325,2.2797,-39.4333
sensor, -0.0922,-0.0274,-0.0009, 0.0083,0.0038,0.0154, 0.3127,0.3428,-0.5605,0.6860, 14.5325,2.2797,-39.4333
sensor, -0.0824,-0.0410,0.0160, 0.0083,0.0038,0.0154, 0.3126,0.3429,-0.5603,0.6862, 14.5325,3.6774,-39.4333
sensor, -0.0970,0.0087,0.0265, 0.0083,0.0059,0.0132, 0.3126,0.3429,-0.5602,0.6862, 14.5325,3.6774,-39.4333
sensor, -0.1179,0.0064,0.0045, 0.0062,0.0112,0.0132, 0.3127,0.3429,-0.5602,0.6862, 14.5325,3.6774,-39.4333
sensor, -0.1310,0.0158,0.0309, 0.0052,0.0144,0.0164, 0.3127,0.3429,-0.5601,0.6862, 14.5325,3.6774,-39.4333
sensor, -0.1105,0.0057,0.0395, 0.0052,0.0262,0.0154, 0.3128,0.3429,-0.5602,0.6861, 12.4374,2.2797,-38.7527
sensor, -0.0682,-0.0073,0.0139, 0.0052,0.0283,0.0154, 0.3129,0.3430,-0.5601,0.6861, 12.4374,2.2797,-38.7527
sensor, -0.0727,-0.0154,0.0109, 0.0052,0.0283,0.0154, 0.3129,0.3430,-0.5601,0.6861, 12.4374,2.2797,-38.7527
sensor, -0.0419,0.0094,0.0103, 0.0083,0.0315,0.0164, 0.3130,0.3430,-0.5600,0.6861, 12.4374,2.2797,-38.7527
sensor, -0.0546,0.0133,-0.0017, 0.0083,0.0326,0.0175, 0.3131,0.3431,-0.5598,0.6862, 13.1348,3.6774,-40.7913
sensor, -0.0399,-0.0062,-0.0166, 0.0094,0.0326,0.0186, 0.3131,0.3432,-0.5597,0.6862, 13.1348,3.6774,-40.7913
sensor, -0.0224,0.0058,-0.0318, 0.0094,0.0293,0.0175, 0.3132,0.3432,-0.5597,0.6862, 13.1348,3.6774,-40.7913
sensor, -0.0000,0.0211,-0.0197, 0.0094,0.0283,0.0175, 0.3133,0.3433,-0.5596,0.6862, 13.1348,3.6774,-40.7913
sensor, 0.0307,0.0094,-0.0115, 0.0105,0.0272,0.0207, 0.3135,0.3431,-0.5599,0.6860, 13.1348,0.8835,-39.4333
